Category,Subcategory,Scope,Rank,Player,Value,Context,IsActive
"Average Points per Game","Averages","All-Time (Reg and Post Season)",1,"Michael",2.03,"34 games",false
"Average Points per Game","Averages","All-Time (Reg and Post Season)",2,"Nick",2.00,"32 games",false
"Average Points per Game","Averages","All-Time (Reg and Post Season)",2,"Austin",2.00,"32 games",false
"Average Points per Game","Averages","All-Time (Reg and Post Season)",2,"Cody",2.00,"19 games",false
"Average Points per Game","Averages","All-Time (Reg and Post Season)",5,"Rachel M",1.76,"25 games",false
"Average Points per Game","Averages","All-Time (Reg and Post Season)",6,"Richie",1.74,"34 games",false
"Average Points per Game","Averages","All-Time (Reg and Post Season)",7,"Ashley",1.65,"31 games",false
"Average Points per Game","Averages","All-Time (Reg and Post Season)",8,"Sam",1.61,"18 games",false
"Average Points per Game","Averages","All-Time (Reg and Post Season)",9,"Rachel F",1.57,"30 games",false
"Average Points per Game","Averages","All-Time (Reg and Post Season)",10,"Jack M",1.54,"24 games",false
"Average Points per Game","Averages","All-Time (Reg and Post Season)",11,"Ian",1.53,"19 games",false
"Average Points per Game","Averages","All-Time (Reg and Post Season)",12,"Brian",1.50,"2 games",false
"Average Points per Game","Averages","All-Time (Reg and Post Season)",13,"Luke",1.38,"13 games",false
"Average Points per Game","Averages","All-Time (Reg and Post Season)",14,"Brittany",1.36,"11 games",false
"Average Points per Game","Averages","All-Time (Reg and Post Season)",15,"Carly",1.32,"25 games",false
"Average Points per Game","Averages","All-Time (Reg and Post Season)",16,"Dan",1.30,"30 games",false
"Average Points per Game","Averages","All-Time (Reg and Post Season)",17,"Josh",1.24,"29 games",false
"Average Points per Game","Averages","All-Time (Reg and Post Season)",18,"Tyler",1.22,"23 games",false
"Average Points per Game","Averages","All-Time (Reg and Post Season)",19,"Jennie",1.17,"6 games",false
"Average Points per Game","Averages","All-Time (Reg and Post Season)",20,"Jack C",1.09,"11 games",false
"Average Points per Game","Averages","All-Time (Reg and Post Season)",21,"Ryan",1.03,"30 games",false
"Average Points per Game","Averages","All-Time (Reg and Post Season)",22,"Becca",1.00,"6 games",false
"Average Points per Game","Averages","All-Time (Reg and Post Season)",23,"Steve",0.91,"23 games",false
"Average Points per Game","Averages","All-Time (Reg and Post Season)",24,"Emma",0.82,"17 games",false
"Average Points per Game","Averages","All-Time (Reg and Post Season)",25,"Allie",0.75,"16 games",false
"% of 1st Place Finishes (Min 5 Games)","Placement Rates","All-Time (Reg and Post Season)",1,"Michael",47.1%,"16/34",false
"% of 1st Place Finishes (Min 5 Games)","Placement Rates","All-Time (Reg and Post Season)",2,"Nick",40.6%,"13/32",false
"% of 1st Place Finishes (Min 5 Games)","Placement Rates","All-Time (Reg and Post Season)",2,"Austin",40.6%,"13/32",false
"% of 1st Place Finishes (Min 5 Games)","Placement Rates","All-Time (Reg and Post Season)",4,"Cody",36.8%,"7/19",false
"% of 1st Place Finishes (Min 5 Games)","Placement Rates","All-Time (Reg and Post Season)",5,"Richie",35.3%,"12/34",false
"% of 1st Place Finishes (Min 5 Games)","Placement Rates","All-Time (Reg and Post Season)",6,"Sam",33.3%,"6/18",false
"% of 1st Place Finishes (Min 5 Games)","Placement Rates","All-Time (Reg and Post Season)",7,"Ian",31.6%,"6/19",false
"% of 1st Place Finishes (Min 5 Games)","Placement Rates","All-Time (Reg and Post Season)",8,"Luke",30.8%,"4/13",false
"% of 1st Place Finishes (Min 5 Games)","Placement Rates","All-Time (Reg and Post Season)",9,"Rachel F",30.0%,"9/30",false
"% of 1st Place Finishes (Min 5 Games)","Placement Rates","All-Time (Reg and Post Season)",10,"Carly",28.0%,"7/25",false
"% of 1st Place Finishes (Min 5 Games)","Placement Rates","All-Time (Reg and Post Season)",10,"Rachel M",28.0%,"7/25",false
"% of 1st Place Finishes (Min 5 Games)","Placement Rates","All-Time (Reg and Post Season)",12,"Ashley",25.8%,"8/31",false
"% of 1st Place Finishes (Min 5 Games)","Placement Rates","All-Time (Reg and Post Season)",13,"Josh",24.1%,"7/29",false
"% of 1st Place Finishes (Min 5 Games)","Placement Rates","All-Time (Reg and Post Season)",14,"Brittany",18.2%,"2/11",false
"% of 1st Place Finishes (Min 5 Games)","Placement Rates","All-Time (Reg and Post Season)",15,"Dan",16.7%,"5/30",false
"% of 1st Place Finishes (Min 5 Games)","Placement Rates","All-Time (Reg and Post Season)",15,"Jack M",16.7%,"4/24",false
"% of 1st Place Finishes (Min 5 Games)","Placement Rates","All-Time (Reg and Post Season)",15,"Jennie",16.7%,"1/6",false
"% of 1st Place Finishes (Min 5 Games)","Placement Rates","All-Time (Reg and Post Season)",18,"Ryan",13.3%,"4/30",false
"% of 1st Place Finishes (Min 5 Games)","Placement Rates","All-Time (Reg and Post Season)",19,"Jack C",9.1%,"1/11",false
"% of 1st Place Finishes (Min 5 Games)","Placement Rates","All-Time (Reg and Post Season)",20,"Tyler",4.3%,"1/23",false
"% of 1st Place Finishes (Min 5 Games)","Placement Rates","All-Time (Reg and Post Season)",20,"Steve",4.3%,"1/23",false
"% of 1st Place Finishes (Min 5 Games)","Placement Rates","All-Time (Reg and Post Season)",22,"Becca",0.0%,"0/6",false
"% of 1st Place Finishes (Min 5 Games)","Placement Rates","All-Time (Reg and Post Season)",22,"Allie",0.0%,"0/16",false
"% of 1st Place Finishes (Min 5 Games)","Placement Rates","All-Time (Reg and Post Season)",22,"Emma",0.0%,"0/17",false
"% of 2nd Place Finishes (Min 5 Games)","Placement Rates","All-Time (Reg and Post Season)",1,"Tyler",43.5%,"10/23",false
"% of 2nd Place Finishes (Min 5 Games)","Placement Rates","All-Time (Reg and Post Season)",2,"Rachel M",40.0%,"10/25",false
"% of 2nd Place Finishes (Min 5 Games)","Placement Rates","All-Time (Reg and Post Season)",3,"Jack M",37.5%,"9/24",false
"% of 2nd Place Finishes (Min 5 Games)","Placement Rates","All-Time (Reg and Post Season)",4,"Becca",33.3%,"2/6",false
"% of 2nd Place Finishes (Min 5 Games)","Placement Rates","All-Time (Reg and Post Season)",5,"Ashley",32.3%,"10/31",false
"% of 2nd Place Finishes (Min 5 Games)","Placement Rates","All-Time (Reg and Post Season)",6,"Cody",31.6%,"6/19",false
"% of 2nd Place Finishes (Min 5 Games)","Placement Rates","All-Time (Reg and Post Season)",7,"Nick",31.3%,"10/32",false
"% of 2nd Place Finishes (Min 5 Games)","Placement Rates","All-Time (Reg and Post Season)",8,"Steve",30.4%,"7/23",false
"% of 2nd Place Finishes (Min 5 Games)","Placement Rates","All-Time (Reg and Post Season)",9,"Austin",28.1%,"9/32",false
"% of 2nd Place Finishes (Min 5 Games)","Placement Rates","All-Time (Reg and Post Season)",10,"Allie",25.0%,"4/16",false
"% of 2nd Place Finishes (Min 5 Games)","Placement Rates","All-Time (Reg and Post Season)",11,"Michael",23.5%,"8/34",false
"% of 2nd Place Finishes (Min 5 Games)","Placement Rates","All-Time (Reg and Post Season)",11,"Emma",23.5%,"4/17",false
"% of 2nd Place Finishes (Min 5 Games)","Placement Rates","All-Time (Reg and Post Season)",13,"Dan",23.3%,"7/30",false
"% of 2nd Place Finishes (Min 5 Games)","Placement Rates","All-Time (Reg and Post Season)",14,"Richie",20.6%,"7/34",false
"% of 2nd Place Finishes (Min 5 Games)","Placement Rates","All-Time (Reg and Post Season)",15,"Jack C",18.2%,"2/11",false
"% of 2nd Place Finishes (Min 5 Games)","Placement Rates","All-Time (Reg and Post Season)",15,"Brittany",18.2%,"2/11",false
"% of 2nd Place Finishes (Min 5 Games)","Placement Rates","All-Time (Reg and Post Season)",17,"Josh",17.2%,"5/29",false
"% of 2nd Place Finishes (Min 5 Games)","Placement Rates","All-Time (Reg and Post Season)",18,"Ryan",16.7%,"5/30",false
"% of 2nd Place Finishes (Min 5 Games)","Placement Rates","All-Time (Reg and Post Season)",18,"Rachel F",16.7%,"5/30",false
"% of 2nd Place Finishes (Min 5 Games)","Placement Rates","All-Time (Reg and Post Season)",18,"Jennie",16.7%,"1/6",false
"% of 2nd Place Finishes (Min 5 Games)","Placement Rates","All-Time (Reg and Post Season)",18,"Sam",16.7%,"3/18",false
"% of 2nd Place Finishes (Min 5 Games)","Placement Rates","All-Time (Reg and Post Season)",22,"Ian",15.8%,"3/19",false
"% of 2nd Place Finishes (Min 5 Games)","Placement Rates","All-Time (Reg and Post Season)",23,"Luke",15.4%,"2/13",false
"% of 2nd Place Finishes (Min 5 Games)","Placement Rates","All-Time (Reg and Post Season)",24,"Carly",12.0%,"3/25",false
"% of 3rd Place Finishes (Min 5 Games)","Placement Rates","All-Time (Reg and Post Season)",1,"Jack C",45.5%,"5/11",false
"% of 3rd Place Finishes (Min 5 Games)","Placement Rates","All-Time (Reg and Post Season)",1,"Brittany",45.5%,"5/11",false
"% of 3rd Place Finishes (Min 5 Games)","Placement Rates","All-Time (Reg and Post Season)",3,"Emma",35.3%,"6/17",false
"% of 3rd Place Finishes (Min 5 Games)","Placement Rates","All-Time (Reg and Post Season)",4,"Dan",33.3%,"10/30",false
"% of 3rd Place Finishes (Min 5 Games)","Placement Rates","All-Time (Reg and Post Season)",4,"Rachel F",33.3%,"10/30",false
"% of 3rd Place Finishes (Min 5 Games)","Placement Rates","All-Time (Reg and Post Season)",4,"Becca",33.3%,"2/6",false
"% of 3rd Place Finishes (Min 5 Games)","Placement Rates","All-Time (Reg and Post Season)",4,"Jennie",33.3%,"2/6",false
"% of 3rd Place Finishes (Min 5 Games)","Placement Rates","All-Time (Reg and Post Season)",8,"Ryan",30.0%,"9/30",false
"% of 3rd Place Finishes (Min 5 Games)","Placement Rates","All-Time (Reg and Post Season)",9,"Jack M",29.2%,"7/24",false
"% of 3rd Place Finishes (Min 5 Games)","Placement Rates","All-Time (Reg and Post Season)",10,"Sam",27.8%,"5/18",false
"% of 3rd Place Finishes (Min 5 Games)","Placement Rates","All-Time (Reg and Post Season)",11,"Richie",26.5%,"9/34",false
"% of 3rd Place Finishes (Min 5 Games)","Placement Rates","All-Time (Reg and Post Season)",12,"Cody",26.3%,"5/19",false
"% of 3rd Place Finishes (Min 5 Games)","Placement Rates","All-Time (Reg and Post Season)",12,"Ian",26.3%,"5/19",false
"% of 3rd Place Finishes (Min 5 Games)","Placement Rates","All-Time (Reg and Post Season)",14,"Allie",25.0%,"4/16",false
"% of 3rd Place Finishes (Min 5 Games)","Placement Rates","All-Time (Reg and Post Season)",15,"Carly",24.0%,"6/25",false
"% of 3rd Place Finishes (Min 5 Games)","Placement Rates","All-Time (Reg and Post Season)",16,"Ashley",22.6%,"7/31",false
"% of 3rd Place Finishes (Min 5 Games)","Placement Rates","All-Time (Reg and Post Season)",17,"Austin",21.9%,"7/32",false
"% of 3rd Place Finishes (Min 5 Games)","Placement Rates","All-Time (Reg and Post Season)",18,"Tyler",21.7%,"5/23",false
"% of 3rd Place Finishes (Min 5 Games)","Placement Rates","All-Time (Reg and Post Season)",19,"Steve",17.4%,"4/23",false
"% of 3rd Place Finishes (Min 5 Games)","Placement Rates","All-Time (Reg and Post Season)",20,"Josh",17.2%,"5/29",false
"% of 3rd Place Finishes (Min 5 Games)","Placement Rates","All-Time (Reg and Post Season)",21,"Nick",15.6%,"5/32",false
"% of 3rd Place Finishes (Min 5 Games)","Placement Rates","All-Time (Reg and Post Season)",22,"Luke",15.4%,"2/13",false
"% of 3rd Place Finishes (Min 5 Games)","Placement Rates","All-Time (Reg and Post Season)",23,"Michael",14.7%,"5/34",false
"% of 3rd Place Finishes (Min 5 Games)","Placement Rates","All-Time (Reg and Post Season)",24,"Rachel M",12.0%,"3/25",false
"% of 4th Place Finishes (Min 5 Games)","Placement Rates","All-Time (Reg and Post Season)",1,"Allie",50.0%,"8/16",false
"% of 4th Place Finishes (Min 5 Games)","Placement Rates","All-Time (Reg and Post Season)",2,"Steve",47.8%,"11/23",false
"% of 4th Place Finishes (Min 5 Games)","Placement Rates","All-Time (Reg and Post Season)",3,"Josh",41.4%,"12/29",false
"% of 4th Place Finishes (Min 5 Games)","Placement Rates","All-Time (Reg and Post Season)",4,"Emma",41.2%,"7/17",false
"% of 4th Place Finishes (Min 5 Games)","Placement Rates","All-Time (Reg and Post Season)",5,"Ryan",40.0%,"12/30",false
"% of 4th Place Finishes (Min 5 Games)","Placement Rates","All-Time (Reg and Post Season)",6,"Luke",38.5%,"5/13",false
"% of 4th Place Finishes (Min 5 Games)","Placement Rates","All-Time (Reg and Post Season)",7,"Carly",36.0%,"9/25",false
"% of 4th Place Finishes (Min 5 Games)","Placement Rates","All-Time (Reg and Post Season)",8,"Becca",33.3%,"2/6",false
"% of 4th Place Finishes (Min 5 Games)","Placement Rates","All-Time (Reg and Post Season)",8,"Jennie",33.3%,"2/6",false
"% of 4th Place Finishes (Min 5 Games)","Placement Rates","All-Time (Reg and Post Season)",10,"Tyler",30.4%,"7/23",false
"% of 4th Place Finishes (Min 5 Games)","Placement Rates","All-Time (Reg and Post Season)",11,"Jack C",27.3%,"3/11",false
"% of 4th Place Finishes (Min 5 Games)","Placement Rates","All-Time (Reg and Post Season)",12,"Dan",26.7%,"8/30",false
"% of 4th Place Finishes (Min 5 Games)","Placement Rates","All-Time (Reg and Post Season)",13,"Ian",26.3%,"5/19",false
"% of 4th Place Finishes (Min 5 Games)","Placement Rates","All-Time (Reg and Post Season)",14,"Sam",22.2%,"4/18",false
"% of 4th Place Finishes (Min 5 Games)","Placement Rates","All-Time (Reg and Post Season)",15,"Rachel F",20.0%,"6/30",false
"% of 4th Place Finishes (Min 5 Games)","Placement Rates","All-Time (Reg and Post Season)",15,"Rachel M",20.0%,"5/25",false
"% of 4th Place Finishes (Min 5 Games)","Placement Rates","All-Time (Reg and Post Season)",17,"Ashley",19.4%,"6/31",false
"% of 4th Place Finishes (Min 5 Games)","Placement Rates","All-Time (Reg and Post Season)",18,"Brittany",18.2%,"2/11",false
"% of 4th Place Finishes (Min 5 Games)","Placement Rates","All-Time (Reg and Post Season)",19,"Richie",17.6%,"6/34",false
"% of 4th Place Finishes (Min 5 Games)","Placement Rates","All-Time (Reg and Post Season)",20,"Jack M",16.7%,"4/24",false
"% of 4th Place Finishes (Min 5 Games)","Placement Rates","All-Time (Reg and Post Season)",21,"Michael",14.7%,"5/34",false
"% of 4th Place Finishes (Min 5 Games)","Placement Rates","All-Time (Reg and Post Season)",22,"Nick",12.5%,"4/32",false
"% of 4th Place Finishes (Min 5 Games)","Placement Rates","All-Time (Reg and Post Season)",23,"Austin",9.4%,"3/32",false
"% of 4th Place Finishes (Min 5 Games)","Placement Rates","All-Time (Reg and Post Season)",24,"Cody",5.3%,"1/19",false
"% of Top Half Finishes (Min 5 Games)","Placement Rates","All-Time (Reg and Post Season)",1,"Nick",71.9%,"23/32",false
"% of Top Half Finishes (Min 5 Games)","Placement Rates","All-Time (Reg and Post Season)",2,"Michael",70.6%,"24/34",false
"% of Top Half Finishes (Min 5 Games)","Placement Rates","All-Time (Reg and Post Season)",3,"Austin",68.8%,"22/32",false
"% of Top Half Finishes (Min 5 Games)","Placement Rates","All-Time (Reg and Post Season)",4,"Cody",68.4%,"13/19",false
"% of Top Half Finishes (Min 5 Games)","Placement Rates","All-Time (Reg and Post Season)",5,"Rachel M",68.0%,"17/25",false
"% of Top Half Finishes (Min 5 Games)","Placement Rates","All-Time (Reg and Post Season)",6,"Ashley",58.1%,"18/31",false
"% of Top Half Finishes (Min 5 Games)","Placement Rates","All-Time (Reg and Post Season)",7,"Richie",55.9%,"19/34",false
"% of Top Half Finishes (Min 5 Games)","Placement Rates","All-Time (Reg and Post Season)",8,"Jack M",54.2%,"13/24",false
"% of Top Half Finishes (Min 5 Games)","Placement Rates","All-Time (Reg and Post Season)",9,"Sam",50.0%,"9/18",false
"% of Top Half Finishes (Min 5 Games)","Placement Rates","All-Time (Reg and Post Season)",10,"Tyler",47.8%,"11/23",false
"% of Top Half Finishes (Min 5 Games)","Placement Rates","All-Time (Reg and Post Season)",11,"Ian",47.4%,"9/19",false
"% of Top Half Finishes (Min 5 Games)","Placement Rates","All-Time (Reg and Post Season)",12,"Rachel F",46.7%,"14/30",false
"% of Top Half Finishes (Min 5 Games)","Placement Rates","All-Time (Reg and Post Season)",13,"Luke",46.2%,"6/13",false
"% of Top Half Finishes (Min 5 Games)","Placement Rates","All-Time (Reg and Post Season)",14,"Josh",41.4%,"12/29",false
"% of Top Half Finishes (Min 5 Games)","Placement Rates","All-Time (Reg and Post Season)",15,"Dan",40.0%,"12/30",false
"% of Top Half Finishes (Min 5 Games)","Placement Rates","All-Time (Reg and Post Season)",15,"Carly",40.0%,"10/25",false
"% of Top Half Finishes (Min 5 Games)","Placement Rates","All-Time (Reg and Post Season)",17,"Brittany",36.4%,"4/11",false
"% of Top Half Finishes (Min 5 Games)","Placement Rates","All-Time (Reg and Post Season)",18,"Steve",34.8%,"8/23",false
"% of Top Half Finishes (Min 5 Games)","Placement Rates","All-Time (Reg and Post Season)",19,"Becca",33.3%,"2/6",false
"% of Top Half Finishes (Min 5 Games)","Placement Rates","All-Time (Reg and Post Season)",19,"Jennie",33.3%,"2/6",false
"% of Top Half Finishes (Min 5 Games)","Placement Rates","All-Time (Reg and Post Season)",21,"Ryan",30.0%,"9/30",false
"% of Top Half Finishes (Min 5 Games)","Placement Rates","All-Time (Reg and Post Season)",22,"Jack C",27.3%,"3/11",false
"% of Top Half Finishes (Min 5 Games)","Placement Rates","All-Time (Reg and Post Season)",23,"Allie",25.0%,"4/16",false
"% of Top Half Finishes (Min 5 Games)","Placement Rates","All-Time (Reg and Post Season)",24,"Emma",23.5%,"4/17",false
"% of Bottom Half Finishes (Min 5 Games)","Placement Rates","All-Time (Reg and Post Season)",1,"Emma",76.5%,"13/17",false
"% of Bottom Half Finishes (Min 5 Games)","Placement Rates","All-Time (Reg and Post Season)",2,"Allie",75.0%,"12/16",false
"% of Bottom Half Finishes (Min 5 Games)","Placement Rates","All-Time (Reg and Post Season)",3,"Jack C",72.7%,"8/11",false
"% of Bottom Half Finishes (Min 5 Games)","Placement Rates","All-Time (Reg and Post Season)",4,"Ryan",70.0%,"21/30",false
"% of Bottom Half Finishes (Min 5 Games)","Placement Rates","All-Time (Reg and Post Season)",5,"Becca",66.7%,"4/6",false
"% of Bottom Half Finishes (Min 5 Games)","Placement Rates","All-Time (Reg and Post Season)",5,"Jennie",66.7%,"4/6",false
"% of Bottom Half Finishes (Min 5 Games)","Placement Rates","All-Time (Reg and Post Season)",7,"Steve",65.2%,"15/23",false
"% of Bottom Half Finishes (Min 5 Games)","Placement Rates","All-Time (Reg and Post Season)",8,"Brittany",63.6%,"7/11",false
"% of Bottom Half Finishes (Min 5 Games)","Placement Rates","All-Time (Reg and Post Season)",9,"Dan",60.0%,"18/30",false
"% of Bottom Half Finishes (Min 5 Games)","Placement Rates","All-Time (Reg and Post Season)",9,"Carly",60.0%,"15/25",false
"% of Bottom Half Finishes (Min 5 Games)","Placement Rates","All-Time (Reg and Post Season)",11,"Josh",58.6%,"17/29",false
"% of Bottom Half Finishes (Min 5 Games)","Placement Rates","All-Time (Reg and Post Season)",12,"Luke",53.8%,"7/13",false
"% of Bottom Half Finishes (Min 5 Games)","Placement Rates","All-Time (Reg and Post Season)",13,"Rachel F",53.3%,"16/30",false
"% of Bottom Half Finishes (Min 5 Games)","Placement Rates","All-Time (Reg and Post Season)",14,"Ian",52.6%,"10/19",false
"% of Bottom Half Finishes (Min 5 Games)","Placement Rates","All-Time (Reg and Post Season)",15,"Tyler",52.2%,"12/23",false
"% of Bottom Half Finishes (Min 5 Games)","Placement Rates","All-Time (Reg and Post Season)",16,"Sam",50.0%,"9/18",false
"% of Bottom Half Finishes (Min 5 Games)","Placement Rates","All-Time (Reg and Post Season)",17,"Jack M",45.8%,"11/24",false
"% of Bottom Half Finishes (Min 5 Games)","Placement Rates","All-Time (Reg and Post Season)",18,"Richie",44.1%,"15/34",false
"% of Bottom Half Finishes (Min 5 Games)","Placement Rates","All-Time (Reg and Post Season)",19,"Ashley",41.9%,"13/31",false
"% of Bottom Half Finishes (Min 5 Games)","Placement Rates","All-Time (Reg and Post Season)",20,"Rachel M",32.0%,"8/25",false
"% of Bottom Half Finishes (Min 5 Games)","Placement Rates","All-Time (Reg and Post Season)",21,"Cody",31.6%,"6/19",false
"% of Bottom Half Finishes (Min 5 Games)","Placement Rates","All-Time (Reg and Post Season)",22,"Austin",31.3%,"10/32",false
"% of Bottom Half Finishes (Min 5 Games)","Placement Rates","All-Time (Reg and Post Season)",23,"Michael",29.4%,"10/34",false
"% of Bottom Half Finishes (Min 5 Games)","Placement Rates","All-Time (Reg and Post Season)",24,"Nick",28.1%,"9/32",false
"Points Leaders","Totals","All-Time (Reg and Post Season)",1,"Michael",69,,false
"Points Leaders","Totals","All-Time (Reg and Post Season)",2,"Nick",64,,false
"Points Leaders","Totals","All-Time (Reg and Post Season)",2,"Austin",64,,false
"Points Leaders","Totals","All-Time (Reg and Post Season)",4,"Richie",59,,false
"Points Leaders","Totals","All-Time (Reg and Post Season)",5,"Ashley",51,,false
"Points Leaders","Totals","All-Time (Reg and Post Season)",6,"Rachel F",47,,false
"Points Leaders","Totals","All-Time (Reg and Post Season)",7,"Rachel M",44,,false
"Points Leaders","Totals","All-Time (Reg and Post Season)",8,"Dan",39,,false
"Points Leaders","Totals","All-Time (Reg and Post Season)",9,"Cody",38,,false
"Points Leaders","Totals","All-Time (Reg and Post Season)",10,"Jack M",37,,false
"Points Leaders","Totals","All-Time (Reg and Post Season)",11,"Josh",36,,false
"Points Leaders","Totals","All-Time (Reg and Post Season)",12,"Carly",33,,false
"Points Leaders","Totals","All-Time (Reg and Post Season)",13,"Ryan",31,,false
"Points Leaders","Totals","All-Time (Reg and Post Season)",14,"Ian",29,,false
"Points Leaders","Totals","All-Time (Reg and Post Season)",14,"Sam",29,,false
"Points Leaders","Totals","All-Time (Reg and Post Season)",16,"Tyler",28,,false
"Points Leaders","Totals","All-Time (Reg and Post Season)",17,"Steve",21,,false
"Points Leaders","Totals","All-Time (Reg and Post Season)",18,"Luke",18,,false
"Points Leaders","Totals","All-Time (Reg and Post Season)",19,"Brittany",15,,false
"Points Leaders","Totals","All-Time (Reg and Post Season)",20,"Emma",14,,false
"Points Leaders","Totals","All-Time (Reg and Post Season)",21,"Allie",12,,false
"Points Leaders","Totals","All-Time (Reg and Post Season)",21,"Jack C",12,,false
"Points Leaders","Totals","All-Time (Reg and Post Season)",23,"Jennie",7,,false
"Points Leaders","Totals","All-Time (Reg and Post Season)",24,"Becca",6,,false
"Points Leaders","Totals","All-Time (Reg and Post Season)",25,"Brian",3,,false
"Most 1st Places","Totals","All-Time (Reg and Post Season)",1,"Michael",16,,false
"Most 1st Places","Totals","All-Time (Reg and Post Season)",2,"Nick",13,,false
"Most 1st Places","Totals","All-Time (Reg and Post Season)",2,"Austin",13,,false
"Most 1st Places","Totals","All-Time (Reg and Post Season)",4,"Richie",12,,false
"Most 1st Places","Totals","All-Time (Reg and Post Season)",5,"Rachel F",9,,false
"Most 1st Places","Totals","All-Time (Reg and Post Season)",6,"Ashley",8,,false
"Most 1st Places","Totals","All-Time (Reg and Post Season)",7,"Josh",7,,false
"Most 1st Places","Totals","All-Time (Reg and Post Season)",7,"Carly",7,,false
"Most 1st Places","Totals","All-Time (Reg and Post Season)",7,"Rachel M",7,,false
"Most 1st Places","Totals","All-Time (Reg and Post Season)",7,"Cody",7,,false
"Most 1st Places","Totals","All-Time (Reg and Post Season)",11,"Ian",6,,false
"Most 1st Places","Totals","All-Time (Reg and Post Season)",11,"Sam",6,,false
"Most 1st Places","Totals","All-Time (Reg and Post Season)",13,"Dan",5,,false
"Most 1st Places","Totals","All-Time (Reg and Post Season)",14,"Ryan",4,,false
"Most 1st Places","Totals","All-Time (Reg and Post Season)",14,"Luke",4,,false
"Most 1st Places","Totals","All-Time (Reg and Post Season)",14,"Jack M",4,,false
"Most 1st Places","Totals","All-Time (Reg and Post Season)",17,"Brittany",2,,false
"Most 1st Places","Totals","All-Time (Reg and Post Season)",18,"Brian",1,,false
"Most 1st Places","Totals","All-Time (Reg and Post Season)",18,"Tyler",1,,false
"Most 1st Places","Totals","All-Time (Reg and Post Season)",18,"Steve",1,,false
"Most 1st Places","Totals","All-Time (Reg and Post Season)",18,"Jennie",1,,false
"Most 1st Places","Totals","All-Time (Reg and Post Season)",18,"Jack C",1,,false
"Most 1st Places","Totals","All-Time (Reg and Post Season)",23,"Becca",0,,false
"Most 1st Places","Totals","All-Time (Reg and Post Season)",23,"Allie",0,,false
"Most 1st Places","Totals","All-Time (Reg and Post Season)",23,"Emma",0,,false
"Most 2nd Places","Totals","All-Time (Reg and Post Season)",1,"Nick",10,,false
"Most 2nd Places","Totals","All-Time (Reg and Post Season)",1,"Ashley",10,,false
"Most 2nd Places","Totals","All-Time (Reg and Post Season)",1,"Tyler",10,,false
"Most 2nd Places","Totals","All-Time (Reg and Post Season)",1,"Rachel M",10,,false
"Most 2nd Places","Totals","All-Time (Reg and Post Season)",5,"Austin",9,,false
"Most 2nd Places","Totals","All-Time (Reg and Post Season)",5,"Jack M",9,,false
"Most 2nd Places","Totals","All-Time (Reg and Post Season)",7,"Michael",8,,false
"Most 2nd Places","Totals","All-Time (Reg and Post Season)",8,"Dan",7,,false
"Most 2nd Places","Totals","All-Time (Reg and Post Season)",8,"Richie",7,,false
"Most 2nd Places","Totals","All-Time (Reg and Post Season)",8,"Steve",7,,false
"Most 2nd Places","Totals","All-Time (Reg and Post Season)",11,"Cody",6,,false
"Most 2nd Places","Totals","All-Time (Reg and Post Season)",12,"Ryan",5,,false
"Most 2nd Places","Totals","All-Time (Reg and Post Season)",12,"Josh",5,,false
"Most 2nd Places","Totals","All-Time (Reg and Post Season)",12,"Rachel F",5,,false
"Most 2nd Places","Totals","All-Time (Reg and Post Season)",15,"Allie",4,,false
"Most 2nd Places","Totals","All-Time (Reg and Post Season)",15,"Emma",4,,false
"Most 2nd Places","Totals","All-Time (Reg and Post Season)",17,"Carly",3,,false
"Most 2nd Places","Totals","All-Time (Reg and Post Season)",17,"Ian",3,,false
"Most 2nd Places","Totals","All-Time (Reg and Post Season)",17,"Sam",3,,false
"Most 2nd Places","Totals","All-Time (Reg and Post Season)",20,"Luke",2,,false
"Most 2nd Places","Totals","All-Time (Reg and Post Season)",20,"Becca",2,,false
"Most 2nd Places","Totals","All-Time (Reg and Post Season)",20,"Jack C",2,,false
"Most 2nd Places","Totals","All-Time (Reg and Post Season)",20,"Brittany",2,,false
"Most 2nd Places","Totals","All-Time (Reg and Post Season)",24,"Jennie",1,,false
"Most 2nd Places","Totals","All-Time (Reg and Post Season)",25,"Brian",0,,false
"Most 3rd Places","Totals","All-Time (Reg and Post Season)",1,"Dan",10,,false
"Most 3rd Places","Totals","All-Time (Reg and Post Season)",1,"Rachel F",10,,false
"Most 3rd Places","Totals","All-Time (Reg and Post Season)",3,"Ryan",9,,false
"Most 3rd Places","Totals","All-Time (Reg and Post Season)",3,"Richie",9,,false
"Most 3rd Places","Totals","All-Time (Reg and Post Season)",5,"Austin",7,,false
"Most 3rd Places","Totals","All-Time (Reg and Post Season)",5,"Ashley",7,,false
"Most 3rd Places","Totals","All-Time (Reg and Post Season)",5,"Jack M",7,,false
"Most 3rd Places","Totals","All-Time (Reg and Post Season)",8,"Carly",6,,false
"Most 3rd Places","Totals","All-Time (Reg and Post Season)",8,"Emma",6,,false
"Most 3rd Places","Totals","All-Time (Reg and Post Season)",10,"Josh",5,,false
"Most 3rd Places","Totals","All-Time (Reg and Post Season)",10,"Nick",5,,false
"Most 3rd Places","Totals","All-Time (Reg and Post Season)",10,"Michael",5,,false
"Most 3rd Places","Totals","All-Time (Reg and Post Season)",10,"Tyler",5,,false
"Most 3rd Places","Totals","All-Time (Reg and Post Season)",10,"Cody",5,,false
"Most 3rd Places","Totals","All-Time (Reg and Post Season)",10,"Ian",5,,false
"Most 3rd Places","Totals","All-Time (Reg and Post Season)",10,"Sam",5,,false
"Most 3rd Places","Totals","All-Time (Reg and Post Season)",10,"Jack C",5,,false
"Most 3rd Places","Totals","All-Time (Reg and Post Season)",10,"Brittany",5,,false
"Most 3rd Places","Totals","All-Time (Reg and Post Season)",19,"Allie",4,,false
"Most 3rd Places","Totals","All-Time (Reg and Post Season)",19,"Steve",4,,false
"Most 3rd Places","Totals","All-Time (Reg and Post Season)",21,"Rachel M",3,,false
"Most 3rd Places","Totals","All-Time (Reg and Post Season)",22,"Luke",2,,false
"Most 3rd Places","Totals","All-Time (Reg and Post Season)",22,"Becca",2,,false
"Most 3rd Places","Totals","All-Time (Reg and Post Season)",22,"Jennie",2,,false
"Most 3rd Places","Totals","All-Time (Reg and Post Season)",25,"Brian",0,,false
"Most 4th Places","Totals","All-Time (Reg and Post Season)",1,"Ryan",12,,false
"Most 4th Places","Totals","All-Time (Reg and Post Season)",1,"Josh",12,,false
"Most 4th Places","Totals","All-Time (Reg and Post Season)",3,"Steve",11,,false
"Most 4th Places","Totals","All-Time (Reg and Post Season)",4,"Carly",9,,false
"Most 4th Places","Totals","All-Time (Reg and Post Season)",5,"Dan",8,,false
"Most 4th Places","Totals","All-Time (Reg and Post Season)",5,"Allie",8,,false
"Most 4th Places","Totals","All-Time (Reg and Post Season)",7,"Tyler",7,,false
"Most 4th Places","Totals","All-Time (Reg and Post Season)",7,"Emma",7,,false
"Most 4th Places","Totals","All-Time (Reg and Post Season)",9,"Richie",6,,false
"Most 4th Places","Totals","All-Time (Reg and Post Season)",9,"Rachel F",6,,false
"Most 4th Places","Totals","All-Time (Reg and Post Season)",9,"Ashley",6,,false
"Most 4th Places","Totals","All-Time (Reg and Post Season)",12,"Michael",5,,false
"Most 4th Places","Totals","All-Time (Reg and Post Season)",12,"Luke",5,,false
"Most 4th Places","Totals","All-Time (Reg and Post Season)",12,"Rachel M",5,,false
"Most 4th Places","Totals","All-Time (Reg and Post Season)",12,"Ian",5,,false
"Most 4th Places","Totals","All-Time (Reg and Post Season)",16,"Nick",4,,false
"Most 4th Places","Totals","All-Time (Reg and Post Season)",16,"Jack M",4,,false
"Most 4th Places","Totals","All-Time (Reg and Post Season)",16,"Sam",4,,false
"Most 4th Places","Totals","All-Time (Reg and Post Season)",19,"Austin",3,,false
"Most 4th Places","Totals","All-Time (Reg and Post Season)",19,"Jack C",3,,false
"Most 4th Places","Totals","All-Time (Reg and Post Season)",21,"Becca",2,,false
"Most 4th Places","Totals","All-Time (Reg and Post Season)",21,"Jennie",2,,false
"Most 4th Places","Totals","All-Time (Reg and Post Season)",21,"Brittany",2,,false
"Most 4th Places","Totals","All-Time (Reg and Post Season)",24,"Brian",1,,false
"Most 4th Places","Totals","All-Time (Reg and Post Season)",24,"Cody",1,,false
"Top Half Finishes (1st/2nd)","Totals","All-Time (Reg and Post Season)",1,"Michael",24,,false
"Top Half Finishes (1st/2nd)","Totals","All-Time (Reg and Post Season)",2,"Nick",23,,false
"Top Half Finishes (1st/2nd)","Totals","All-Time (Reg and Post Season)",3,"Austin",22,,false
"Top Half Finishes (1st/2nd)","Totals","All-Time (Reg and Post Season)",4,"Richie",19,,false
"Top Half Finishes (1st/2nd)","Totals","All-Time (Reg and Post Season)",5,"Ashley",18,,false
"Top Half Finishes (1st/2nd)","Totals","All-Time (Reg and Post Season)",6,"Rachel M",17,,false
"Top Half Finishes (1st/2nd)","Totals","All-Time (Reg and Post Season)",7,"Rachel F",14,,false
"Top Half Finishes (1st/2nd)","Totals","All-Time (Reg and Post Season)",8,"Jack M",13,,false
"Top Half Finishes (1st/2nd)","Totals","All-Time (Reg and Post Season)",8,"Cody",13,,false
"Top Half Finishes (1st/2nd)","Totals","All-Time (Reg and Post Season)",10,"Dan",12,,false
"Top Half Finishes (1st/2nd)","Totals","All-Time (Reg and Post Season)",10,"Josh",12,,false
"Top Half Finishes (1st/2nd)","Totals","All-Time (Reg and Post Season)",12,"Tyler",11,,false
"Top Half Finishes (1st/2nd)","Totals","All-Time (Reg and Post Season)",13,"Carly",10,,false
"Top Half Finishes (1st/2nd)","Totals","All-Time (Reg and Post Season)",14,"Ryan",9,,false
"Top Half Finishes (1st/2nd)","Totals","All-Time (Reg and Post Season)",14,"Ian",9,,false
"Top Half Finishes (1st/2nd)","Totals","All-Time (Reg and Post Season)",14,"Sam",9,,false
"Top Half Finishes (1st/2nd)","Totals","All-Time (Reg and Post Season)",17,"Steve",8,,false
"Top Half Finishes (1st/2nd)","Totals","All-Time (Reg and Post Season)",18,"Luke",6,,false
"Top Half Finishes (1st/2nd)","Totals","All-Time (Reg and Post Season)",19,"Allie",4,,false
"Top Half Finishes (1st/2nd)","Totals","All-Time (Reg and Post Season)",19,"Emma",4,,false
"Top Half Finishes (1st/2nd)","Totals","All-Time (Reg and Post Season)",19,"Brittany",4,,false
"Top Half Finishes (1st/2nd)","Totals","All-Time (Reg and Post Season)",22,"Jack C",3,,false
"Top Half Finishes (1st/2nd)","Totals","All-Time (Reg and Post Season)",23,"Becca",2,,false
"Top Half Finishes (1st/2nd)","Totals","All-Time (Reg and Post Season)",23,"Jennie",2,,false
"Top Half Finishes (1st/2nd)","Totals","All-Time (Reg and Post Season)",25,"Brian",1,,false
"Bottom Half Finishes (3rd/4th)","Totals","All-Time (Reg and Post Season)",1,"Ryan",21,,false
"Bottom Half Finishes (3rd/4th)","Totals","All-Time (Reg and Post Season)",2,"Dan",18,,false
"Bottom Half Finishes (3rd/4th)","Totals","All-Time (Reg and Post Season)",3,"Josh",17,,false
"Bottom Half Finishes (3rd/4th)","Totals","All-Time (Reg and Post Season)",4,"Rachel F",16,,false
"Bottom Half Finishes (3rd/4th)","Totals","All-Time (Reg and Post Season)",5,"Richie",15,,false
"Bottom Half Finishes (3rd/4th)","Totals","All-Time (Reg and Post Season)",5,"Carly",15,,false
"Bottom Half Finishes (3rd/4th)","Totals","All-Time (Reg and Post Season)",5,"Steve",15,,false
"Bottom Half Finishes (3rd/4th)","Totals","All-Time (Reg and Post Season)",8,"Ashley",13,,false
"Bottom Half Finishes (3rd/4th)","Totals","All-Time (Reg and Post Season)",8,"Emma",13,,false
"Bottom Half Finishes (3rd/4th)","Totals","All-Time (Reg and Post Season)",10,"Allie",12,,false
"Bottom Half Finishes (3rd/4th)","Totals","All-Time (Reg and Post Season)",10,"Tyler",12,,false
"Bottom Half Finishes (3rd/4th)","Totals","All-Time (Reg and Post Season)",12,"Jack M",11,,false
"Bottom Half Finishes (3rd/4th)","Totals","All-Time (Reg and Post Season)",13,"Austin",10,,false
"Bottom Half Finishes (3rd/4th)","Totals","All-Time (Reg and Post Season)",13,"Michael",10,,false
"Bottom Half Finishes (3rd/4th)","Totals","All-Time (Reg and Post Season)",13,"Ian",10,,false
"Bottom Half Finishes (3rd/4th)","Totals","All-Time (Reg and Post Season)",16,"Nick",9,,false
"Bottom Half Finishes (3rd/4th)","Totals","All-Time (Reg and Post Season)",16,"Sam",9,,false
"Bottom Half Finishes (3rd/4th)","Totals","All-Time (Reg and Post Season)",18,"Rachel M",8,,false
"Bottom Half Finishes (3rd/4th)","Totals","All-Time (Reg and Post Season)",18,"Jack C",8,,false
"Bottom Half Finishes (3rd/4th)","Totals","All-Time (Reg and Post Season)",20,"Luke",7,,false
"Bottom Half Finishes (3rd/4th)","Totals","All-Time (Reg and Post Season)",20,"Brittany",7,,false
"Bottom Half Finishes (3rd/4th)","Totals","All-Time (Reg and Post Season)",22,"Cody",6,,false
"Bottom Half Finishes (3rd/4th)","Totals","All-Time (Reg and Post Season)",23,"Becca",4,,false
"Bottom Half Finishes (3rd/4th)","Totals","All-Time (Reg and Post Season)",23,"Jennie",4,,false
"Bottom Half Finishes (3rd/4th)","Totals","All-Time (Reg and Post Season)",25,"Brian",1,,false
"Longest Win Streak","Streaks (All-Time)","All-Time (Reg and Post Season)",1,"Austin",4,"2023 Week 6 - 2024 Week 2",false
"Longest Win Streak","Streaks (All-Time)","All-Time (Reg and Post Season)",1,"Michael",4,"2025 Week 6 - 2026 Week 1",false
"Longest Win Streak","Streaks (All-Time)","All-Time (Reg and Post Season)",3,"Nick",3,"2023 Week 3 - 2023 Week 5",false
"Longest Win Streak","Streaks (All-Time)","All-Time (Reg and Post Season)",3,"Richie",3,"2023 Week 5 - 2024 Week 1",false
"Longest Win Streak","Streaks (All-Time)","All-Time (Reg and Post Season)",3,"Ashley",3,"2024 Week 6 - 2025 Week 2",false
"Longest Win Streak","Streaks (All-Time)","All-Time (Reg and Post Season)",3,"Rachel M",3,"2025 Week 2 - 2025 Week 4",false
"Longest Win Streak","Streaks (All-Time)","All-Time (Reg and Post Season)",3,"Cody",3,"2026 Week 3 - Present",true
"Longest Win Streak","Streaks (All-Time)","All-Time (Reg and Post Season)",3,"Ian",3,"2025 Week 5 - 2025 Playoff 2",false
"Longest Win Streak","Streaks (All-Time)","All-Time (Reg and Post Season)",3,"Sam",3,"2025 Week 3 - 2025 Week 5",false
"Longest Win Streak","Streaks (All-Time)","All-Time (Reg and Post Season)",10,"Dan",2,"2025 Week 4 - 2025 Week 5",false
"Longest Win Streak","Streaks (All-Time)","All-Time (Reg and Post Season)",10,"Ryan",2,"2024 Week 2 - 2024 Week 3",false
"Longest Win Streak","Streaks (All-Time)","All-Time (Reg and Post Season)",10,"Josh",2,"2024 Week 4 - 2024 Week 5",false
"Longest Win Streak","Streaks (All-Time)","All-Time (Reg and Post Season)",10,"Rachel F",2,"2022 Week 3 - 2022 Week 4",false
"Longest Win Streak","Streaks (All-Time)","All-Time (Reg and Post Season)",10,"Carly",2,"2024 Week 6 - 2024 Playoff 2",false
"Longest Win Streak","Streaks (All-Time)","All-Time (Reg and Post Season)",10,"Brittany",2,"2025 Week 6 - 2026 Week 1",false
"Longest Win Streak","Streaks (All-Time)","All-Time (Reg and Post Season)",16,"Brian",1,"2022 Week 1",false
"Longest Win Streak","Streaks (All-Time)","All-Time (Reg and Post Season)",16,"Luke",1,"2022 Week 2",false
"Longest Win Streak","Streaks (All-Time)","All-Time (Reg and Post Season)",16,"Tyler",1,"2023 Week 4",false
"Longest Win Streak","Streaks (All-Time)","All-Time (Reg and Post Season)",16,"Jack M",1,"2024 Week 3",false
"Longest Win Streak","Streaks (All-Time)","All-Time (Reg and Post Season)",16,"Steve",1,"2025 Week 3",false
"Longest Win Streak","Streaks (All-Time)","All-Time (Reg and Post Season)",16,"Jennie",1,"2024 Week 6",false
"Longest Win Streak","Streaks (All-Time)","All-Time (Reg and Post Season)",16,"Jack C",1,"2026 Week 4",false
"Longest Win Streak","Streaks (All-Time)","All-Time (Reg and Post Season)",23,"Becca",0,,false
"Longest Win Streak","Streaks (All-Time)","All-Time (Reg and Post Season)",23,"Allie",0,,false
"Longest Win Streak","Streaks (All-Time)","All-Time (Reg and Post Season)",23,"Emma",0,,false
"Longest 2nd Place Streak","Streaks (All-Time)","All-Time (Reg and Post Season)",1,"Austin",5,"2025 Week 2 - 2025 Week 6",false
"Longest 2nd Place Streak","Streaks (All-Time)","All-Time (Reg and Post Season)",2,"Nick",3,"2024 Week 1 - 2024 Week 3",false
"Longest 2nd Place Streak","Streaks (All-Time)","All-Time (Reg and Post Season)",2,"Tyler",3,"2025 Week 2 - 2025 Week 4",false
"Longest 2nd Place Streak","Streaks (All-Time)","All-Time (Reg and Post Season)",2,"Rachel M",3,"2023 Week 2 - 2023 Week 4",false
"Longest 2nd Place Streak","Streaks (All-Time)","All-Time (Reg and Post Season)",2,"Cody",3,"2024 Week 6 - 2024 Championship",false
"Longest 2nd Place Streak","Streaks (All-Time)","All-Time (Reg and Post Season)",6,"Dan",2,"2022 Week 4 - 2022 Week 5",false
"Longest 2nd Place Streak","Streaks (All-Time)","All-Time (Reg and Post Season)",6,"Ryan",2,"2024 Week 4 - 2024 Week 5",false
"Longest 2nd Place Streak","Streaks (All-Time)","All-Time (Reg and Post Season)",6,"Michael",2,"2023 Week 6 - 2023 Championship",false
"Longest 2nd Place Streak","Streaks (All-Time)","All-Time (Reg and Post Season)",6,"Ashley",2,"2023 Week 5 - 2023 Week 6",false
"Longest 2nd Place Streak","Streaks (All-Time)","All-Time (Reg and Post Season)",6,"Jack M",2,"2026 Week 3 - 2026 Week 4",false
"Longest 2nd Place Streak","Streaks (All-Time)","All-Time (Reg and Post Season)",6,"Steve",2,"2023 Week 1 - 2023 Week 2",false
"Longest 2nd Place Streak","Streaks (All-Time)","All-Time (Reg and Post Season)",6,"Emma",2,"2024 Week 4 - 2024 Week 5",false
"Longest 2nd Place Streak","Streaks (All-Time)","All-Time (Reg and Post Season)",6,"Ian",2,"2026 Week 4 - Present",true
"Longest 2nd Place Streak","Streaks (All-Time)","All-Time (Reg and Post Season)",6,"Sam",2,"2025 Week 1 - 2025 Week 2",false
"Longest 2nd Place Streak","Streaks (All-Time)","All-Time (Reg and Post Season)",15,"Josh",1,"2022 Week 2 - Present",true
"Longest 2nd Place Streak","Streaks (All-Time)","All-Time (Reg and Post Season)",15,"Richie",1,"2022 Week 6",false
"Longest 2nd Place Streak","Streaks (All-Time)","All-Time (Reg and Post Season)",15,"Rachel F",1,"2024 Week 2",false
"Longest 2nd Place Streak","Streaks (All-Time)","All-Time (Reg and Post Season)",15,"Luke",1,"2022 Week 1",false
"Longest 2nd Place Streak","Streaks (All-Time)","All-Time (Reg and Post Season)",15,"Becca",1,"2022 Week 3",false
"Longest 2nd Place Streak","Streaks (All-Time)","All-Time (Reg and Post Season)",15,"Allie",1,"2022 Week 5",false
"Longest 2nd Place Streak","Streaks (All-Time)","All-Time (Reg and Post Season)",15,"Carly",1,"2023 Week 1",false
"Longest 2nd Place Streak","Streaks (All-Time)","All-Time (Reg and Post Season)",15,"Jennie",1,"2024 Week 1",false
"Longest 2nd Place Streak","Streaks (All-Time)","All-Time (Reg and Post Season)",15,"Jack C",1,"2025 Week 1",false
"Longest 2nd Place Streak","Streaks (All-Time)","All-Time (Reg and Post Season)",15,"Brittany",1,"2025 Week 1 - Present",true
"Longest 2nd Place Streak","Streaks (All-Time)","All-Time (Reg and Post Season)",25,"Brian",0,,false
"Longest 3rd Place Streak","Streaks (All-Time)","All-Time (Reg and Post Season)",1,"Ryan",4,"2023 Week 1 - 2023 Week 4",false
"Longest 3rd Place Streak","Streaks (All-Time)","All-Time (Reg and Post Season)",2,"Dan",3,"2026 Week 2 - 2026 Week 4",false
"Longest 3rd Place Streak","Streaks (All-Time)","All-Time (Reg and Post Season)",2,"Austin",3,"2022 Week 4 - 2022 Week 6",false
"Longest 3rd Place Streak","Streaks (All-Time)","All-Time (Reg and Post Season)",2,"Rachel F",3,"2023 Week 5 - 2024 Week 1",false
"Longest 3rd Place Streak","Streaks (All-Time)","All-Time (Reg and Post Season)",2,"Ashley",3,"2025 Week 4 - 2025 Week 6",false
"Longest 3rd Place Streak","Streaks (All-Time)","All-Time (Reg and Post Season)",2,"Sam",3,"2024 Week 4 - 2024 Week 6",false
"Longest 3rd Place Streak","Streaks (All-Time)","All-Time (Reg and Post Season)",2,"Brittany",3,"2025 Week 2 - 2025 Week 4",false
"Longest 3rd Place Streak","Streaks (All-Time)","All-Time (Reg and Post Season)",8,"Josh",2,"2026 Week 1 - 2026 Week 2",false
"Longest 3rd Place Streak","Streaks (All-Time)","All-Time (Reg and Post Season)",8,"Richie",2,"2022 Week 1 - 2022 Week 2",false
"Longest 3rd Place Streak","Streaks (All-Time)","All-Time (Reg and Post Season)",8,"Becca",2,"2022 Week 1 - 2022 Week 2",false
"Longest 3rd Place Streak","Streaks (All-Time)","All-Time (Reg and Post Season)",8,"Allie",2,"2022 Week 3 - 2022 Week 4",false
"Longest 3rd Place Streak","Streaks (All-Time)","All-Time (Reg and Post Season)",8,"Jack M",2,"2023 Week 6 - 2024 Week 1",false
"Longest 3rd Place Streak","Streaks (All-Time)","All-Time (Reg and Post Season)",8,"Cody",2,"2025 Week 2 - 2025 Week 3",false
"Longest 3rd Place Streak","Streaks (All-Time)","All-Time (Reg and Post Season)",8,"Jack C",2,"2025 Week 5 - 2025 Week 6",false
"Longest 3rd Place Streak","Streaks (All-Time)","All-Time (Reg and Post Season)",15,"Nick",1,"2023 Championship - Present",true
"Longest 3rd Place Streak","Streaks (All-Time)","All-Time (Reg and Post Season)",15,"Michael",1,"2022 Week 6",false
"Longest 3rd Place Streak","Streaks (All-Time)","All-Time (Reg and Post Season)",15,"Luke",1,"2022 Week 6",false
"Longest 3rd Place Streak","Streaks (All-Time)","All-Time (Reg and Post Season)",15,"Carly",1,"2023 Week 2 - Present",true
"Longest 3rd Place Streak","Streaks (All-Time)","All-Time (Reg and Post Season)",15,"Tyler",1,"2023 Week 2",false
"Longest 3rd Place Streak","Streaks (All-Time)","All-Time (Reg and Post Season)",15,"Rachel M",1,"2024 Week 3",false
"Longest 3rd Place Streak","Streaks (All-Time)","All-Time (Reg and Post Season)",15,"Steve",1,"2024 Week 1",false
"Longest 3rd Place Streak","Streaks (All-Time)","All-Time (Reg and Post Season)",15,"Emma",1,"2024 Week 3 - Present",true
"Longest 3rd Place Streak","Streaks (All-Time)","All-Time (Reg and Post Season)",15,"Jennie",1,"2024 Week 2",false
"Longest 3rd Place Streak","Streaks (All-Time)","All-Time (Reg and Post Season)",15,"Ian",1,"2024 Week 2",false
"Longest 3rd Place Streak","Streaks (All-Time)","All-Time (Reg and Post Season)",25,"Brian",0,,false
"Longest 4th Place Streak","Streaks (All-Time)","All-Time (Reg and Post Season)",1,"Steve",6,"2024 Week 2 - 2025 Week 1",false
"Longest 4th Place Streak","Streaks (All-Time)","All-Time (Reg and Post Season)",2,"Ryan",4,"2025 Week 5 - 2026 Week 2",false
"Longest 4th Place Streak","Streaks (All-Time)","All-Time (Reg and Post Season)",2,"Carly",4,"2025 Week 5 - 2026 Week 2",false
"Longest 4th Place Streak","Streaks (All-Time)","All-Time (Reg and Post Season)",4,"Josh",3,"2022 Week 6 - 2023 Week 2",false
"Longest 4th Place Streak","Streaks (All-Time)","All-Time (Reg and Post Season)",4,"Allie",3,"2023 Week 5 - 2024 Week 1",false
"Longest 4th Place Streak","Streaks (All-Time)","All-Time (Reg and Post Season)",6,"Nick",2,"2025 Week 1 - 2025 Week 2",false
"Longest 4th Place Streak","Streaks (All-Time)","All-Time (Reg and Post Season)",6,"Richie",2,"2026 Week 3 - 2026 Week 4",false
"Longest 4th Place Streak","Streaks (All-Time)","All-Time (Reg and Post Season)",6,"Rachel F",2,"2022 Week 1 - 2022 Week 2",false
"Longest 4th Place Streak","Streaks (All-Time)","All-Time (Reg and Post Season)",6,"Luke",2,"2023 Week 5 - 2023 Week 6",false
"Longest 4th Place Streak","Streaks (All-Time)","All-Time (Reg and Post Season)",6,"Becca",2,"2022 Week 4 - 2022 Week 5",false
"Longest 4th Place Streak","Streaks (All-Time)","All-Time (Reg and Post Season)",6,"Emma",2,"2024 Week 1 - 2024 Week 2",false
"Longest 4th Place Streak","Streaks (All-Time)","All-Time (Reg and Post Season)",6,"Sam",2,"2025 Week 6 - 2025 Playoff 2",false
"Longest 4th Place Streak","Streaks (All-Time)","All-Time (Reg and Post Season)",13,"Brian",1,"2022 Week 2",false
"Longest 4th Place Streak","Streaks (All-Time)","All-Time (Reg and Post Season)",13,"Dan",1,"2022 Week 2",false
"Longest 4th Place Streak","Streaks (All-Time)","All-Time (Reg and Post Season)",13,"Austin",1,"2023 Week 4",false
"Longest 4th Place Streak","Streaks (All-Time)","All-Time (Reg and Post Season)",13,"Michael",1,"2022 Week 5",false
"Longest 4th Place Streak","Streaks (All-Time)","All-Time (Reg and Post Season)",13,"Ashley",1,"2022 Week 1 - Present",true
"Longest 4th Place Streak","Streaks (All-Time)","All-Time (Reg and Post Season)",13,"Tyler",1,"2023 Week 1 - Present",true
"Longest 4th Place Streak","Streaks (All-Time)","All-Time (Reg and Post Season)",13,"Jack M",1,"2023 Week 2",false
"Longest 4th Place Streak","Streaks (All-Time)","All-Time (Reg and Post Season)",13,"Rachel M",1,"2023 Week 5 - Present",true
"Longest 4th Place Streak","Streaks (All-Time)","All-Time (Reg and Post Season)",13,"Cody",1,"2025 Week 4",false
"Longest 4th Place Streak","Streaks (All-Time)","All-Time (Reg and Post Season)",13,"Jennie",1,"2024 Week 3",false
"Longest 4th Place Streak","Streaks (All-Time)","All-Time (Reg and Post Season)",13,"Ian",1,"2024 Week 1",false
"Longest 4th Place Streak","Streaks (All-Time)","All-Time (Reg and Post Season)",13,"Jack C",1,"2025 Week 2",false
"Longest 4th Place Streak","Streaks (All-Time)","All-Time (Reg and Post Season)",13,"Brittany",1,"2025 Week 5",false
"Longest Streak w/o 4th","Streaks (All-Time)","All-Time (Reg and Post Season)",1,"Nick",18,"2022 Week 4 - 2024 Playoff 2",false
"Longest Streak w/o 4th","Streaks (All-Time)","All-Time (Reg and Post Season)",1,"Rachel F",18,"2023 Week 4 - 2026 Week 2",false
"Longest Streak w/o 4th","Streaks (All-Time)","All-Time (Reg and Post Season)",3,"Ashley",14,"2024 Week 5 - 2026 Week 4",false
"Longest Streak w/o 4th","Streaks (All-Time)","All-Time (Reg and Post Season)",4,"Michael",12,"2023 Week 2 - 2024 Week 6",false
"Longest Streak w/o 4th","Streaks (All-Time)","All-Time (Reg and Post Season)",5,"Austin",11,"2024 Playoff 1 - 2026 Week 3",false
"Longest Streak w/o 4th","Streaks (All-Time)","All-Time (Reg and Post Season)",5,"Cody",11,"2024 Week 1 - 2025 Week 3",false
"Longest Streak w/o 4th","Streaks (All-Time)","All-Time (Reg and Post Season)",7,"Ryan",10,"2022 Week 1 - 2023 Week 4",false
"Longest Streak w/o 4th","Streaks (All-Time)","All-Time (Reg and Post Season)",7,"Sam",10,"2024 Week 2 - 2025 Week 5",false
"Longest Streak w/o 4th","Streaks (All-Time)","All-Time (Reg and Post Season)",9,"Richie",8,"2022 Week 1 - 2023 Week 1",false
"Longest Streak w/o 4th","Streaks (All-Time)","All-Time (Reg and Post Season)",9,"Jack M",8,"2023 Week 3 - 2024 Week 4",false
"Longest Streak w/o 4th","Streaks (All-Time)","All-Time (Reg and Post Season)",9,"Rachel M",8,"2024 Week 5 - 2025 Week 6",false
"Longest Streak w/o 4th","Streaks (All-Time)","All-Time (Reg and Post Season)",12,"Josh",6,"2025 Week 6 - Present",true
"Longest Streak w/o 4th","Streaks (All-Time)","All-Time (Reg and Post Season)",12,"Carly",6,"2023 Week 5 - 2024 Week 4",false
"Longest Streak w/o 4th","Streaks (All-Time)","All-Time (Reg and Post Season)",12,"Tyler",6,"2025 Week 2 - 2026 Week 1",false
"Longest Streak w/o 4th","Streaks (All-Time)","All-Time (Reg and Post Season)",15,"Dan",5,"2022 Week 3 - 2023 Week 1",false
"Longest Streak w/o 4th","Streaks (All-Time)","All-Time (Reg and Post Season)",15,"Ian",5,"2024 Week 4 - 2025 Week 2",false
"Longest Streak w/o 4th","Streaks (All-Time)","All-Time (Reg and Post Season)",17,"Steve",4,"2025 Week 2 - 2025 Week 5",false
"Longest Streak w/o 4th","Streaks (All-Time)","All-Time (Reg and Post Season)",17,"Jack C",4,"2025 Week 5 - 2026 Week 2",false
"Longest Streak w/o 4th","Streaks (All-Time)","All-Time (Reg and Post Season)",17,"Brittany",4,"2025 Week 1 - 2025 Week 4",false
"Longest Streak w/o 4th","Streaks (All-Time)","All-Time (Reg and Post Season)",20,"Luke",3,"2022 Week 1 - 2022 Week 3",false
"Longest Streak w/o 4th","Streaks (All-Time)","All-Time (Reg and Post Season)",20,"Becca",3,"2022 Week 1 - 2022 Week 3",false
"Longest Streak w/o 4th","Streaks (All-Time)","All-Time (Reg and Post Season)",20,"Allie",3,"2022 Week 3 - 2022 Week 5",false
"Longest Streak w/o 4th","Streaks (All-Time)","All-Time (Reg and Post Season)",20,"Emma",3,"2024 Week 3 - 2024 Week 5",false
"Longest Streak w/o 4th","Streaks (All-Time)","All-Time (Reg and Post Season)",24,"Jennie",2,"2024 Week 1 - 2024 Week 2",false
"Longest Streak w/o 4th","Streaks (All-Time)","All-Time (Reg and Post Season)",25,"Brian",1,"2022 Week 1",false
"Longest Winless Streak","Streaks (All-Time)","All-Time (Reg and Post Season)",1,"Tyler",19,"2023 Week 5 - Present",true
"Longest Winless Streak","Streaks (All-Time)","All-Time (Reg and Post Season)",2,"Emma",17,"2024 Week 1 - Present",true
"Longest Winless Streak","Streaks (All-Time)","All-Time (Reg and Post Season)",3,"Allie",16,"2022 Week 3 - 2024 Week 6",false
"Longest Winless Streak","Streaks (All-Time)","All-Time (Reg and Post Season)",4,"Steve",14,"2023 Week 1 - 2025 Week 2",false
"Longest Winless Streak","Streaks (All-Time)","All-Time (Reg and Post Season)",5,"Ryan",13,"2022 Week 1 - 2024 Week 1",false
"Longest Winless Streak","Streaks (All-Time)","All-Time (Reg and Post Season)",6,"Dan",9,"2023 Week 1 - 2024 Week 3",false
"Longest Winless Streak","Streaks (All-Time)","All-Time (Reg and Post Season)",6,"Josh",9,"2024 Week 6 - 2026 Week 2",false
"Longest Winless Streak","Streaks (All-Time)","All-Time (Reg and Post Season)",6,"Jack C",9,"2025 Week 1 - 2026 Week 3",false
"Longest Winless Streak","Streaks (All-Time)","All-Time (Reg and Post Season)",9,"Jack M",8,"2023 Week 1 - 2024 Week 2",false
"Longest Winless Streak","Streaks (All-Time)","All-Time (Reg and Post Season)",10,"Cody",7,"2025 Week 2 - 2026 Week 2",false
"Longest Winless Streak","Streaks (All-Time)","All-Time (Reg and Post Season)",11,"Austin",6,"2025 Week 1 - 2025 Week 6",false
"Longest Winless Streak","Streaks (All-Time)","All-Time (Reg and Post Season)",11,"Richie",6,"2022 Week 6 - 2023 Week 4",false
"Longest Winless Streak","Streaks (All-Time)","All-Time (Reg and Post Season)",11,"Rachel F",6,"2025 Week 4 - 2026 Week 3",false
"Longest Winless Streak","Streaks (All-Time)","All-Time (Reg and Post Season)",11,"Becca",6,"2022 Week 1 - 2022 Week 6",false
"Longest Winless Streak","Streaks (All-Time)","All-Time (Reg and Post Season)",11,"Ashley",6,"2025 Week 3 - 2025 Championship",false
"Longest Winless Streak","Streaks (All-Time)","All-Time (Reg and Post Season)",11,"Carly",6,"2023 Week 1 - 2023 Week 6",false
"Longest Winless Streak","Streaks (All-Time)","All-Time (Reg and Post Season)",11,"Ian",6,"2024 Week 1 - 2024 Week 6",false
"Longest Winless Streak","Streaks (All-Time)","All-Time (Reg and Post Season)",11,"Sam",6,"2025 Week 6 - 2026 Week 4",false
"Longest Winless Streak","Streaks (All-Time)","All-Time (Reg and Post Season)",19,"Nick",5,"2023 Week 6 - 2024 Week 3",false
"Longest Winless Streak","Streaks (All-Time)","All-Time (Reg and Post Season)",19,"Michael",5,"2024 Week 3 - 2024 Playoff 2",false
"Longest Winless Streak","Streaks (All-Time)","All-Time (Reg and Post Season)",19,"Rachel M",5,"2023 Championship - 2024 Week 4",false
"Longest Winless Streak","Streaks (All-Time)","All-Time (Reg and Post Season)",19,"Jennie",5,"2024 Week 1 - 2024 Week 5",false
"Longest Winless Streak","Streaks (All-Time)","All-Time (Reg and Post Season)",19,"Brittany",5,"2025 Week 1 - 2025 Week 5",false
"Longest Winless Streak","Streaks (All-Time)","All-Time (Reg and Post Season)",24,"Luke",3,"2022 Week 6 - 2023 Week 1",false
"Longest Winless Streak","Streaks (All-Time)","All-Time (Reg and Post Season)",25,"Brian",1,"2022 Week 2",false
"Longest Top Half Streak (1st/2nd)","Streaks (All-Time)","All-Time (Reg and Post Season)",1,"Nick",10,"2022 Week 4 - 2023 Week 6",false
"Longest Top Half Streak (1st/2nd)","Streaks (All-Time)","All-Time (Reg and Post Season)",2,"Austin",8,"2025 Week 2 - 2026 Week 3",false
"Longest Top Half Streak (1st/2nd)","Streaks (All-Time)","All-Time (Reg and Post Season)",2,"Michael",8,"2023 Week 2 - 2024 Week 2",false
"Longest Top Half Streak (1st/2nd)","Streaks (All-Time)","All-Time (Reg and Post Season)",4,"Cody",6,"2024 Week 4 - 2025 Week 1",false
"Longest Top Half Streak (1st/2nd)","Streaks (All-Time)","All-Time (Reg and Post Season)",5,"Rachel F",5,"2024 Week 2 - 2024 Week 6",false
"Longest Top Half Streak (1st/2nd)","Streaks (All-Time)","All-Time (Reg and Post Season)",5,"Rachel M",5,"2025 Week 2 - 2025 Week 6",false
"Longest Top Half Streak (1st/2nd)","Streaks (All-Time)","All-Time (Reg and Post Season)",5,"Sam",5,"2025 Week 1 - 2025 Week 5",false
"Longest Top Half Streak (1st/2nd)","Streaks (All-Time)","All-Time (Reg and Post Season)",8,"Dan",4,"2022 Week 4 - 2023 Week 1",false
"Longest Top Half Streak (1st/2nd)","Streaks (All-Time)","All-Time (Reg and Post Season)",8,"Ryan",4,"2024 Week 2 - 2024 Week 5",false
"Longest Top Half Streak (1st/2nd)","Streaks (All-Time)","All-Time (Reg and Post Season)",8,"Richie",4,"2023 Week 5 - 2024 Week 2",false
"Longest Top Half Streak (1st/2nd)","Streaks (All-Time)","All-Time (Reg and Post Season)",8,"Ashley",4,"2024 Week 6 - 2025 Week 3",false
"Longest Top Half Streak (1st/2nd)","Streaks (All-Time)","All-Time (Reg and Post Season)",12,"Josh",3,"2026 Week 3 - Present",true
"Longest Top Half Streak (1st/2nd)","Streaks (All-Time)","All-Time (Reg and Post Season)",12,"Luke",3,"2022 Week 1 - 2022 Week 3",false
"Longest Top Half Streak (1st/2nd)","Streaks (All-Time)","All-Time (Reg and Post Season)",12,"Tyler",3,"2025 Week 2 - 2025 Week 4",false
"Longest Top Half Streak (1st/2nd)","Streaks (All-Time)","All-Time (Reg and Post Season)",12,"Jack M",3,"2024 Week 2 - 2024 Week 4",false
"Longest Top Half Streak (1st/2nd)","Streaks (All-Time)","All-Time (Reg and Post Season)",12,"Steve",3,"2025 Week 3 - 2025 Week 5",false
"Longest Top Half Streak (1st/2nd)","Streaks (All-Time)","All-Time (Reg and Post Season)",12,"Ian",3,"2025 Week 5 - 2025 Playoff 2",false
"Longest Top Half Streak (1st/2nd)","Streaks (All-Time)","All-Time (Reg and Post Season)",18,"Carly",2,"2024 Week 6 - 2024 Playoff 2",false
"Longest Top Half Streak (1st/2nd)","Streaks (All-Time)","All-Time (Reg and Post Season)",18,"Emma",2,"2024 Week 4 - 2024 Week 5",false
"Longest Top Half Streak (1st/2nd)","Streaks (All-Time)","All-Time (Reg and Post Season)",18,"Brittany",2,"2025 Week 6 - 2026 Week 1",false
"Longest Top Half Streak (1st/2nd)","Streaks (All-Time)","All-Time (Reg and Post Season)",21,"Brian",1,"2022 Week 1",false
"Longest Top Half Streak (1st/2nd)","Streaks (All-Time)","All-Time (Reg and Post Season)",21,"Becca",1,"2022 Week 3",false
"Longest Top Half Streak (1st/2nd)","Streaks (All-Time)","All-Time (Reg and Post Season)",21,"Allie",1,"2022 Week 5",false
"Longest Top Half Streak (1st/2nd)","Streaks (All-Time)","All-Time (Reg and Post Season)",21,"Jennie",1,"2024 Week 1",false
"Longest Top Half Streak (1st/2nd)","Streaks (All-Time)","All-Time (Reg and Post Season)",21,"Jack C",1,"2025 Week 1",false
"Longest Bottom Half Streak (3rd/4th)","Streaks (All-Time)","All-Time (Reg and Post Season)",1,"Steve",9,"2023 Week 6 - 2025 Week 2",false
"Longest Bottom Half Streak (3rd/4th)","Streaks (All-Time)","All-Time (Reg and Post Season)",2,"Dan",8,"2023 Week 2 - 2024 Week 3",false
"Longest Bottom Half Streak (3rd/4th)","Streaks (All-Time)","All-Time (Reg and Post Season)",3,"Ryan",7,"2023 Week 1 - 2024 Week 1",false
"Longest Bottom Half Streak (3rd/4th)","Streaks (All-Time)","All-Time (Reg and Post Season)",4,"Emma",5,"2024 Week 6 - 2025 Week 4",false
"Longest Bottom Half Streak (3rd/4th)","Streaks (All-Time)","All-Time (Reg and Post Season)",4,"Jack C",5,"2025 Week 2 - 2025 Week 6",false
"Longest Bottom Half Streak (3rd/4th)","Streaks (All-Time)","All-Time (Reg and Post Season)",6,"Allie",4,"2022 Week 6 - 2023 Week 3",false
"Longest Bottom Half Streak (3rd/4th)","Streaks (All-Time)","All-Time (Reg and Post Season)",6,"Carly",4,"2024 Championship - 2025 Week 3",false
"Longest Bottom Half Streak (3rd/4th)","Streaks (All-Time)","All-Time (Reg and Post Season)",6,"Jennie",4,"2024 Week 2 - 2024 Week 5",false
"Longest Bottom Half Streak (3rd/4th)","Streaks (All-Time)","All-Time (Reg and Post Season)",6,"Ian",4,"2024 Week 1 - 2024 Week 4",false
"Longest Bottom Half Streak (3rd/4th)","Streaks (All-Time)","All-Time (Reg and Post Season)",6,"Brittany",4,"2025 Week 2 - 2025 Week 5",false
"Longest Bottom Half Streak (3rd/4th)","Streaks (All-Time)","All-Time (Reg and Post Season)",11,"Josh",3,"2022 Week 6 - 2023 Week 2",false
"Longest Bottom Half Streak (3rd/4th)","Streaks (All-Time)","All-Time (Reg and Post Season)",11,"Nick",3,"2024 Playoff 2 - 2025 Week 2",false
"Longest Bottom Half Streak (3rd/4th)","Streaks (All-Time)","All-Time (Reg and Post Season)",11,"Austin",3,"2022 Week 4 - 2022 Week 6",false
"Longest Bottom Half Streak (3rd/4th)","Streaks (All-Time)","All-Time (Reg and Post Season)",11,"Richie",3,"2023 Week 2 - 2023 Week 4",false
"Longest Bottom Half Streak (3rd/4th)","Streaks (All-Time)","All-Time (Reg and Post Season)",11,"Rachel F",3,"2022 Week 5 - 2023 Week 1",false
"Longest Bottom Half Streak (3rd/4th)","Streaks (All-Time)","All-Time (Reg and Post Season)",11,"Luke",3,"2022 Week 6 - 2023 Week 1",false
"Longest Bottom Half Streak (3rd/4th)","Streaks (All-Time)","All-Time (Reg and Post Season)",11,"Ashley",3,"2025 Week 4 - 2025 Week 6",false
"Longest Bottom Half Streak (3rd/4th)","Streaks (All-Time)","All-Time (Reg and Post Season)",11,"Cody",3,"2025 Week 2 - 2025 Week 4",false
"Longest Bottom Half Streak (3rd/4th)","Streaks (All-Time)","All-Time (Reg and Post Season)",11,"Sam",3,"2024 Week 4 - 2024 Week 6",false
"Longest Bottom Half Streak (3rd/4th)","Streaks (All-Time)","All-Time (Reg and Post Season)",20,"Michael",2,"2022 Week 5 - 2022 Week 6",false
"Longest Bottom Half Streak (3rd/4th)","Streaks (All-Time)","All-Time (Reg and Post Season)",20,"Becca",2,"2022 Week 1 - 2022 Week 2",false
"Longest Bottom Half Streak (3rd/4th)","Streaks (All-Time)","All-Time (Reg and Post Season)",20,"Tyler",2,"2023 Week 1 - 2023 Week 2",false
"Longest Bottom Half Streak (3rd/4th)","Streaks (All-Time)","All-Time (Reg and Post Season)",20,"Jack M",2,"2023 Week 1 - 2023 Week 2",false
"Longest Bottom Half Streak (3rd/4th)","Streaks (All-Time)","All-Time (Reg and Post Season)",20,"Rachel M",2,"2024 Week 3 - Present",true
"Longest Bottom Half Streak (3rd/4th)","Streaks (All-Time)","All-Time (Reg and Post Season)",25,"Brian",1,"2022 Week 2",false
"Longest Streak Without Losing to a Man","Streaks (All-Time)","All-Time (Reg and Post Season)",1,"Ashley",5,"2024 Week 5 - 2025 Week 3",false
"Longest Streak Without Losing to a Man","Streaks (All-Time)","All-Time (Reg and Post Season)",2,"Rachel M",3,"2025 Week 2 - 2025 Week 4",false
"Longest Streak Without Losing to a Man","Streaks (All-Time)","All-Time (Reg and Post Season)",3,"Rachel F",2,"2022 Week 3 - 2022 Week 4",false
"Longest Streak Without Losing to a Man","Streaks (All-Time)","All-Time (Reg and Post Season)",3,"Carly",2,"2024 Week 6 - 2024 Playoff 2",false
"Longest Streak Without Losing to a Man","Streaks (All-Time)","All-Time (Reg and Post Season)",3,"Brittany",2,"2025 Week 6 - 2026 Week 1",false
"Longest Streak Without Losing to a Man","Streaks (All-Time)","All-Time (Reg and Post Season)",6,"Becca",1,"2022 Week 3",false
"Longest Streak Without Losing to a Man","Streaks (All-Time)","All-Time (Reg and Post Season)",6,"Allie",1,"2023 Week 6",false
"Longest Streak Without Losing to a Man","Streaks (All-Time)","All-Time (Reg and Post Season)",6,"Emma",1,"2024 Week 5",false
"Longest Streak Without Losing to a Man","Streaks (All-Time)","All-Time (Reg and Post Season)",6,"Jennie",1,"2024 Week 1",false
"Longest Streak Without Losing to a Woman","Streaks (All-Time)","All-Time (Reg and Post Season)",1,"Nick",7,"2023 Week 3 - 2024 Week 4",false
"Longest Streak Without Losing to a Woman","Streaks (All-Time)","All-Time (Reg and Post Season)",2,"Austin",6,"2022 Week 1 - 2023 Week 3",false
"Longest Streak Without Losing to a Woman","Streaks (All-Time)","All-Time (Reg and Post Season)",2,"Michael",6,"2025 Week 6 - Present",true
"Longest Streak Without Losing to a Woman","Streaks (All-Time)","All-Time (Reg and Post Season)",4,"Richie",5,"2024 Week 4 - 2024 Championship",false
"Longest Streak Without Losing to a Woman","Streaks (All-Time)","All-Time (Reg and Post Season)",5,"Luke",4,"2022 Week 5 - 2023 Week 6",false
"Longest Streak Without Losing to a Woman","Streaks (All-Time)","All-Time (Reg and Post Season)",5,"Sam",4,"2024 Week 3 - 2024 Week 6",false
"Longest Streak Without Losing to a Woman","Streaks (All-Time)","All-Time (Reg and Post Season)",7,"Dan",3,"2022 Week 4 - 2023 Week 3",false
"Longest Streak Without Losing to a Woman","Streaks (All-Time)","All-Time (Reg and Post Season)",7,"Ryan",3,"2024 Week 2 - 2024 Week 4",false
"Longest Streak Without Losing to a Woman","Streaks (All-Time)","All-Time (Reg and Post Season)",7,"Cody",3,"2024 Week 4 - 2024 Week 6",false
"Longest Streak Without Losing to a Woman","Streaks (All-Time)","All-Time (Reg and Post Season)",10,"Josh",2,"2022 Week 2 - 2022 Week 5",false
"Longest Streak Without Losing to a Woman","Streaks (All-Time)","All-Time (Reg and Post Season)",10,"Jack M",2,"2025 Week 1 - Present",true
"Longest Streak Without Losing to a Woman","Streaks (All-Time)","All-Time (Reg and Post Season)",10,"Ian",2,"2024 Week 4 - 2024 Week 5",false
"Longest Streak Without Losing to a Woman","Streaks (All-Time)","All-Time (Reg and Post Season)",13,"Tyler",1,"2024 Week 1",false
"Longest Streak Without Losing to a Woman","Streaks (All-Time)","All-Time (Reg and Post Season)",13,"Steve",1,"2025 Week 3",true
"Longest Streak Without Losing to a Woman","Streaks (All-Time)","All-Time (Reg and Post Season)",13,"Jack C",1,"2026 Week 2",true
"Active Win Streak","Streaks (Active)","All-Time (Reg and Post Season)",1,"Cody",3,"2026 Week 3 - Present",true
"Active Win Streak","Streaks (Active)","All-Time (Reg and Post Season)",2,"Dan",1,"2026 Week 5",true
"Active Win Streak","Streaks (Active)","All-Time (Reg and Post Season)",2,"Richie",1,"2026 Week 5",true
"Active Win Streak","Streaks (Active)","All-Time (Reg and Post Season)",2,"Michael",1,"2026 Week 5",true
"Active Win Streak","Streaks (Active)","All-Time (Reg and Post Season)",2,"Sam",1,"2026 Week 5",true
"Active 2nd Place Streak","Streaks (Active)","All-Time (Reg and Post Season)",1,"Ian",2,"2026 Week 4 - Present",true
"Active 2nd Place Streak","Streaks (Active)","All-Time (Reg and Post Season)",2,"Josh",1,"2026 Week 5",true
"Active 2nd Place Streak","Streaks (Active)","All-Time (Reg and Post Season)",2,"Austin",1,"2026 Week 5",true
"Active 2nd Place Streak","Streaks (Active)","All-Time (Reg and Post Season)",2,"Steve",1,"2026 Week 5",true
"Active 2nd Place Streak","Streaks (Active)","All-Time (Reg and Post Season)",2,"Brittany",1,"2026 Week 5",true
"Active 3rd Place Streak","Streaks (Active)","All-Time (Reg and Post Season)",1,"Nick",1,"2026 Week 5",true
"Active 3rd Place Streak","Streaks (Active)","All-Time (Reg and Post Season)",1,"Carly",1,"2026 Week 5",true
"Active 3rd Place Streak","Streaks (Active)","All-Time (Reg and Post Season)",1,"Jack M",1,"2026 Week 5",true
"Active 3rd Place Streak","Streaks (Active)","All-Time (Reg and Post Season)",1,"Emma",1,"2026 Week 5",true
"Active 3rd Place Streak","Streaks (Active)","All-Time (Reg and Post Season)",1,"Jack C",1,"2026 Week 5",true
"Active 4th Place Streak","Streaks (Active)","All-Time (Reg and Post Season)",1,"Ryan",1,"2026 Week 5",true
"Active 4th Place Streak","Streaks (Active)","All-Time (Reg and Post Season)",1,"Rachel F",1,"2026 Week 5",true
"Active 4th Place Streak","Streaks (Active)","All-Time (Reg and Post Season)",1,"Ashley",1,"2026 Week 5",true
"Active 4th Place Streak","Streaks (Active)","All-Time (Reg and Post Season)",1,"Tyler",1,"2026 Week 5",true
"Active 4th Place Streak","Streaks (Active)","All-Time (Reg and Post Season)",1,"Rachel M",1,"2026 Week 5",true
"Active Streak w/o 4th","Streaks (Active)","All-Time (Reg and Post Season)",1,"Nick",7,"2025 Week 5 - Present",true
"Active Streak w/o 4th","Streaks (Active)","All-Time (Reg and Post Season)",1,"Cody",7,"2025 Week 5 - Present",true
"Active Streak w/o 4th","Streaks (Active)","All-Time (Reg and Post Season)",3,"Josh",6,"2025 Week 6 - Present",true
"Active Streak w/o 4th","Streaks (Active)","All-Time (Reg and Post Season)",4,"Dan",4,"2026 Week 2 - Present",true
"Active Streak w/o 4th","Streaks (Active)","All-Time (Reg and Post Season)",4,"Jack M",4,"2026 Week 2 - Present",true
"Active Streak w/o 4th","Streaks (Active)","All-Time (Reg and Post Season)",6,"Carly",3,"2026 Week 3 - Present",true
"Active Streak w/o 4th","Streaks (Active)","All-Time (Reg and Post Season)",6,"Brittany",3,"2026 Week 3 - Present",true
"Active Streak w/o 4th","Streaks (Active)","All-Time (Reg and Post Season)",8,"Ian",2,"2026 Week 4 - Present",true
"Active Streak w/o 4th","Streaks (Active)","All-Time (Reg and Post Season)",8,"Sam",2,"2026 Week 4 - Present",true
"Active Streak w/o 4th","Streaks (Active)","All-Time (Reg and Post Season)",8,"Jack C",2,"2026 Week 4 - Present",true
"Active Streak w/o 4th","Streaks (Active)","All-Time (Reg and Post Season)",11,"Austin",1,"2026 Week 5",true
"Active Streak w/o 4th","Streaks (Active)","All-Time (Reg and Post Season)",11,"Richie",1,"2026 Week 5",true
"Active Streak w/o 4th","Streaks (Active)","All-Time (Reg and Post Season)",11,"Michael",1,"2026 Week 5",true
"Active Streak w/o 4th","Streaks (Active)","All-Time (Reg and Post Season)",11,"Steve",1,"2026 Week 5",true
"Active Streak w/o 4th","Streaks (Active)","All-Time (Reg and Post Season)",11,"Emma",1,"2026 Week 5",true
"Active Winless Streak","Streaks (Active)","All-Time (Reg and Post Season)",1,"Tyler",19,"2023 Week 5 - Present",true
"Active Winless Streak","Streaks (Active)","All-Time (Reg and Post Season)",2,"Emma",17,"2024 Week 1 - Present",true
"Active Winless Streak","Streaks (Active)","All-Time (Reg and Post Season)",3,"Steve",8,"2025 Week 4 - Present",true
"Active Winless Streak","Streaks (Active)","All-Time (Reg and Post Season)",4,"Brittany",4,"2026 Week 2 - Present",true
"Active Winless Streak","Streaks (Active)","All-Time (Reg and Post Season)",5,"Nick",3,"2026 Week 3 - Present",true
"Active Winless Streak","Streaks (Active)","All-Time (Reg and Post Season)",5,"Austin",3,"2026 Week 3 - Present",true
"Active Winless Streak","Streaks (Active)","All-Time (Reg and Post Season)",5,"Jack M",3,"2026 Week 3 - Present",true
"Active Winless Streak","Streaks (Active)","All-Time (Reg and Post Season)",5,"Rachel M",3,"2026 Week 3 - Present",true
"Active Winless Streak","Streaks (Active)","All-Time (Reg and Post Season)",5,"Ian",3,"2026 Week 3 - Present",true
"Active Winless Streak","Streaks (Active)","All-Time (Reg and Post Season)",10,"Ryan",2,"2026 Week 4 - Present",true
"Active Winless Streak","Streaks (Active)","All-Time (Reg and Post Season)",10,"Ashley",2,"2026 Week 4 - Present",true
"Active Winless Streak","Streaks (Active)","All-Time (Reg and Post Season)",12,"Josh",1,"2026 Week 5",true
"Active Winless Streak","Streaks (Active)","All-Time (Reg and Post Season)",12,"Rachel F",1,"2026 Week 5",true
"Active Winless Streak","Streaks (Active)","All-Time (Reg and Post Season)",12,"Carly",1,"2026 Week 5",true
"Active Winless Streak","Streaks (Active)","All-Time (Reg and Post Season)",12,"Jack C",1,"2026 Week 5",true
"Active Top Half Streak","Streaks (Active)","All-Time (Reg and Post Season)",1,"Cody",5,"2026 Week 1 - Present",true
"Active Top Half Streak","Streaks (Active)","All-Time (Reg and Post Season)",2,"Josh",3,"2026 Week 3 - Present",true
"Active Top Half Streak","Streaks (Active)","All-Time (Reg and Post Season)",3,"Ian",2,"2026 Week 4 - Present",true
"Active Top Half Streak","Streaks (Active)","All-Time (Reg and Post Season)",4,"Dan",1,"2026 Week 5",true
"Active Top Half Streak","Streaks (Active)","All-Time (Reg and Post Season)",4,"Austin",1,"2026 Week 5",true
"Active Top Half Streak","Streaks (Active)","All-Time (Reg and Post Season)",4,"Richie",1,"2026 Week 5",true
"Active Top Half Streak","Streaks (Active)","All-Time (Reg and Post Season)",4,"Michael",1,"2026 Week 5",true
"Active Top Half Streak","Streaks (Active)","All-Time (Reg and Post Season)",4,"Steve",1,"2026 Week 5",true
"Active Top Half Streak","Streaks (Active)","All-Time (Reg and Post Season)",4,"Sam",1,"2026 Week 5",true
"Active Top Half Streak","Streaks (Active)","All-Time (Reg and Post Season)",4,"Brittany",1,"2026 Week 5",true
"Active Bottom Half Streak","Streaks (Active)","All-Time (Reg and Post Season)",1,"Emma",3,"2026 Week 3 - Present",true
"Active Bottom Half Streak","Streaks (Active)","All-Time (Reg and Post Season)",2,"Ryan",2,"2026 Week 4 - Present",true
"Active Bottom Half Streak","Streaks (Active)","All-Time (Reg and Post Season)",2,"Rachel M",2,"2026 Week 4 - Present",true
"Active Bottom Half Streak","Streaks (Active)","All-Time (Reg and Post Season)",4,"Nick",1,"2026 Week 5",true
"Active Bottom Half Streak","Streaks (Active)","All-Time (Reg and Post Season)",4,"Rachel F",1,"2026 Week 5",true
"Active Bottom Half Streak","Streaks (Active)","All-Time (Reg and Post Season)",4,"Ashley",1,"2026 Week 5",true
"Active Bottom Half Streak","Streaks (Active)","All-Time (Reg and Post Season)",4,"Carly",1,"2026 Week 5",true
"Active Bottom Half Streak","Streaks (Active)","All-Time (Reg and Post Season)",4,"Tyler",1,"2026 Week 5",true
"Active Bottom Half Streak","Streaks (Active)","All-Time (Reg and Post Season)",4,"Jack M",1,"2026 Week 5",true
"Active Bottom Half Streak","Streaks (Active)","All-Time (Reg and Post Season)",4,"Jack C",1,"2026 Week 5",true
"Active Streak Without Losing to a Woman","Streaks (Active)","All-Time (Reg and Post Season)",1,"Michael",6,"2025 Week 6 - Present",true
"Active Streak Without Losing to a Woman","Streaks (Active)","All-Time (Reg and Post Season)",2,"Austin",4,"2026 Week 1 - Present",true
"Active Streak Without Losing to a Woman","Streaks (Active)","All-Time (Reg and Post Season)",3,"Dan",2,"2026 Week 3 - Present",true
"Active Streak Without Losing to a Woman","Streaks (Active)","All-Time (Reg and Post Season)",3,"Richie",2,"2026 Week 2 - Present",true
"Active Streak Without Losing to a Woman","Streaks (Active)","All-Time (Reg and Post Season)",3,"Jack M",2,"2026 Week 2 - Present",true
"Active Streak Without Losing to a Woman","Streaks (Active)","All-Time (Reg and Post Season)",3,"Cody",2,"2026 Week 3 - Present",true
"Active Streak Without Losing to a Woman","Streaks (Active)","All-Time (Reg and Post Season)",7,"Josh",1,"2026 Week 5",true
"Active Streak Without Losing to a Woman","Streaks (Active)","All-Time (Reg and Post Season)",7,"Steve",1,"2026 Week 5",true
"Active Streak Without Losing to a Woman","Streaks (Active)","All-Time (Reg and Post Season)",7,"Jack C",1,"2026 Week 5",true
"Fastest to 10 Career Points (# Games)","Speed Records","All-Time (Reg and Post Season)",1,"Michael",4,,false
"Fastest to 10 Career Points (# Games)","Speed Records","All-Time (Reg and Post Season)",2,"Nick",5,,false
"Fastest to 10 Career Points (# Games)","Speed Records","All-Time (Reg and Post Season)",2,"Luke",5,,false
"Fastest to 10 Career Points (# Games)","Speed Records","All-Time (Reg and Post Season)",2,"Cody",5,,false
"Fastest to 10 Career Points (# Games)","Speed Records","All-Time (Reg and Post Season)",5,"Dan",6,,false
"Fastest to 10 Career Points (# Games)","Speed Records","All-Time (Reg and Post Season)",5,"Richie",6,,false
"Fastest to 10 Career Points (# Games)","Speed Records","All-Time (Reg and Post Season)",5,"Rachel M",6,,false
"Fastest to 10 Career Points (# Games)","Speed Records","All-Time (Reg and Post Season)",8,"Ryan",7,,false
"Fastest to 10 Career Points (# Games)","Speed Records","All-Time (Reg and Post Season)",8,"Austin",7,,false
"Fastest to 10 Career Points (# Games)","Speed Records","All-Time (Reg and Post Season)",8,"Ashley",7,,false
"Fastest to 10 Career Points (# Games)","Speed Records","All-Time (Reg and Post Season)",8,"Carly",7,,false
"Fastest to 10 Career Points (# Games)","Speed Records","All-Time (Reg and Post Season)",8,"Sam",7,,false
"Fastest to 10 Career Points (# Games)","Speed Records","All-Time (Reg and Post Season)",8,"Brittany",7,,false
"Fastest to 10 Career Points (# Games)","Speed Records","All-Time (Reg and Post Season)",14,"Rachel F",8,,false
"Fastest to 10 Career Points (# Games)","Speed Records","All-Time (Reg and Post Season)",14,"Jack M",8,,false
"Fastest to 10 Career Points (# Games)","Speed Records","All-Time (Reg and Post Season)",16,"Tyler",9,,false
"Fastest to 10 Career Points (# Games)","Speed Records","All-Time (Reg and Post Season)",17,"Ian",10,,false
"Fastest to 10 Career Points (# Games)","Speed Records","All-Time (Reg and Post Season)",17,"Jack C",10,,false
"Fastest to 10 Career Points (# Games)","Speed Records","All-Time (Reg and Post Season)",19,"Josh",11,,false
"Fastest to 10 Career Points (# Games)","Speed Records","All-Time (Reg and Post Season)",20,"Allie",13,,false
"Fastest to 10 Career Points (# Games)","Speed Records","All-Time (Reg and Post Season)",20,"Emma",13,,false
"Fastest to 10 Career Points (# Games)","Speed Records","All-Time (Reg and Post Season)",22,"Steve",14,,false
"Fastest to 20 Career Points (# Games)","Speed Records","All-Time (Reg and Post Season)",1,"Nick",9,,false
"Fastest to 20 Career Points (# Games)","Speed Records","All-Time (Reg and Post Season)",1,"Cody",9,,false
"Fastest to 20 Career Points (# Games)","Speed Records","All-Time (Reg and Post Season)",3,"Michael",10,,false
"Fastest to 20 Career Points (# Games)","Speed Records","All-Time (Reg and Post Season)",4,"Sam",11,,false
"Fastest to 20 Career Points (# Games)","Speed Records","All-Time (Reg and Post Season)",5,"Austin",12,,false
"Fastest to 20 Career Points (# Games)","Speed Records","All-Time (Reg and Post Season)",5,"Rachel M",12,,false
"Fastest to 20 Career Points (# Games)","Speed Records","All-Time (Reg and Post Season)",7,"Richie",13,,false
"Fastest to 20 Career Points (# Games)","Speed Records","All-Time (Reg and Post Season)",7,"Ashley",13,,false
"Fastest to 20 Career Points (# Games)","Speed Records","All-Time (Reg and Post Season)",7,"Carly",13,,false
"Fastest to 20 Career Points (# Games)","Speed Records","All-Time (Reg and Post Season)",10,"Jack M",14,,false
"Fastest to 20 Career Points (# Games)","Speed Records","All-Time (Reg and Post Season)",11,"Rachel F",15,,false
"Fastest to 20 Career Points (# Games)","Speed Records","All-Time (Reg and Post Season)",11,"Ian",15,,false
"Fastest to 20 Career Points (# Games)","Speed Records","All-Time (Reg and Post Season)",13,"Ryan",16,,false
"Fastest to 20 Career Points (# Games)","Speed Records","All-Time (Reg and Post Season)",13,"Tyler",16,,false
"Fastest to 20 Career Points (# Games)","Speed Records","All-Time (Reg and Post Season)",15,"Dan",17,,false
"Fastest to 20 Career Points (# Games)","Speed Records","All-Time (Reg and Post Season)",15,"Josh",17,,false
"Fastest to 20 Career Points (# Games)","Speed Records","All-Time (Reg and Post Season)",17,"Steve",23,,false
"Fastest to 30 Career Points (# Games)","Speed Records","All-Time (Reg and Post Season)",1,"Nick",12,,false
"Fastest to 30 Career Points (# Games)","Speed Records","All-Time (Reg and Post Season)",2,"Michael",14,,false
"Fastest to 30 Career Points (# Games)","Speed Records","All-Time (Reg and Post Season)",3,"Austin",15,,false
"Fastest to 30 Career Points (# Games)","Speed Records","All-Time (Reg and Post Season)",4,"Richie",17,,false
"Fastest to 30 Career Points (# Games)","Speed Records","All-Time (Reg and Post Season)",4,"Rachel M",17,,false
"Fastest to 30 Career Points (# Games)","Speed Records","All-Time (Reg and Post Season)",4,"Cody",17,,false
"Fastest to 30 Career Points (# Games)","Speed Records","All-Time (Reg and Post Season)",7,"Rachel F",19,,false
"Fastest to 30 Career Points (# Games)","Speed Records","All-Time (Reg and Post Season)",7,"Ashley",19,,false
"Fastest to 30 Career Points (# Games)","Speed Records","All-Time (Reg and Post Season)",9,"Jack M",21,,false
"Fastest to 30 Career Points (# Games)","Speed Records","All-Time (Reg and Post Season)",10,"Dan",23,,false
"Fastest to 30 Career Points (# Games)","Speed Records","All-Time (Reg and Post Season)",11,"Carly",24,,false
"Fastest to 30 Career Points (# Games)","Speed Records","All-Time (Reg and Post Season)",12,"Josh",27,,false
"Fastest to 30 Career Points (# Games)","Speed Records","All-Time (Reg and Post Season)",13,"Ryan",28,,false
"Fastest to 40 Career Points (# Games)","Speed Records","All-Time (Reg and Post Season)",1,"Nick",18,,false
"Fastest to 40 Career Points (# Games)","Speed Records","All-Time (Reg and Post Season)",2,"Michael",19,,false
"Fastest to 40 Career Points (# Games)","Speed Records","All-Time (Reg and Post Season)",3,"Austin",20,,false
"Fastest to 40 Career Points (# Games)","Speed Records","All-Time (Reg and Post Season)",4,"Richie",22,,false
"Fastest to 40 Career Points (# Games)","Speed Records","All-Time (Reg and Post Season)",4,"Rachel M",22,,false
"Fastest to 40 Career Points (# Games)","Speed Records","All-Time (Reg and Post Season)",6,"Rachel F",24,,false
"Fastest to 40 Career Points (# Games)","Speed Records","All-Time (Reg and Post Season)",7,"Ashley",25,,false
"Fastest to 50 Career Points (# Games)","Speed Records","All-Time (Reg and Post Season)",1,"Nick",24,,false
"Fastest to 50 Career Points (# Games)","Speed Records","All-Time (Reg and Post Season)",2,"Austin",25,,false
"Fastest to 50 Career Points (# Games)","Speed Records","All-Time (Reg and Post Season)",2,"Michael",25,,false
"Fastest to 50 Career Points (# Games)","Speed Records","All-Time (Reg and Post Season)",4,"Richie",27,,false
"Fastest to 50 Career Points (# Games)","Speed Records","All-Time (Reg and Post Season)",5,"Ashley",30,,false
"Fastest to 60 Career Points (# Games)","Speed Records","All-Time (Reg and Post Season)",1,"Austin",29,,false
"Fastest to 60 Career Points (# Games)","Speed Records","All-Time (Reg and Post Season)",1,"Michael",29,,false
"Fastest to 60 Career Points (# Games)","Speed Records","All-Time (Reg and Post Season)",3,"Nick",30,,false
"Average Points per Game","Averages","All-Time (Regular Season)",1,"Nick",2.07,"29 games",false
"Average Points per Game","Averages","All-Time (Regular Season)",2,"Michael",2.00,"29 games",false
"Average Points per Game","Averages","All-Time (Regular Season)",2,"Cody",2.00,"17 games",false
"Average Points per Game","Averages","All-Time (Regular Season)",4,"Rachel M",1.91,"23 games",false
"Average Points per Game","Averages","All-Time (Regular Season)",5,"Austin",1.90,"29 games",false
"Average Points per Game","Averages","All-Time (Regular Season)",6,"Richie",1.79,"29 games",false
"Average Points per Game","Averages","All-Time (Regular Season)",7,"Sam",1.71,"17 games",false
"Average Points per Game","Averages","All-Time (Regular Season)",8,"Ashley",1.62,"29 games",false
"Average Points per Game","Averages","All-Time (Regular Season)",9,"Rachel F",1.59,"29 games",false
"Average Points per Game","Averages","All-Time (Regular Season)",10,"Jack M",1.57,"23 games",false
"Average Points per Game","Averages","All-Time (Regular Season)",11,"Ian",1.53,"17 games",false
"Average Points per Game","Averages","All-Time (Regular Season)",12,"Brian",1.50,"2 games",false
"Average Points per Game","Averages","All-Time (Regular Season)",12,"Luke",1.50,"12 games",false
"Average Points per Game","Averages","All-Time (Regular Season)",14,"Brittany",1.36,"11 games",false
"Average Points per Game","Averages","All-Time (Regular Season)",15,"Dan",1.31,"29 games",false
"Average Points per Game","Averages","All-Time (Regular Season)",16,"Carly",1.30,"23 games",false
"Average Points per Game","Averages","All-Time (Regular Season)",17,"Josh",1.24,"29 games",false
"Average Points per Game","Averages","All-Time (Regular Season)",18,"Tyler",1.22,"23 games",false
"Average Points per Game","Averages","All-Time (Regular Season)",19,"Jennie",1.17,"6 games",false
"Average Points per Game","Averages","All-Time (Regular Season)",20,"Jack C",1.09,"11 games",false
"Average Points per Game","Averages","All-Time (Regular Season)",21,"Ryan",1.07,"29 games",false
"Average Points per Game","Averages","All-Time (Regular Season)",22,"Becca",1.00,"6 games",false
"Average Points per Game","Averages","All-Time (Regular Season)",23,"Steve",0.91,"23 games",false
"Average Points per Game","Averages","All-Time (Regular Season)",24,"Emma",0.82,"17 games",false
"Average Points per Game","Averages","All-Time (Regular Season)",25,"Allie",0.75,"16 games",false
"% of 1st Place Finishes (Min 5 Games)","Placement Rates","All-Time (Regular Season)",1,"Nick",44.8%,"13/29",false
"% of 1st Place Finishes (Min 5 Games)","Placement Rates","All-Time (Regular Season)",1,"Michael",44.8%,"13/29",false
"% of 1st Place Finishes (Min 5 Games)","Placement Rates","All-Time (Regular Season)",3,"Richie",41.4%,"12/29",false
"% of 1st Place Finishes (Min 5 Games)","Placement Rates","All-Time (Regular Season)",4,"Cody",41.2%,"7/17",false
"% of 1st Place Finishes (Min 5 Games)","Placement Rates","All-Time (Regular Season)",5,"Sam",35.3%,"6/17",false
"% of 1st Place Finishes (Min 5 Games)","Placement Rates","All-Time (Regular Season)",6,"Austin",34.5%,"10/29",false
"% of 1st Place Finishes (Min 5 Games)","Placement Rates","All-Time (Regular Season)",7,"Luke",33.3%,"4/12",false
"% of 1st Place Finishes (Min 5 Games)","Placement Rates","All-Time (Regular Season)",8,"Rachel F",31.0%,"9/29",false
"% of 1st Place Finishes (Min 5 Games)","Placement Rates","All-Time (Regular Season)",9,"Rachel M",30.4%,"7/23",false
"% of 1st Place Finishes (Min 5 Games)","Placement Rates","All-Time (Regular Season)",10,"Ian",29.4%,"5/17",false
"% of 1st Place Finishes (Min 5 Games)","Placement Rates","All-Time (Regular Season)",11,"Ashley",27.6%,"8/29",false
"% of 1st Place Finishes (Min 5 Games)","Placement Rates","All-Time (Regular Season)",12,"Carly",26.1%,"6/23",false
"% of 1st Place Finishes (Min 5 Games)","Placement Rates","All-Time (Regular Season)",13,"Josh",24.1%,"7/29",false
"% of 1st Place Finishes (Min 5 Games)","Placement Rates","All-Time (Regular Season)",14,"Brittany",18.2%,"2/11",false
"% of 1st Place Finishes (Min 5 Games)","Placement Rates","All-Time (Regular Season)",15,"Jack M",17.4%,"4/23",false
"% of 1st Place Finishes (Min 5 Games)","Placement Rates","All-Time (Regular Season)",16,"Dan",17.2%,"5/29",false
"% of 1st Place Finishes (Min 5 Games)","Placement Rates","All-Time (Regular Season)",17,"Jennie",16.7%,"1/6",false
"% of 1st Place Finishes (Min 5 Games)","Placement Rates","All-Time (Regular Season)",18,"Ryan",13.8%,"4/29",false
"% of 1st Place Finishes (Min 5 Games)","Placement Rates","All-Time (Regular Season)",19,"Jack C",9.1%,"1/11",false
"% of 1st Place Finishes (Min 5 Games)","Placement Rates","All-Time (Regular Season)",20,"Tyler",4.3%,"1/23",false
"% of 1st Place Finishes (Min 5 Games)","Placement Rates","All-Time (Regular Season)",20,"Steve",4.3%,"1/23",false
"% of 1st Place Finishes (Min 5 Games)","Placement Rates","All-Time (Regular Season)",22,"Becca",0.0%,"0/6",false
"% of 1st Place Finishes (Min 5 Games)","Placement Rates","All-Time (Regular Season)",22,"Allie",0.0%,"0/16",false
"% of 1st Place Finishes (Min 5 Games)","Placement Rates","All-Time (Regular Season)",22,"Emma",0.0%,"0/17",false
"% of 2nd Place Finishes (Min 5 Games)","Placement Rates","All-Time (Regular Season)",1,"Tyler",43.5%,"10/23",false
"% of 2nd Place Finishes (Min 5 Games)","Placement Rates","All-Time (Regular Season)",1,"Rachel M",43.5%,"10/23",false
"% of 2nd Place Finishes (Min 5 Games)","Placement Rates","All-Time (Regular Season)",3,"Jack M",39.1%,"9/23",false
"% of 2nd Place Finishes (Min 5 Games)","Placement Rates","All-Time (Regular Season)",4,"Becca",33.3%,"2/6",false
"% of 2nd Place Finishes (Min 5 Games)","Placement Rates","All-Time (Regular Season)",5,"Nick",31.0%,"9/29",false
"% of 2nd Place Finishes (Min 5 Games)","Placement Rates","All-Time (Regular Season)",5,"Austin",31.0%,"9/29",false
"% of 2nd Place Finishes (Min 5 Games)","Placement Rates","All-Time (Regular Season)",7,"Steve",30.4%,"7/23",false
"% of 2nd Place Finishes (Min 5 Games)","Placement Rates","All-Time (Regular Season)",8,"Ashley",27.6%,"8/29",false
"% of 2nd Place Finishes (Min 5 Games)","Placement Rates","All-Time (Regular Season)",9,"Allie",25.0%,"4/16",false
"% of 2nd Place Finishes (Min 5 Games)","Placement Rates","All-Time (Regular Season)",10,"Dan",24.1%,"7/29",false
"% of 2nd Place Finishes (Min 5 Games)","Placement Rates","All-Time (Regular Season)",10,"Michael",24.1%,"7/29",false
"% of 2nd Place Finishes (Min 5 Games)","Placement Rates","All-Time (Regular Season)",12,"Cody",23.5%,"4/17",false
"% of 2nd Place Finishes (Min 5 Games)","Placement Rates","All-Time (Regular Season)",12,"Emma",23.5%,"4/17",false
"% of 2nd Place Finishes (Min 5 Games)","Placement Rates","All-Time (Regular Season)",14,"Jack C",18.2%,"2/11",false
"% of 2nd Place Finishes (Min 5 Games)","Placement Rates","All-Time (Regular Season)",14,"Brittany",18.2%,"2/11",false
"% of 2nd Place Finishes (Min 5 Games)","Placement Rates","All-Time (Regular Season)",16,"Ian",17.6%,"3/17",false
"% of 2nd Place Finishes (Min 5 Games)","Placement Rates","All-Time (Regular Season)",16,"Sam",17.6%,"3/17",false
"% of 2nd Place Finishes (Min 5 Games)","Placement Rates","All-Time (Regular Season)",18,"Ryan",17.2%,"5/29",false
"% of 2nd Place Finishes (Min 5 Games)","Placement Rates","All-Time (Regular Season)",18,"Josh",17.2%,"5/29",false
"% of 2nd Place Finishes (Min 5 Games)","Placement Rates","All-Time (Regular Season)",18,"Richie",17.2%,"5/29",false
"% of 2nd Place Finishes (Min 5 Games)","Placement Rates","All-Time (Regular Season)",18,"Rachel F",17.2%,"5/29",false
"% of 2nd Place Finishes (Min 5 Games)","Placement Rates","All-Time (Regular Season)",22,"Luke",16.7%,"2/12",false
"% of 2nd Place Finishes (Min 5 Games)","Placement Rates","All-Time (Regular Season)",22,"Jennie",16.7%,"1/6",false
"% of 2nd Place Finishes (Min 5 Games)","Placement Rates","All-Time (Regular Season)",24,"Carly",13.0%,"3/23",false
"% of 3rd Place Finishes (Min 5 Games)","Placement Rates","All-Time (Regular Season)",1,"Jack C",45.5%,"5/11",false
"% of 3rd Place Finishes (Min 5 Games)","Placement Rates","All-Time (Regular Season)",1,"Brittany",45.5%,"5/11",false
"% of 3rd Place Finishes (Min 5 Games)","Placement Rates","All-Time (Regular Season)",3,"Emma",35.3%,"6/17",false
"% of 3rd Place Finishes (Min 5 Games)","Placement Rates","All-Time (Regular Season)",4,"Becca",33.3%,"2/6",false
"% of 3rd Place Finishes (Min 5 Games)","Placement Rates","All-Time (Regular Season)",4,"Jennie",33.3%,"2/6",false
"% of 3rd Place Finishes (Min 5 Games)","Placement Rates","All-Time (Regular Season)",6,"Dan",31.0%,"9/29",false
"% of 3rd Place Finishes (Min 5 Games)","Placement Rates","All-Time (Regular Season)",6,"Ryan",31.0%,"9/29",false
"% of 3rd Place Finishes (Min 5 Games)","Placement Rates","All-Time (Regular Season)",6,"Rachel F",31.0%,"9/29",false
"% of 3rd Place Finishes (Min 5 Games)","Placement Rates","All-Time (Regular Season)",9,"Cody",29.4%,"5/17",false
"% of 3rd Place Finishes (Min 5 Games)","Placement Rates","All-Time (Regular Season)",9,"Ian",29.4%,"5/17",false
"% of 3rd Place Finishes (Min 5 Games)","Placement Rates","All-Time (Regular Season)",9,"Sam",29.4%,"5/17",false
"% of 3rd Place Finishes (Min 5 Games)","Placement Rates","All-Time (Regular Season)",12,"Carly",26.1%,"6/23",false
"% of 3rd Place Finishes (Min 5 Games)","Placement Rates","All-Time (Regular Season)",12,"Jack M",26.1%,"6/23",false
"% of 3rd Place Finishes (Min 5 Games)","Placement Rates","All-Time (Regular Season)",14,"Allie",25.0%,"4/16",false
"% of 3rd Place Finishes (Min 5 Games)","Placement Rates","All-Time (Regular Season)",15,"Austin",24.1%,"7/29",false
"% of 3rd Place Finishes (Min 5 Games)","Placement Rates","All-Time (Regular Season)",15,"Ashley",24.1%,"7/29",false
"% of 3rd Place Finishes (Min 5 Games)","Placement Rates","All-Time (Regular Season)",17,"Tyler",21.7%,"5/23",false
"% of 3rd Place Finishes (Min 5 Games)","Placement Rates","All-Time (Regular Season)",18,"Richie",20.7%,"6/29",false
"% of 3rd Place Finishes (Min 5 Games)","Placement Rates","All-Time (Regular Season)",19,"Steve",17.4%,"4/23",false
"% of 3rd Place Finishes (Min 5 Games)","Placement Rates","All-Time (Regular Season)",20,"Josh",17.2%,"5/29",false
"% of 3rd Place Finishes (Min 5 Games)","Placement Rates","All-Time (Regular Season)",20,"Michael",17.2%,"5/29",false
"% of 3rd Place Finishes (Min 5 Games)","Placement Rates","All-Time (Regular Season)",22,"Luke",16.7%,"2/12",false
"% of 3rd Place Finishes (Min 5 Games)","Placement Rates","All-Time (Regular Season)",23,"Rachel M",13.0%,"3/23",false
"% of 3rd Place Finishes (Min 5 Games)","Placement Rates","All-Time (Regular Season)",24,"Nick",10.3%,"3/29",false
"% of 4th Place Finishes (Min 5 Games)","Placement Rates","All-Time (Regular Season)",1,"Allie",50.0%,"8/16",false
"% of 4th Place Finishes (Min 5 Games)","Placement Rates","All-Time (Regular Season)",2,"Steve",47.8%,"11/23",false
"% of 4th Place Finishes (Min 5 Games)","Placement Rates","All-Time (Regular Season)",3,"Josh",41.4%,"12/29",false
"% of 4th Place Finishes (Min 5 Games)","Placement Rates","All-Time (Regular Season)",4,"Emma",41.2%,"7/17",false
"% of 4th Place Finishes (Min 5 Games)","Placement Rates","All-Time (Regular Season)",5,"Ryan",37.9%,"11/29",false
"% of 4th Place Finishes (Min 5 Games)","Placement Rates","All-Time (Regular Season)",6,"Carly",34.8%,"8/23",false
"% of 4th Place Finishes (Min 5 Games)","Placement Rates","All-Time (Regular Season)",7,"Luke",33.3%,"4/12",false
"% of 4th Place Finishes (Min 5 Games)","Placement Rates","All-Time (Regular Season)",7,"Becca",33.3%,"2/6",false
"% of 4th Place Finishes (Min 5 Games)","Placement Rates","All-Time (Regular Season)",7,"Jennie",33.3%,"2/6",false
"% of 4th Place Finishes (Min 5 Games)","Placement Rates","All-Time (Regular Season)",10,"Tyler",30.4%,"7/23",false
"% of 4th Place Finishes (Min 5 Games)","Placement Rates","All-Time (Regular Season)",11,"Dan",27.6%,"8/29",false
"% of 4th Place Finishes (Min 5 Games)","Placement Rates","All-Time (Regular Season)",12,"Jack C",27.3%,"3/11",false
"% of 4th Place Finishes (Min 5 Games)","Placement Rates","All-Time (Regular Season)",13,"Ian",23.5%,"4/17",false
"% of 4th Place Finishes (Min 5 Games)","Placement Rates","All-Time (Regular Season)",14,"Richie",20.7%,"6/29",false
"% of 4th Place Finishes (Min 5 Games)","Placement Rates","All-Time (Regular Season)",14,"Rachel F",20.7%,"6/29",false
"% of 4th Place Finishes (Min 5 Games)","Placement Rates","All-Time (Regular Season)",14,"Ashley",20.7%,"6/29",false
"% of 4th Place Finishes (Min 5 Games)","Placement Rates","All-Time (Regular Season)",17,"Brittany",18.2%,"2/11",false
"% of 4th Place Finishes (Min 5 Games)","Placement Rates","All-Time (Regular Season)",18,"Sam",17.6%,"3/17",false
"% of 4th Place Finishes (Min 5 Games)","Placement Rates","All-Time (Regular Season)",19,"Jack M",17.4%,"4/23",false
"% of 4th Place Finishes (Min 5 Games)","Placement Rates","All-Time (Regular Season)",20,"Nick",13.8%,"4/29",false
"% of 4th Place Finishes (Min 5 Games)","Placement Rates","All-Time (Regular Season)",20,"Michael",13.8%,"4/29",false
"% of 4th Place Finishes (Min 5 Games)","Placement Rates","All-Time (Regular Season)",22,"Rachel M",13.0%,"3/23",false
"% of 4th Place Finishes (Min 5 Games)","Placement Rates","All-Time (Regular Season)",23,"Austin",10.3%,"3/29",false
"% of 4th Place Finishes (Min 5 Games)","Placement Rates","All-Time (Regular Season)",24,"Cody",5.9%,"1/17",false
"% of Top Half Finishes (Min 5 Games)","Placement Rates","All-Time (Regular Season)",1,"Nick",75.9%,"22/29",false
"% of Top Half Finishes (Min 5 Games)","Placement Rates","All-Time (Regular Season)",2,"Rachel M",73.9%,"17/23",false
"% of Top Half Finishes (Min 5 Games)","Placement Rates","All-Time (Regular Season)",3,"Michael",69.0%,"20/29",false
"% of Top Half Finishes (Min 5 Games)","Placement Rates","All-Time (Regular Season)",4,"Austin",65.5%,"19/29",false
"% of Top Half Finishes (Min 5 Games)","Placement Rates","All-Time (Regular Season)",5,"Cody",64.7%,"11/17",false
"% of Top Half Finishes (Min 5 Games)","Placement Rates","All-Time (Regular Season)",6,"Richie",58.6%,"17/29",false
"% of Top Half Finishes (Min 5 Games)","Placement Rates","All-Time (Regular Season)",7,"Jack M",56.5%,"13/23",false
"% of Top Half Finishes (Min 5 Games)","Placement Rates","All-Time (Regular Season)",8,"Ashley",55.2%,"16/29",false
"% of Top Half Finishes (Min 5 Games)","Placement Rates","All-Time (Regular Season)",9,"Sam",52.9%,"9/17",false
"% of Top Half Finishes (Min 5 Games)","Placement Rates","All-Time (Regular Season)",10,"Luke",50.0%,"6/12",false
"% of Top Half Finishes (Min 5 Games)","Placement Rates","All-Time (Regular Season)",11,"Rachel F",48.3%,"14/29",false
"% of Top Half Finishes (Min 5 Games)","Placement Rates","All-Time (Regular Season)",12,"Tyler",47.8%,"11/23",false
"% of Top Half Finishes (Min 5 Games)","Placement Rates","All-Time (Regular Season)",13,"Ian",47.1%,"8/17",false
"% of Top Half Finishes (Min 5 Games)","Placement Rates","All-Time (Regular Season)",14,"Dan",41.4%,"12/29",false
"% of Top Half Finishes (Min 5 Games)","Placement Rates","All-Time (Regular Season)",14,"Josh",41.4%,"12/29",false
"% of Top Half Finishes (Min 5 Games)","Placement Rates","All-Time (Regular Season)",16,"Carly",39.1%,"9/23",false
"% of Top Half Finishes (Min 5 Games)","Placement Rates","All-Time (Regular Season)",17,"Brittany",36.4%,"4/11",false
"% of Top Half Finishes (Min 5 Games)","Placement Rates","All-Time (Regular Season)",18,"Steve",34.8%,"8/23",false
"% of Top Half Finishes (Min 5 Games)","Placement Rates","All-Time (Regular Season)",19,"Becca",33.3%,"2/6",false
"% of Top Half Finishes (Min 5 Games)","Placement Rates","All-Time (Regular Season)",19,"Jennie",33.3%,"2/6",false
"% of Top Half Finishes (Min 5 Games)","Placement Rates","All-Time (Regular Season)",21,"Ryan",31.0%,"9/29",false
"% of Top Half Finishes (Min 5 Games)","Placement Rates","All-Time (Regular Season)",22,"Jack C",27.3%,"3/11",false
"% of Top Half Finishes (Min 5 Games)","Placement Rates","All-Time (Regular Season)",23,"Allie",25.0%,"4/16",false
"% of Top Half Finishes (Min 5 Games)","Placement Rates","All-Time (Regular Season)",24,"Emma",23.5%,"4/17",false
"% of Bottom Half Finishes (Min 5 Games)","Placement Rates","All-Time (Regular Season)",1,"Emma",76.5%,"13/17",false
"% of Bottom Half Finishes (Min 5 Games)","Placement Rates","All-Time (Regular Season)",2,"Allie",75.0%,"12/16",false
"% of Bottom Half Finishes (Min 5 Games)","Placement Rates","All-Time (Regular Season)",3,"Jack C",72.7%,"8/11",false
"% of Bottom Half Finishes (Min 5 Games)","Placement Rates","All-Time (Regular Season)",4,"Ryan",69.0%,"20/29",false
"% of Bottom Half Finishes (Min 5 Games)","Placement Rates","All-Time (Regular Season)",5,"Becca",66.7%,"4/6",false
"% of Bottom Half Finishes (Min 5 Games)","Placement Rates","All-Time (Regular Season)",5,"Jennie",66.7%,"4/6",false
"% of Bottom Half Finishes (Min 5 Games)","Placement Rates","All-Time (Regular Season)",7,"Steve",65.2%,"15/23",false
"% of Bottom Half Finishes (Min 5 Games)","Placement Rates","All-Time (Regular Season)",8,"Brittany",63.6%,"7/11",false
"% of Bottom Half Finishes (Min 5 Games)","Placement Rates","All-Time (Regular Season)",9,"Carly",60.9%,"14/23",false
"% of Bottom Half Finishes (Min 5 Games)","Placement Rates","All-Time (Regular Season)",10,"Dan",58.6%,"17/29",false
"% of Bottom Half Finishes (Min 5 Games)","Placement Rates","All-Time (Regular Season)",10,"Josh",58.6%,"17/29",false
"% of Bottom Half Finishes (Min 5 Games)","Placement Rates","All-Time (Regular Season)",12,"Ian",52.9%,"9/17",false
"% of Bottom Half Finishes (Min 5 Games)","Placement Rates","All-Time (Regular Season)",13,"Tyler",52.2%,"12/23",false
"% of Bottom Half Finishes (Min 5 Games)","Placement Rates","All-Time (Regular Season)",14,"Rachel F",51.7%,"15/29",false
"% of Bottom Half Finishes (Min 5 Games)","Placement Rates","All-Time (Regular Season)",15,"Luke",50.0%,"6/12",false
"% of Bottom Half Finishes (Min 5 Games)","Placement Rates","All-Time (Regular Season)",16,"Sam",47.1%,"8/17",false
"% of Bottom Half Finishes (Min 5 Games)","Placement Rates","All-Time (Regular Season)",17,"Ashley",44.8%,"13/29",false
"% of Bottom Half Finishes (Min 5 Games)","Placement Rates","All-Time (Regular Season)",18,"Jack M",43.5%,"10/23",false
"% of Bottom Half Finishes (Min 5 Games)","Placement Rates","All-Time (Regular Season)",19,"Richie",41.4%,"12/29",false
"% of Bottom Half Finishes (Min 5 Games)","Placement Rates","All-Time (Regular Season)",20,"Cody",35.3%,"6/17",false
"% of Bottom Half Finishes (Min 5 Games)","Placement Rates","All-Time (Regular Season)",21,"Austin",34.5%,"10/29",false
"% of Bottom Half Finishes (Min 5 Games)","Placement Rates","All-Time (Regular Season)",22,"Michael",31.0%,"9/29",false
"% of Bottom Half Finishes (Min 5 Games)","Placement Rates","All-Time (Regular Season)",23,"Rachel M",26.1%,"6/23",false
"% of Bottom Half Finishes (Min 5 Games)","Placement Rates","All-Time (Regular Season)",24,"Nick",24.1%,"7/29",false
"Points Leaders","Totals","All-Time (Regular Season)",1,"Nick",60,,false
"Points Leaders","Totals","All-Time (Regular Season)",2,"Michael",58,,false
"Points Leaders","Totals","All-Time (Regular Season)",3,"Austin",55,,false
"Points Leaders","Totals","All-Time (Regular Season)",4,"Richie",52,,false
"Points Leaders","Totals","All-Time (Regular Season)",5,"Ashley",47,,false
"Points Leaders","Totals","All-Time (Regular Season)",6,"Rachel F",46,,false
"Points Leaders","Totals","All-Time (Regular Season)",7,"Rachel M",44,,false
"Points Leaders","Totals","All-Time (Regular Season)",8,"Dan",38,,false
"Points Leaders","Totals","All-Time (Regular Season)",9,"Josh",36,,false
"Points Leaders","Totals","All-Time (Regular Season)",9,"Jack M",36,,false
"Points Leaders","Totals","All-Time (Regular Season)",11,"Cody",34,,false
"Points Leaders","Totals","All-Time (Regular Season)",12,"Ryan",31,,false
"Points Leaders","Totals","All-Time (Regular Season)",13,"Carly",30,,false
"Points Leaders","Totals","All-Time (Regular Season)",14,"Sam",29,,false
"Points Leaders","Totals","All-Time (Regular Season)",15,"Tyler",28,,false
"Points Leaders","Totals","All-Time (Regular Season)",16,"Ian",26,,false
"Points Leaders","Totals","All-Time (Regular Season)",17,"Steve",21,,false
"Points Leaders","Totals","All-Time (Regular Season)",18,"Luke",18,,false
"Points Leaders","Totals","All-Time (Regular Season)",19,"Brittany",15,,false
"Points Leaders","Totals","All-Time (Regular Season)",20,"Emma",14,,false
"Points Leaders","Totals","All-Time (Regular Season)",21,"Allie",12,,false
"Points Leaders","Totals","All-Time (Regular Season)",21,"Jack C",12,,false
"Points Leaders","Totals","All-Time (Regular Season)",23,"Jennie",7,,false
"Points Leaders","Totals","All-Time (Regular Season)",24,"Becca",6,,false
"Points Leaders","Totals","All-Time (Regular Season)",25,"Brian",3,,false
"Most 1st Places","Totals","All-Time (Regular Season)",1,"Nick",13,,false
"Most 1st Places","Totals","All-Time (Regular Season)",1,"Michael",13,,false
"Most 1st Places","Totals","All-Time (Regular Season)",3,"Richie",12,,false
"Most 1st Places","Totals","All-Time (Regular Season)",4,"Austin",10,,false
"Most 1st Places","Totals","All-Time (Regular Season)",5,"Rachel F",9,,false
"Most 1st Places","Totals","All-Time (Regular Season)",6,"Ashley",8,,false
"Most 1st Places","Totals","All-Time (Regular Season)",7,"Josh",7,,false
"Most 1st Places","Totals","All-Time (Regular Season)",7,"Rachel M",7,,false
"Most 1st Places","Totals","All-Time (Regular Season)",7,"Cody",7,,false
"Most 1st Places","Totals","All-Time (Regular Season)",10,"Carly",6,,false
"Most 1st Places","Totals","All-Time (Regular Season)",10,"Sam",6,,false
"Most 1st Places","Totals","All-Time (Regular Season)",12,"Dan",5,,false
"Most 1st Places","Totals","All-Time (Regular Season)",12,"Ian",5,,false
"Most 1st Places","Totals","All-Time (Regular Season)",14,"Ryan",4,,false
"Most 1st Places","Totals","All-Time (Regular Season)",14,"Luke",4,,false
"Most 1st Places","Totals","All-Time (Regular Season)",14,"Jack M",4,,false
"Most 1st Places","Totals","All-Time (Regular Season)",17,"Brittany",2,,false
"Most 1st Places","Totals","All-Time (Regular Season)",18,"Brian",1,,false
"Most 1st Places","Totals","All-Time (Regular Season)",18,"Tyler",1,,false
"Most 1st Places","Totals","All-Time (Regular Season)",18,"Steve",1,,false
"Most 1st Places","Totals","All-Time (Regular Season)",18,"Jennie",1,,false
"Most 1st Places","Totals","All-Time (Regular Season)",18,"Jack C",1,,false
"Most 1st Places","Totals","All-Time (Regular Season)",23,"Becca",0,,false
"Most 1st Places","Totals","All-Time (Regular Season)",23,"Allie",0,,false
"Most 1st Places","Totals","All-Time (Regular Season)",23,"Emma",0,,false
"Most 2nd Places","Totals","All-Time (Regular Season)",1,"Tyler",10,,false
"Most 2nd Places","Totals","All-Time (Regular Season)",1,"Rachel M",10,,false
"Most 2nd Places","Totals","All-Time (Regular Season)",3,"Nick",9,,false
"Most 2nd Places","Totals","All-Time (Regular Season)",3,"Austin",9,,false
"Most 2nd Places","Totals","All-Time (Regular Season)",3,"Jack M",9,,false
"Most 2nd Places","Totals","All-Time (Regular Season)",6,"Ashley",8,,false
"Most 2nd Places","Totals","All-Time (Regular Season)",7,"Dan",7,,false
"Most 2nd Places","Totals","All-Time (Regular Season)",7,"Michael",7,,false
"Most 2nd Places","Totals","All-Time (Regular Season)",7,"Steve",7,,false
"Most 2nd Places","Totals","All-Time (Regular Season)",10,"Ryan",5,,false
"Most 2nd Places","Totals","All-Time (Regular Season)",10,"Josh",5,,false
"Most 2nd Places","Totals","All-Time (Regular Season)",10,"Richie",5,,false
"Most 2nd Places","Totals","All-Time (Regular Season)",10,"Rachel F",5,,false
"Most 2nd Places","Totals","All-Time (Regular Season)",14,"Allie",4,,false
"Most 2nd Places","Totals","All-Time (Regular Season)",14,"Cody",4,,false
"Most 2nd Places","Totals","All-Time (Regular Season)",14,"Emma",4,,false
"Most 2nd Places","Totals","All-Time (Regular Season)",17,"Carly",3,,false
"Most 2nd Places","Totals","All-Time (Regular Season)",17,"Ian",3,,false
"Most 2nd Places","Totals","All-Time (Regular Season)",17,"Sam",3,,false
"Most 2nd Places","Totals","All-Time (Regular Season)",20,"Luke",2,,false
"Most 2nd Places","Totals","All-Time (Regular Season)",20,"Becca",2,,false
"Most 2nd Places","Totals","All-Time (Regular Season)",20,"Jack C",2,,false
"Most 2nd Places","Totals","All-Time (Regular Season)",20,"Brittany",2,,false
"Most 2nd Places","Totals","All-Time (Regular Season)",24,"Jennie",1,,false
"Most 2nd Places","Totals","All-Time (Regular Season)",25,"Brian",0,,false
"Most 3rd Places","Totals","All-Time (Regular Season)",1,"Dan",9,,false
"Most 3rd Places","Totals","All-Time (Regular Season)",1,"Ryan",9,,false
"Most 3rd Places","Totals","All-Time (Regular Season)",1,"Rachel F",9,,false
"Most 3rd Places","Totals","All-Time (Regular Season)",4,"Austin",7,,false
"Most 3rd Places","Totals","All-Time (Regular Season)",4,"Ashley",7,,false
"Most 3rd Places","Totals","All-Time (Regular Season)",6,"Richie",6,,false
"Most 3rd Places","Totals","All-Time (Regular Season)",6,"Carly",6,,false
"Most 3rd Places","Totals","All-Time (Regular Season)",6,"Jack M",6,,false
"Most 3rd Places","Totals","All-Time (Regular Season)",6,"Emma",6,,false
"Most 3rd Places","Totals","All-Time (Regular Season)",10,"Josh",5,,false
"Most 3rd Places","Totals","All-Time (Regular Season)",10,"Michael",5,,false
"Most 3rd Places","Totals","All-Time (Regular Season)",10,"Tyler",5,,false
"Most 3rd Places","Totals","All-Time (Regular Season)",10,"Cody",5,,false
"Most 3rd Places","Totals","All-Time (Regular Season)",10,"Ian",5,,false
"Most 3rd Places","Totals","All-Time (Regular Season)",10,"Sam",5,,false
"Most 3rd Places","Totals","All-Time (Regular Season)",10,"Jack C",5,,false
"Most 3rd Places","Totals","All-Time (Regular Season)",10,"Brittany",5,,false
"Most 3rd Places","Totals","All-Time (Regular Season)",18,"Allie",4,,false
"Most 3rd Places","Totals","All-Time (Regular Season)",18,"Steve",4,,false
"Most 3rd Places","Totals","All-Time (Regular Season)",20,"Nick",3,,false
"Most 3rd Places","Totals","All-Time (Regular Season)",20,"Rachel M",3,,false
"Most 3rd Places","Totals","All-Time (Regular Season)",22,"Luke",2,,false
"Most 3rd Places","Totals","All-Time (Regular Season)",22,"Becca",2,,false
"Most 3rd Places","Totals","All-Time (Regular Season)",22,"Jennie",2,,false
"Most 3rd Places","Totals","All-Time (Regular Season)",25,"Brian",0,,false
"Most 4th Places","Totals","All-Time (Regular Season)",1,"Josh",12,,false
"Most 4th Places","Totals","All-Time (Regular Season)",2,"Ryan",11,,false
"Most 4th Places","Totals","All-Time (Regular Season)",2,"Steve",11,,false
"Most 4th Places","Totals","All-Time (Regular Season)",4,"Dan",8,,false
"Most 4th Places","Totals","All-Time (Regular Season)",4,"Allie",8,,false
"Most 4th Places","Totals","All-Time (Regular Season)",4,"Carly",8,,false
"Most 4th Places","Totals","All-Time (Regular Season)",7,"Tyler",7,,false
"Most 4th Places","Totals","All-Time (Regular Season)",7,"Emma",7,,false
"Most 4th Places","Totals","All-Time (Regular Season)",9,"Richie",6,,false
"Most 4th Places","Totals","All-Time (Regular Season)",9,"Rachel F",6,,false
"Most 4th Places","Totals","All-Time (Regular Season)",9,"Ashley",6,,false
"Most 4th Places","Totals","All-Time (Regular Season)",12,"Nick",4,,false
"Most 4th Places","Totals","All-Time (Regular Season)",12,"Michael",4,,false
"Most 4th Places","Totals","All-Time (Regular Season)",12,"Luke",4,,false
"Most 4th Places","Totals","All-Time (Regular Season)",12,"Jack M",4,,false
"Most 4th Places","Totals","All-Time (Regular Season)",12,"Ian",4,,false
"Most 4th Places","Totals","All-Time (Regular Season)",17,"Austin",3,,false
"Most 4th Places","Totals","All-Time (Regular Season)",17,"Rachel M",3,,false
"Most 4th Places","Totals","All-Time (Regular Season)",17,"Sam",3,,false
"Most 4th Places","Totals","All-Time (Regular Season)",17,"Jack C",3,,false
"Most 4th Places","Totals","All-Time (Regular Season)",21,"Becca",2,,false
"Most 4th Places","Totals","All-Time (Regular Season)",21,"Jennie",2,,false
"Most 4th Places","Totals","All-Time (Regular Season)",21,"Brittany",2,,false
"Most 4th Places","Totals","All-Time (Regular Season)",24,"Brian",1,,false
"Most 4th Places","Totals","All-Time (Regular Season)",24,"Cody",1,,false
"Top Half Finishes (1st/2nd)","Totals","All-Time (Regular Season)",1,"Nick",22,,false
"Top Half Finishes (1st/2nd)","Totals","All-Time (Regular Season)",2,"Michael",20,,false
"Top Half Finishes (1st/2nd)","Totals","All-Time (Regular Season)",3,"Austin",19,,false
"Top Half Finishes (1st/2nd)","Totals","All-Time (Regular Season)",4,"Richie",17,,false
"Top Half Finishes (1st/2nd)","Totals","All-Time (Regular Season)",4,"Rachel M",17,,false
"Top Half Finishes (1st/2nd)","Totals","All-Time (Regular Season)",6,"Ashley",16,,false
"Top Half Finishes (1st/2nd)","Totals","All-Time (Regular Season)",7,"Rachel F",14,,false
"Top Half Finishes (1st/2nd)","Totals","All-Time (Regular Season)",8,"Jack M",13,,false
"Top Half Finishes (1st/2nd)","Totals","All-Time (Regular Season)",9,"Dan",12,,false
"Top Half Finishes (1st/2nd)","Totals","All-Time (Regular Season)",9,"Josh",12,,false
"Top Half Finishes (1st/2nd)","Totals","All-Time (Regular Season)",11,"Tyler",11,,false
"Top Half Finishes (1st/2nd)","Totals","All-Time (Regular Season)",11,"Cody",11,,false
"Top Half Finishes (1st/2nd)","Totals","All-Time (Regular Season)",13,"Ryan",9,,false
"Top Half Finishes (1st/2nd)","Totals","All-Time (Regular Season)",13,"Carly",9,,false
"Top Half Finishes (1st/2nd)","Totals","All-Time (Regular Season)",13,"Sam",9,,false
"Top Half Finishes (1st/2nd)","Totals","All-Time (Regular Season)",16,"Steve",8,,false
"Top Half Finishes (1st/2nd)","Totals","All-Time (Regular Season)",16,"Ian",8,,false
"Top Half Finishes (1st/2nd)","Totals","All-Time (Regular Season)",18,"Luke",6,,false
"Top Half Finishes (1st/2nd)","Totals","All-Time (Regular Season)",19,"Allie",4,,false
"Top Half Finishes (1st/2nd)","Totals","All-Time (Regular Season)",19,"Emma",4,,false
"Top Half Finishes (1st/2nd)","Totals","All-Time (Regular Season)",19,"Brittany",4,,false
"Top Half Finishes (1st/2nd)","Totals","All-Time (Regular Season)",22,"Jack C",3,,false
"Top Half Finishes (1st/2nd)","Totals","All-Time (Regular Season)",23,"Becca",2,,false
"Top Half Finishes (1st/2nd)","Totals","All-Time (Regular Season)",23,"Jennie",2,,false
"Top Half Finishes (1st/2nd)","Totals","All-Time (Regular Season)",25,"Brian",1,,false
"Bottom Half Finishes (3rd/4th)","Totals","All-Time (Regular Season)",1,"Ryan",20,,false
"Bottom Half Finishes (3rd/4th)","Totals","All-Time (Regular Season)",2,"Dan",17,,false
"Bottom Half Finishes (3rd/4th)","Totals","All-Time (Regular Season)",2,"Josh",17,,false
"Bottom Half Finishes (3rd/4th)","Totals","All-Time (Regular Season)",4,"Rachel F",15,,false
"Bottom Half Finishes (3rd/4th)","Totals","All-Time (Regular Season)",4,"Steve",15,,false
"Bottom Half Finishes (3rd/4th)","Totals","All-Time (Regular Season)",6,"Carly",14,,false
"Bottom Half Finishes (3rd/4th)","Totals","All-Time (Regular Season)",7,"Ashley",13,,false
"Bottom Half Finishes (3rd/4th)","Totals","All-Time (Regular Season)",7,"Emma",13,,false
"Bottom Half Finishes (3rd/4th)","Totals","All-Time (Regular Season)",9,"Richie",12,,false
"Bottom Half Finishes (3rd/4th)","Totals","All-Time (Regular Season)",9,"Allie",12,,false
"Bottom Half Finishes (3rd/4th)","Totals","All-Time (Regular Season)",9,"Tyler",12,,false
"Bottom Half Finishes (3rd/4th)","Totals","All-Time (Regular Season)",12,"Austin",10,,false
"Bottom Half Finishes (3rd/4th)","Totals","All-Time (Regular Season)",12,"Jack M",10,,false
"Bottom Half Finishes (3rd/4th)","Totals","All-Time (Regular Season)",14,"Michael",9,,false
"Bottom Half Finishes (3rd/4th)","Totals","All-Time (Regular Season)",14,"Ian",9,,false
"Bottom Half Finishes (3rd/4th)","Totals","All-Time (Regular Season)",16,"Sam",8,,false
"Bottom Half Finishes (3rd/4th)","Totals","All-Time (Regular Season)",16,"Jack C",8,,false
"Bottom Half Finishes (3rd/4th)","Totals","All-Time (Regular Season)",18,"Nick",7,,false
"Bottom Half Finishes (3rd/4th)","Totals","All-Time (Regular Season)",18,"Brittany",7,,false
"Bottom Half Finishes (3rd/4th)","Totals","All-Time (Regular Season)",20,"Luke",6,,false
"Bottom Half Finishes (3rd/4th)","Totals","All-Time (Regular Season)",20,"Rachel M",6,,false
"Bottom Half Finishes (3rd/4th)","Totals","All-Time (Regular Season)",20,"Cody",6,,false
"Bottom Half Finishes (3rd/4th)","Totals","All-Time (Regular Season)",23,"Becca",4,,false
"Bottom Half Finishes (3rd/4th)","Totals","All-Time (Regular Season)",23,"Jennie",4,,false
"Bottom Half Finishes (3rd/4th)","Totals","All-Time (Regular Season)",25,"Brian",1,,false
"Longest Win Streak","Streaks (All-Time)","All-Time (Regular Season)",1,"Richie",4,"2024 Week 4 - 2025 Week 1",false
"Longest Win Streak","Streaks (All-Time)","All-Time (Regular Season)",1,"Ian",4,"2025 Week 5 - 2026 Week 2",false
"Longest Win Streak","Streaks (All-Time)","All-Time (Regular Season)",3,"Nick",3,"2023 Week 3 - 2023 Week 5",false
"Longest Win Streak","Streaks (All-Time)","All-Time (Regular Season)",3,"Austin",3,"2023 Week 1 - 2023 Week 3",false
"Longest Win Streak","Streaks (All-Time)","All-Time (Regular Season)",3,"Ashley",3,"2024 Week 6 - 2025 Week 2",false
"Longest Win Streak","Streaks (All-Time)","All-Time (Regular Season)",3,"Rachel M",3,"2025 Week 2 - 2025 Week 4",false
"Longest Win Streak","Streaks (All-Time)","All-Time (Regular Season)",3,"Cody",3,"2026 Week 3 - Present",true
"Longest Win Streak","Streaks (All-Time)","All-Time (Regular Season)",3,"Sam",3,"2025 Week 3 - 2025 Week 5",false
"Longest Win Streak","Streaks (All-Time)","All-Time (Regular Season)",9,"Dan",2,"2025 Week 4 - 2025 Week 5",false
"Longest Win Streak","Streaks (All-Time)","All-Time (Regular Season)",9,"Ryan",2,"2024 Week 2 - 2024 Week 3",false
"Longest Win Streak","Streaks (All-Time)","All-Time (Regular Season)",9,"Josh",2,"2024 Week 4 - 2024 Week 5",false
"Longest Win Streak","Streaks (All-Time)","All-Time (Regular Season)",9,"Rachel F",2,"2022 Week 3 - 2022 Week 4",false
"Longest Win Streak","Streaks (All-Time)","All-Time (Regular Season)",9,"Michael",2,"2022 Week 1 - 2022 Week 2",false
"Longest Win Streak","Streaks (All-Time)","All-Time (Regular Season)",9,"Carly",2,"2026 Week 3 - 2026 Week 4",false
"Longest Win Streak","Streaks (All-Time)","All-Time (Regular Season)",9,"Brittany",2,"2025 Week 6 - 2026 Week 1",false
"Longest Win Streak","Streaks (All-Time)","All-Time (Regular Season)",16,"Brian",1,"2022 Week 1",false
"Longest Win Streak","Streaks (All-Time)","All-Time (Regular Season)",16,"Luke",1,"2022 Week 2",false
"Longest Win Streak","Streaks (All-Time)","All-Time (Regular Season)",16,"Tyler",1,"2023 Week 4",false
"Longest Win Streak","Streaks (All-Time)","All-Time (Regular Season)",16,"Jack M",1,"2024 Week 3",false
"Longest Win Streak","Streaks (All-Time)","All-Time (Regular Season)",16,"Steve",1,"2025 Week 3",false
"Longest Win Streak","Streaks (All-Time)","All-Time (Regular Season)",16,"Jennie",1,"2024 Week 6",false
"Longest Win Streak","Streaks (All-Time)","All-Time (Regular Season)",16,"Jack C",1,"2026 Week 4",false
"Longest Win Streak","Streaks (All-Time)","All-Time (Regular Season)",23,"Becca",0,,false
"Longest Win Streak","Streaks (All-Time)","All-Time (Regular Season)",23,"Allie",0,,false
"Longest Win Streak","Streaks (All-Time)","All-Time (Regular Season)",23,"Emma",0,,false
"Longest 2nd Place Streak","Streaks (All-Time)","All-Time (Regular Season)",1,"Austin",5,"2025 Week 2 - 2025 Week 6",false
"Longest 2nd Place Streak","Streaks (All-Time)","All-Time (Regular Season)",2,"Nick",4,"2023 Week 6 - 2024 Week 3",false
"Longest 2nd Place Streak","Streaks (All-Time)","All-Time (Regular Season)",3,"Tyler",3,"2025 Week 2 - 2025 Week 4",false
"Longest 2nd Place Streak","Streaks (All-Time)","All-Time (Regular Season)",3,"Rachel M",3,"2023 Week 2 - 2023 Week 4",false
"Longest 2nd Place Streak","Streaks (All-Time)","All-Time (Regular Season)",5,"Dan",2,"2022 Week 4 - 2022 Week 5",false
"Longest 2nd Place Streak","Streaks (All-Time)","All-Time (Regular Season)",5,"Ryan",2,"2024 Week 4 - 2024 Week 5",false
"Longest 2nd Place Streak","Streaks (All-Time)","All-Time (Regular Season)",5,"Richie",2,"2022 Week 6 - 2023 Week 1",false
"Longest 2nd Place Streak","Streaks (All-Time)","All-Time (Regular Season)",5,"Michael",2,"2024 Week 4 - 2024 Week 5",false
"Longest 2nd Place Streak","Streaks (All-Time)","All-Time (Regular Season)",5,"Ashley",2,"2023 Week 5 - 2023 Week 6",false
"Longest 2nd Place Streak","Streaks (All-Time)","All-Time (Regular Season)",5,"Jack M",2,"2026 Week 3 - 2026 Week 4",false
"Longest 2nd Place Streak","Streaks (All-Time)","All-Time (Regular Season)",5,"Steve",2,"2023 Week 1 - 2023 Week 2",false
"Longest 2nd Place Streak","Streaks (All-Time)","All-Time (Regular Season)",5,"Cody",2,"2026 Week 1 - 2026 Week 2",false
"Longest 2nd Place Streak","Streaks (All-Time)","All-Time (Regular Season)",5,"Emma",2,"2024 Week 4 - 2024 Week 5",false
"Longest 2nd Place Streak","Streaks (All-Time)","All-Time (Regular Season)",5,"Ian",2,"2026 Week 4 - Present",true
"Longest 2nd Place Streak","Streaks (All-Time)","All-Time (Regular Season)",5,"Sam",2,"2025 Week 1 - 2025 Week 2",false
"Longest 2nd Place Streak","Streaks (All-Time)","All-Time (Regular Season)",16,"Josh",1,"2022 Week 2 - Present",true
"Longest 2nd Place Streak","Streaks (All-Time)","All-Time (Regular Season)",16,"Rachel F",1,"2024 Week 2",false
"Longest 2nd Place Streak","Streaks (All-Time)","All-Time (Regular Season)",16,"Luke",1,"2022 Week 1",false
"Longest 2nd Place Streak","Streaks (All-Time)","All-Time (Regular Season)",16,"Becca",1,"2022 Week 3",false
"Longest 2nd Place Streak","Streaks (All-Time)","All-Time (Regular Season)",16,"Allie",1,"2022 Week 5",false
"Longest 2nd Place Streak","Streaks (All-Time)","All-Time (Regular Season)",16,"Carly",1,"2023 Week 1",false
"Longest 2nd Place Streak","Streaks (All-Time)","All-Time (Regular Season)",16,"Jennie",1,"2024 Week 1",false
"Longest 2nd Place Streak","Streaks (All-Time)","All-Time (Regular Season)",16,"Jack C",1,"2025 Week 1",false
"Longest 2nd Place Streak","Streaks (All-Time)","All-Time (Regular Season)",16,"Brittany",1,"2025 Week 1 - Present",true
"Longest 2nd Place Streak","Streaks (All-Time)","All-Time (Regular Season)",25,"Brian",0,,false
"Longest 3rd Place Streak","Streaks (All-Time)","All-Time (Regular Season)",1,"Ryan",4,"2023 Week 1 - 2023 Week 4",false
"Longest 3rd Place Streak","Streaks (All-Time)","All-Time (Regular Season)",2,"Dan",3,"2026 Week 2 - 2026 Week 4",false
"Longest 3rd Place Streak","Streaks (All-Time)","All-Time (Regular Season)",2,"Austin",3,"2022 Week 4 - 2022 Week 6",false
"Longest 3rd Place Streak","Streaks (All-Time)","All-Time (Regular Season)",2,"Rachel F",3,"2023 Week 5 - 2024 Week 1",false
"Longest 3rd Place Streak","Streaks (All-Time)","All-Time (Regular Season)",2,"Ashley",3,"2025 Week 4 - 2025 Week 6",false
"Longest 3rd Place Streak","Streaks (All-Time)","All-Time (Regular Season)",2,"Sam",3,"2024 Week 4 - 2024 Week 6",false
"Longest 3rd Place Streak","Streaks (All-Time)","All-Time (Regular Season)",2,"Brittany",3,"2025 Week 2 - 2025 Week 4",false
"Longest 3rd Place Streak","Streaks (All-Time)","All-Time (Regular Season)",8,"Josh",2,"2026 Week 1 - 2026 Week 2",false
"Longest 3rd Place Streak","Streaks (All-Time)","All-Time (Regular Season)",8,"Richie",2,"2022 Week 1 - 2022 Week 2",false
"Longest 3rd Place Streak","Streaks (All-Time)","All-Time (Regular Season)",8,"Luke",2,"2022 Week 6 - 2023 Week 1",false
"Longest 3rd Place Streak","Streaks (All-Time)","All-Time (Regular Season)",8,"Becca",2,"2022 Week 1 - 2022 Week 2",false
"Longest 3rd Place Streak","Streaks (All-Time)","All-Time (Regular Season)",8,"Allie",2,"2022 Week 3 - 2022 Week 4",false
"Longest 3rd Place Streak","Streaks (All-Time)","All-Time (Regular Season)",8,"Jack M",2,"2023 Week 6 - 2024 Week 1",false
"Longest 3rd Place Streak","Streaks (All-Time)","All-Time (Regular Season)",8,"Cody",2,"2025 Week 2 - 2025 Week 3",false
"Longest 3rd Place Streak","Streaks (All-Time)","All-Time (Regular Season)",8,"Jack C",2,"2025 Week 5 - 2025 Week 6",false
"Longest 3rd Place Streak","Streaks (All-Time)","All-Time (Regular Season)",16,"Nick",1,"2024 Week 5 - Present",true
"Longest 3rd Place Streak","Streaks (All-Time)","All-Time (Regular Season)",16,"Michael",1,"2022 Week 6",false
"Longest 3rd Place Streak","Streaks (All-Time)","All-Time (Regular Season)",16,"Carly",1,"2023 Week 2 - Present",true
"Longest 3rd Place Streak","Streaks (All-Time)","All-Time (Regular Season)",16,"Tyler",1,"2023 Week 2",false
"Longest 3rd Place Streak","Streaks (All-Time)","All-Time (Regular Season)",16,"Rachel M",1,"2024 Week 3",false
"Longest 3rd Place Streak","Streaks (All-Time)","All-Time (Regular Season)",16,"Steve",1,"2024 Week 1",false
"Longest 3rd Place Streak","Streaks (All-Time)","All-Time (Regular Season)",16,"Emma",1,"2024 Week 3 - Present",true
"Longest 3rd Place Streak","Streaks (All-Time)","All-Time (Regular Season)",16,"Jennie",1,"2024 Week 2",false
"Longest 3rd Place Streak","Streaks (All-Time)","All-Time (Regular Season)",16,"Ian",1,"2024 Week 2",false
"Longest 3rd Place Streak","Streaks (All-Time)","All-Time (Regular Season)",25,"Brian",0,,false
"Longest 4th Place Streak","Streaks (All-Time)","All-Time (Regular Season)",1,"Steve",6,"2024 Week 2 - 2025 Week 1",false
"Longest 4th Place Streak","Streaks (All-Time)","All-Time (Regular Season)",2,"Ryan",4,"2025 Week 5 - 2026 Week 2",false
"Longest 4th Place Streak","Streaks (All-Time)","All-Time (Regular Season)",2,"Carly",4,"2025 Week 5 - 2026 Week 2",false
"Longest 4th Place Streak","Streaks (All-Time)","All-Time (Regular Season)",4,"Josh",3,"2022 Week 6 - 2023 Week 2",false
"Longest 4th Place Streak","Streaks (All-Time)","All-Time (Regular Season)",4,"Allie",3,"2023 Week 5 - 2024 Week 1",false
"Longest 4th Place Streak","Streaks (All-Time)","All-Time (Regular Season)",6,"Nick",2,"2025 Week 1 - 2025 Week 2",false
"Longest 4th Place Streak","Streaks (All-Time)","All-Time (Regular Season)",6,"Richie",2,"2026 Week 3 - 2026 Week 4",false
"Longest 4th Place Streak","Streaks (All-Time)","All-Time (Regular Season)",6,"Rachel F",2,"2022 Week 1 - 2022 Week 2",false
"Longest 4th Place Streak","Streaks (All-Time)","All-Time (Regular Season)",6,"Luke",2,"2023 Week 5 - 2023 Week 6",false
"Longest 4th Place Streak","Streaks (All-Time)","All-Time (Regular Season)",6,"Becca",2,"2022 Week 4 - 2022 Week 5",false
"Longest 4th Place Streak","Streaks (All-Time)","All-Time (Regular Season)",6,"Emma",2,"2024 Week 1 - 2024 Week 2",false
"Longest 4th Place Streak","Streaks (All-Time)","All-Time (Regular Season)",12,"Brian",1,"2022 Week 2",false
"Longest 4th Place Streak","Streaks (All-Time)","All-Time (Regular Season)",12,"Dan",1,"2022 Week 2",false
"Longest 4th Place Streak","Streaks (All-Time)","All-Time (Regular Season)",12,"Austin",1,"2023 Week 4",false
"Longest 4th Place Streak","Streaks (All-Time)","All-Time (Regular Season)",12,"Michael",1,"2022 Week 5",false
"Longest 4th Place Streak","Streaks (All-Time)","All-Time (Regular Season)",12,"Ashley",1,"2022 Week 1 - Present",true
"Longest 4th Place Streak","Streaks (All-Time)","All-Time (Regular Season)",12,"Tyler",1,"2023 Week 1 - Present",true
"Longest 4th Place Streak","Streaks (All-Time)","All-Time (Regular Season)",12,"Jack M",1,"2023 Week 2",false
"Longest 4th Place Streak","Streaks (All-Time)","All-Time (Regular Season)",12,"Rachel M",1,"2023 Week 5 - Present",true
"Longest 4th Place Streak","Streaks (All-Time)","All-Time (Regular Season)",12,"Cody",1,"2025 Week 4",false
"Longest 4th Place Streak","Streaks (All-Time)","All-Time (Regular Season)",12,"Jennie",1,"2024 Week 3",false
"Longest 4th Place Streak","Streaks (All-Time)","All-Time (Regular Season)",12,"Ian",1,"2024 Week 1",false
"Longest 4th Place Streak","Streaks (All-Time)","All-Time (Regular Season)",12,"Sam",1,"2024 Week 1",false
"Longest 4th Place Streak","Streaks (All-Time)","All-Time (Regular Season)",12,"Jack C",1,"2025 Week 2",false
"Longest 4th Place Streak","Streaks (All-Time)","All-Time (Regular Season)",12,"Brittany",1,"2025 Week 5",false
"Longest Streak w/o 4th","Streaks (All-Time)","All-Time (Regular Season)",1,"Rachel F",17,"2023 Week 4 - 2026 Week 2",false
"Longest Streak w/o 4th","Streaks (All-Time)","All-Time (Regular Season)",2,"Nick",15,"2022 Week 4 - 2024 Week 6",false
"Longest Streak w/o 4th","Streaks (All-Time)","All-Time (Regular Season)",2,"Michael",15,"2023 Week 2 - 2025 Week 4",false
"Longest Streak w/o 4th","Streaks (All-Time)","All-Time (Regular Season)",4,"Ashley",12,"2024 Week 5 - 2026 Week 4",false
"Longest Streak w/o 4th","Streaks (All-Time)","All-Time (Regular Season)",4,"Rachel M",12,"2024 Week 5 - 2026 Week 4",false
"Longest Streak w/o 4th","Streaks (All-Time)","All-Time (Regular Season)",6,"Ryan",10,"2022 Week 1 - 2023 Week 4",false
"Longest Streak w/o 4th","Streaks (All-Time)","All-Time (Regular Season)",6,"Sam",10,"2024 Week 2 - 2025 Week 5",false
"Longest Streak w/o 4th","Streaks (All-Time)","All-Time (Regular Season)",8,"Austin",9,"2022 Week 1 - 2023 Week 3",false
"Longest Streak w/o 4th","Streaks (All-Time)","All-Time (Regular Season)",8,"Cody",9,"2024 Week 1 - 2025 Week 3",false
"Longest Streak w/o 4th","Streaks (All-Time)","All-Time (Regular Season)",10,"Jack M",8,"2023 Week 3 - 2024 Week 4",false
"Longest Streak w/o 4th","Streaks (All-Time)","All-Time (Regular Season)",11,"Richie",7,"2022 Week 1 - 2023 Week 1",false
"Longest Streak w/o 4th","Streaks (All-Time)","All-Time (Regular Season)",12,"Josh",6,"2025 Week 6 - Present",true
"Longest Streak w/o 4th","Streaks (All-Time)","All-Time (Regular Season)",12,"Carly",6,"2023 Week 5 - 2024 Week 4",false
"Longest Streak w/o 4th","Streaks (All-Time)","All-Time (Regular Season)",12,"Tyler",6,"2025 Week 2 - 2026 Week 1",false
"Longest Streak w/o 4th","Streaks (All-Time)","All-Time (Regular Season)",15,"Dan",5,"2022 Week 3 - 2023 Week 1",false
"Longest Streak w/o 4th","Streaks (All-Time)","All-Time (Regular Season)",15,"Ian",5,"2024 Week 4 - 2025 Week 2",false
"Longest Streak w/o 4th","Streaks (All-Time)","All-Time (Regular Season)",17,"Luke",4,"2022 Week 5 - 2023 Week 2",false
"Longest Streak w/o 4th","Streaks (All-Time)","All-Time (Regular Season)",17,"Steve",4,"2025 Week 2 - 2025 Week 5",false
"Longest Streak w/o 4th","Streaks (All-Time)","All-Time (Regular Season)",17,"Jack C",4,"2025 Week 5 - 2026 Week 2",false
"Longest Streak w/o 4th","Streaks (All-Time)","All-Time (Regular Season)",17,"Brittany",4,"2025 Week 1 - 2025 Week 4",false
"Longest Streak w/o 4th","Streaks (All-Time)","All-Time (Regular Season)",21,"Becca",3,"2022 Week 1 - 2022 Week 3",false
"Longest Streak w/o 4th","Streaks (All-Time)","All-Time (Regular Season)",21,"Allie",3,"2022 Week 3 - 2022 Week 5",false
"Longest Streak w/o 4th","Streaks (All-Time)","All-Time (Regular Season)",21,"Emma",3,"2024 Week 3 - 2024 Week 5",false
"Longest Streak w/o 4th","Streaks (All-Time)","All-Time (Regular Season)",24,"Jennie",2,"2024 Week 1 - 2024 Week 2",false
"Longest Streak w/o 4th","Streaks (All-Time)","All-Time (Regular Season)",25,"Brian",1,"2022 Week 1",false
"Longest Winless Streak","Streaks (All-Time)","All-Time (Regular Season)",1,"Tyler",19,"2023 Week 5 - Present",true
"Longest Winless Streak","Streaks (All-Time)","All-Time (Regular Season)",2,"Emma",17,"2024 Week 1 - Present",true
"Longest Winless Streak","Streaks (All-Time)","All-Time (Regular Season)",3,"Allie",16,"2022 Week 3 - 2024 Week 6",false
"Longest Winless Streak","Streaks (All-Time)","All-Time (Regular Season)",4,"Steve",14,"2023 Week 1 - 2025 Week 2",false
"Longest Winless Streak","Streaks (All-Time)","All-Time (Regular Season)",5,"Ryan",13,"2022 Week 1 - 2024 Week 1",false
"Longest Winless Streak","Streaks (All-Time)","All-Time (Regular Season)",6,"Dan",9,"2023 Week 1 - 2024 Week 3",false
"Longest Winless Streak","Streaks (All-Time)","All-Time (Regular Season)",6,"Josh",9,"2024 Week 6 - 2026 Week 2",false
"Longest Winless Streak","Streaks (All-Time)","All-Time (Regular Season)",6,"Jack C",9,"2025 Week 1 - 2026 Week 3",false
"Longest Winless Streak","Streaks (All-Time)","All-Time (Regular Season)",9,"Jack M",8,"2023 Week 1 - 2024 Week 2",false
"Longest Winless Streak","Streaks (All-Time)","All-Time (Regular Season)",10,"Austin",7,"2024 Week 6 - 2025 Week 6",false
"Longest Winless Streak","Streaks (All-Time)","All-Time (Regular Season)",10,"Cody",7,"2025 Week 2 - 2026 Week 2",false
"Longest Winless Streak","Streaks (All-Time)","All-Time (Regular Season)",12,"Rachel F",6,"2025 Week 4 - 2026 Week 3",false
"Longest Winless Streak","Streaks (All-Time)","All-Time (Regular Season)",12,"Becca",6,"2022 Week 1 - 2022 Week 6",false
"Longest Winless Streak","Streaks (All-Time)","All-Time (Regular Season)",12,"Carly",6,"2023 Week 1 - 2023 Week 6",false
"Longest Winless Streak","Streaks (All-Time)","All-Time (Regular Season)",12,"Ian",6,"2024 Week 1 - 2024 Week 6",false
"Longest Winless Streak","Streaks (All-Time)","All-Time (Regular Season)",16,"Richie",5,"2022 Week 6 - 2023 Week 4",false
"Longest Winless Streak","Streaks (All-Time)","All-Time (Regular Season)",16,"Ashley",5,"2022 Week 1 - 2022 Week 5",false
"Longest Winless Streak","Streaks (All-Time)","All-Time (Regular Season)",16,"Jennie",5,"2024 Week 1 - 2024 Week 5",false
"Longest Winless Streak","Streaks (All-Time)","All-Time (Regular Season)",16,"Sam",5,"2024 Week 4 - 2025 Week 2",false
"Longest Winless Streak","Streaks (All-Time)","All-Time (Regular Season)",16,"Brittany",5,"2025 Week 1 - 2025 Week 5",false
"Longest Winless Streak","Streaks (All-Time)","All-Time (Regular Season)",21,"Nick",4,"2023 Week 6 - 2024 Week 3",false
"Longest Winless Streak","Streaks (All-Time)","All-Time (Regular Season)",21,"Michael",4,"2024 Week 3 - 2024 Week 6",false
"Longest Winless Streak","Streaks (All-Time)","All-Time (Regular Season)",21,"Rachel M",4,"2023 Week 2 - 2023 Week 5",false
"Longest Winless Streak","Streaks (All-Time)","All-Time (Regular Season)",24,"Luke",2,"2022 Week 3 - 2022 Week 4",false
"Longest Winless Streak","Streaks (All-Time)","All-Time (Regular Season)",25,"Brian",1,"2022 Week 2",false
"Longest Top Half Streak (1st/2nd)","Streaks (All-Time)","All-Time (Regular Season)",1,"Nick",13,"2022 Week 4 - 2024 Week 4",false
"Longest Top Half Streak (1st/2nd)","Streaks (All-Time)","All-Time (Regular Season)",2,"Austin",8,"2025 Week 2 - 2026 Week 3",false
"Longest Top Half Streak (1st/2nd)","Streaks (All-Time)","All-Time (Regular Season)",2,"Rachel M",8,"2025 Week 2 - 2026 Week 3",false
"Longest Top Half Streak (1st/2nd)","Streaks (All-Time)","All-Time (Regular Season)",4,"Michael",7,"2023 Week 2 - 2024 Week 2",false
"Longest Top Half Streak (1st/2nd)","Streaks (All-Time)","All-Time (Regular Season)",5,"Rachel F",5,"2024 Week 2 - 2024 Week 6",false
"Longest Top Half Streak (1st/2nd)","Streaks (All-Time)","All-Time (Regular Season)",5,"Cody",5,"2026 Week 1 - Present",true
"Longest Top Half Streak (1st/2nd)","Streaks (All-Time)","All-Time (Regular Season)",5,"Sam",5,"2025 Week 1 - 2025 Week 5",false
"Longest Top Half Streak (1st/2nd)","Streaks (All-Time)","All-Time (Regular Season)",8,"Dan",4,"2022 Week 4 - 2023 Week 1",false
"Longest Top Half Streak (1st/2nd)","Streaks (All-Time)","All-Time (Regular Season)",8,"Ryan",4,"2024 Week 2 - 2024 Week 5",false
"Longest Top Half Streak (1st/2nd)","Streaks (All-Time)","All-Time (Regular Season)",8,"Richie",4,"2023 Week 5 - 2024 Week 2",false
"Longest Top Half Streak (1st/2nd)","Streaks (All-Time)","All-Time (Regular Season)",8,"Ashley",4,"2024 Week 6 - 2025 Week 3",false
"Longest Top Half Streak (1st/2nd)","Streaks (All-Time)","All-Time (Regular Season)",8,"Ian",4,"2025 Week 5 - 2026 Week 2",false
"Longest Top Half Streak (1st/2nd)","Streaks (All-Time)","All-Time (Regular Season)",13,"Josh",3,"2026 Week 3 - Present",true
"Longest Top Half Streak (1st/2nd)","Streaks (All-Time)","All-Time (Regular Season)",13,"Luke",3,"2022 Week 1 - 2022 Week 3",false
"Longest Top Half Streak (1st/2nd)","Streaks (All-Time)","All-Time (Regular Season)",13,"Tyler",3,"2025 Week 2 - 2025 Week 4",false
"Longest Top Half Streak (1st/2nd)","Streaks (All-Time)","All-Time (Regular Season)",13,"Jack M",3,"2024 Week 2 - 2024 Week 4",false
"Longest Top Half Streak (1st/2nd)","Streaks (All-Time)","All-Time (Regular Season)",13,"Steve",3,"2025 Week 3 - 2025 Week 5",false
"Longest Top Half Streak (1st/2nd)","Streaks (All-Time)","All-Time (Regular Season)",18,"Carly",2,"2026 Week 3 - 2026 Week 4",false
"Longest Top Half Streak (1st/2nd)","Streaks (All-Time)","All-Time (Regular Season)",18,"Emma",2,"2024 Week 4 - 2024 Week 5",false
"Longest Top Half Streak (1st/2nd)","Streaks (All-Time)","All-Time (Regular Season)",18,"Brittany",2,"2025 Week 6 - 2026 Week 1",false
"Longest Top Half Streak (1st/2nd)","Streaks (All-Time)","All-Time (Regular Season)",21,"Brian",1,"2022 Week 1",false
"Longest Top Half Streak (1st/2nd)","Streaks (All-Time)","All-Time (Regular Season)",21,"Becca",1,"2022 Week 3",false
"Longest Top Half Streak (1st/2nd)","Streaks (All-Time)","All-Time (Regular Season)",21,"Allie",1,"2022 Week 5",false
"Longest Top Half Streak (1st/2nd)","Streaks (All-Time)","All-Time (Regular Season)",21,"Jennie",1,"2024 Week 1",false
"Longest Top Half Streak (1st/2nd)","Streaks (All-Time)","All-Time (Regular Season)",21,"Jack C",1,"2025 Week 1",false
"Longest Bottom Half Streak (3rd/4th)","Streaks (All-Time)","All-Time (Regular Season)",1,"Steve",9,"2023 Week 6 - 2025 Week 2",false
"Longest Bottom Half Streak (3rd/4th)","Streaks (All-Time)","All-Time (Regular Season)",2,"Dan",8,"2023 Week 2 - 2024 Week 3",false
"Longest Bottom Half Streak (3rd/4th)","Streaks (All-Time)","All-Time (Regular Season)",3,"Ryan",7,"2023 Week 1 - 2024 Week 1",false
"Longest Bottom Half Streak (3rd/4th)","Streaks (All-Time)","All-Time (Regular Season)",4,"Emma",5,"2024 Week 6 - 2025 Week 4",false
"Longest Bottom Half Streak (3rd/4th)","Streaks (All-Time)","All-Time (Regular Season)",4,"Jack C",5,"2025 Week 2 - 2025 Week 6",false
"Longest Bottom Half Streak (3rd/4th)","Streaks (All-Time)","All-Time (Regular Season)",6,"Allie",4,"2022 Week 6 - 2023 Week 3",false
"Longest Bottom Half Streak (3rd/4th)","Streaks (All-Time)","All-Time (Regular Season)",6,"Carly",4,"2025 Week 5 - 2026 Week 2",false
"Longest Bottom Half Streak (3rd/4th)","Streaks (All-Time)","All-Time (Regular Season)",6,"Jennie",4,"2024 Week 2 - 2024 Week 5",false
"Longest Bottom Half Streak (3rd/4th)","Streaks (All-Time)","All-Time (Regular Season)",6,"Ian",4,"2024 Week 1 - 2024 Week 4",false
"Longest Bottom Half Streak (3rd/4th)","Streaks (All-Time)","All-Time (Regular Season)",6,"Brittany",4,"2025 Week 2 - 2025 Week 5",false
"Longest Bottom Half Streak (3rd/4th)","Streaks (All-Time)","All-Time (Regular Season)",11,"Josh",3,"2022 Week 6 - 2023 Week 2",false
"Longest Bottom Half Streak (3rd/4th)","Streaks (All-Time)","All-Time (Regular Season)",11,"Austin",3,"2022 Week 4 - 2022 Week 6",false
"Longest Bottom Half Streak (3rd/4th)","Streaks (All-Time)","All-Time (Regular Season)",11,"Richie",3,"2023 Week 2 - 2023 Week 4",false
"Longest Bottom Half Streak (3rd/4th)","Streaks (All-Time)","All-Time (Regular Season)",11,"Rachel F",3,"2022 Week 5 - 2023 Week 1",false
"Longest Bottom Half Streak (3rd/4th)","Streaks (All-Time)","All-Time (Regular Season)",11,"Michael",3,"2022 Week 5 - 2023 Week 1",false
"Longest Bottom Half Streak (3rd/4th)","Streaks (All-Time)","All-Time (Regular Season)",11,"Ashley",3,"2025 Week 4 - 2025 Week 6",false
"Longest Bottom Half Streak (3rd/4th)","Streaks (All-Time)","All-Time (Regular Season)",11,"Cody",3,"2025 Week 2 - 2025 Week 4",false
"Longest Bottom Half Streak (3rd/4th)","Streaks (All-Time)","All-Time (Regular Season)",11,"Sam",3,"2024 Week 4 - 2024 Week 6",false
"Longest Bottom Half Streak (3rd/4th)","Streaks (All-Time)","All-Time (Regular Season)",19,"Nick",2,"2025 Week 1 - 2025 Week 2",false
"Longest Bottom Half Streak (3rd/4th)","Streaks (All-Time)","All-Time (Regular Season)",19,"Luke",2,"2022 Week 6 - 2023 Week 1",false
"Longest Bottom Half Streak (3rd/4th)","Streaks (All-Time)","All-Time (Regular Season)",19,"Becca",2,"2022 Week 1 - 2022 Week 2",false
"Longest Bottom Half Streak (3rd/4th)","Streaks (All-Time)","All-Time (Regular Season)",19,"Tyler",2,"2023 Week 1 - 2023 Week 2",false
"Longest Bottom Half Streak (3rd/4th)","Streaks (All-Time)","All-Time (Regular Season)",19,"Jack M",2,"2023 Week 1 - 2023 Week 2",false
"Longest Bottom Half Streak (3rd/4th)","Streaks (All-Time)","All-Time (Regular Season)",19,"Rachel M",2,"2024 Week 3 - Present",true
"Longest Bottom Half Streak (3rd/4th)","Streaks (All-Time)","All-Time (Regular Season)",25,"Brian",1,"2022 Week 2",false
"Longest Streak Without Losing to a Man","Streaks (All-Time)","All-Time (Regular Season)",1,"Ashley",5,"2024 Week 5 - 2025 Week 3",false
"Longest Streak Without Losing to a Man","Streaks (All-Time)","All-Time (Regular Season)",2,"Rachel M",3,"2025 Week 2 - 2025 Week 4",false
"Longest Streak Without Losing to a Man","Streaks (All-Time)","All-Time (Regular Season)",3,"Rachel F",2,"2022 Week 3 - 2022 Week 4",false
"Longest Streak Without Losing to a Man","Streaks (All-Time)","All-Time (Regular Season)",3,"Carly",2,"2025 Week 3 - 2025 Week 4",false
"Longest Streak Without Losing to a Man","Streaks (All-Time)","All-Time (Regular Season)",3,"Brittany",2,"2025 Week 6 - 2026 Week 1",false
"Longest Streak Without Losing to a Man","Streaks (All-Time)","All-Time (Regular Season)",6,"Becca",1,"2022 Week 3",false
"Longest Streak Without Losing to a Man","Streaks (All-Time)","All-Time (Regular Season)",6,"Allie",1,"2023 Week 6",false
"Longest Streak Without Losing to a Man","Streaks (All-Time)","All-Time (Regular Season)",6,"Emma",1,"2024 Week 5",false
"Longest Streak Without Losing to a Man","Streaks (All-Time)","All-Time (Regular Season)",6,"Jennie",1,"2024 Week 1",false
"Longest Streak Without Losing to a Woman","Streaks (All-Time)","All-Time (Regular Season)",1,"Nick",6,"2023 Week 3 - 2024 Week 4",false
"Longest Streak Without Losing to a Woman","Streaks (All-Time)","All-Time (Regular Season)",1,"Austin",6,"2022 Week 1 - 2023 Week 3",false
"Longest Streak Without Losing to a Woman","Streaks (All-Time)","All-Time (Regular Season)",3,"Cody",5,"2024 Week 4 - 2025 Week 2",false
"Longest Streak Without Losing to a Woman","Streaks (All-Time)","All-Time (Regular Season)",4,"Richie",4,"2023 Week 5 - 2024 Week 2",false
"Longest Streak Without Losing to a Woman","Streaks (All-Time)","All-Time (Regular Season)",4,"Michael",4,"2024 Week 1 - Present",true
"Longest Streak Without Losing to a Woman","Streaks (All-Time)","All-Time (Regular Season)",4,"Luke",4,"2022 Week 5 - 2023 Week 6",false
"Longest Streak Without Losing to a Woman","Streaks (All-Time)","All-Time (Regular Season)",4,"Sam",4,"2024 Week 3 - 2024 Week 6",false
"Longest Streak Without Losing to a Woman","Streaks (All-Time)","All-Time (Regular Season)",8,"Dan",3,"2022 Week 4 - 2023 Week 3",false
"Longest Streak Without Losing to a Woman","Streaks (All-Time)","All-Time (Regular Season)",8,"Ryan",3,"2024 Week 2 - 2024 Week 4",false
"Longest Streak Without Losing to a Woman","Streaks (All-Time)","All-Time (Regular Season)",10,"Josh",2,"2022 Week 2 - 2022 Week 5",false
"Longest Streak Without Losing to a Woman","Streaks (All-Time)","All-Time (Regular Season)",10,"Jack M",2,"2025 Week 1 - Present",true
"Longest Streak Without Losing to a Woman","Streaks (All-Time)","All-Time (Regular Season)",10,"Ian",2,"2024 Week 4 - 2024 Week 5",false
"Longest Streak Without Losing to a Woman","Streaks (All-Time)","All-Time (Regular Season)",13,"Tyler",1,"2024 Week 1",false
"Longest Streak Without Losing to a Woman","Streaks (All-Time)","All-Time (Regular Season)",13,"Steve",1,"2025 Week 3",true
"Longest Streak Without Losing to a Woman","Streaks (All-Time)","All-Time (Regular Season)",13,"Jack C",1,"2026 Week 2",true
"Active Win Streak","Streaks (Active)","All-Time (Regular Season)",1,"Cody",3,"2026 Week 3 - Present",true
"Active Win Streak","Streaks (Active)","All-Time (Regular Season)",2,"Dan",1,"2026 Week 5",true
"Active Win Streak","Streaks (Active)","All-Time (Regular Season)",2,"Richie",1,"2026 Week 5",true
"Active Win Streak","Streaks (Active)","All-Time (Regular Season)",2,"Michael",1,"2026 Week 5",true
"Active Win Streak","Streaks (Active)","All-Time (Regular Season)",2,"Sam",1,"2026 Week 5",true
"Active 2nd Place Streak","Streaks (Active)","All-Time (Regular Season)",1,"Ian",2,"2026 Week 4 - Present",true
"Active 2nd Place Streak","Streaks (Active)","All-Time (Regular Season)",2,"Josh",1,"2026 Week 5",true
"Active 2nd Place Streak","Streaks (Active)","All-Time (Regular Season)",2,"Austin",1,"2026 Week 5",true
"Active 2nd Place Streak","Streaks (Active)","All-Time (Regular Season)",2,"Steve",1,"2026 Week 5",true
"Active 2nd Place Streak","Streaks (Active)","All-Time (Regular Season)",2,"Brittany",1,"2026 Week 5",true
"Active 3rd Place Streak","Streaks (Active)","All-Time (Regular Season)",1,"Nick",1,"2026 Week 5",true
"Active 3rd Place Streak","Streaks (Active)","All-Time (Regular Season)",1,"Carly",1,"2026 Week 5",true
"Active 3rd Place Streak","Streaks (Active)","All-Time (Regular Season)",1,"Jack M",1,"2026 Week 5",true
"Active 3rd Place Streak","Streaks (Active)","All-Time (Regular Season)",1,"Emma",1,"2026 Week 5",true
"Active 3rd Place Streak","Streaks (Active)","All-Time (Regular Season)",1,"Jack C",1,"2026 Week 5",true
"Active 4th Place Streak","Streaks (Active)","All-Time (Regular Season)",1,"Ryan",1,"2026 Week 5",true
"Active 4th Place Streak","Streaks (Active)","All-Time (Regular Season)",1,"Rachel F",1,"2026 Week 5",true
"Active 4th Place Streak","Streaks (Active)","All-Time (Regular Season)",1,"Ashley",1,"2026 Week 5",true
"Active 4th Place Streak","Streaks (Active)","All-Time (Regular Season)",1,"Tyler",1,"2026 Week 5",true
"Active 4th Place Streak","Streaks (Active)","All-Time (Regular Season)",1,"Rachel M",1,"2026 Week 5",true
"Active Streak w/o 4th","Streaks (Active)","All-Time (Regular Season)",1,"Nick",7,"2025 Week 5 - Present",true
"Active Streak w/o 4th","Streaks (Active)","All-Time (Regular Season)",1,"Cody",7,"2025 Week 5 - Present",true
"Active Streak w/o 4th","Streaks (Active)","All-Time (Regular Season)",3,"Josh",6,"2025 Week 6 - Present",true
"Active Streak w/o 4th","Streaks (Active)","All-Time (Regular Season)",4,"Dan",4,"2026 Week 2 - Present",true
"Active Streak w/o 4th","Streaks (Active)","All-Time (Regular Season)",4,"Jack M",4,"2026 Week 2 - Present",true
"Active Streak w/o 4th","Streaks (Active)","All-Time (Regular Season)",6,"Carly",3,"2026 Week 3 - Present",true
"Active Streak w/o 4th","Streaks (Active)","All-Time (Regular Season)",6,"Brittany",3,"2026 Week 3 - Present",true
"Active Streak w/o 4th","Streaks (Active)","All-Time (Regular Season)",8,"Ian",2,"2026 Week 4 - Present",true
"Active Streak w/o 4th","Streaks (Active)","All-Time (Regular Season)",8,"Sam",2,"2026 Week 4 - Present",true
"Active Streak w/o 4th","Streaks (Active)","All-Time (Regular Season)",8,"Jack C",2,"2026 Week 4 - Present",true
"Active Streak w/o 4th","Streaks (Active)","All-Time (Regular Season)",11,"Austin",1,"2026 Week 5",true
"Active Streak w/o 4th","Streaks (Active)","All-Time (Regular Season)",11,"Richie",1,"2026 Week 5",true
"Active Streak w/o 4th","Streaks (Active)","All-Time (Regular Season)",11,"Michael",1,"2026 Week 5",true
"Active Streak w/o 4th","Streaks (Active)","All-Time (Regular Season)",11,"Steve",1,"2026 Week 5",true
"Active Streak w/o 4th","Streaks (Active)","All-Time (Regular Season)",11,"Emma",1,"2026 Week 5",true
"Active Winless Streak","Streaks (Active)","All-Time (Regular Season)",1,"Tyler",19,"2023 Week 5 - Present",true
"Active Winless Streak","Streaks (Active)","All-Time (Regular Season)",2,"Emma",17,"2024 Week 1 - Present",true
"Active Winless Streak","Streaks (Active)","All-Time (Regular Season)",3,"Steve",8,"2025 Week 4 - Present",true
"Active Winless Streak","Streaks (Active)","All-Time (Regular Season)",4,"Brittany",4,"2026 Week 2 - Present",true
"Active Winless Streak","Streaks (Active)","All-Time (Regular Season)",5,"Nick",3,"2026 Week 3 - Present",true
"Active Winless Streak","Streaks (Active)","All-Time (Regular Season)",5,"Austin",3,"2026 Week 3 - Present",true
"Active Winless Streak","Streaks (Active)","All-Time (Regular Season)",5,"Jack M",3,"2026 Week 3 - Present",true
"Active Winless Streak","Streaks (Active)","All-Time (Regular Season)",5,"Rachel M",3,"2026 Week 3 - Present",true
"Active Winless Streak","Streaks (Active)","All-Time (Regular Season)",5,"Ian",3,"2026 Week 3 - Present",true
"Active Winless Streak","Streaks (Active)","All-Time (Regular Season)",10,"Ryan",2,"2026 Week 4 - Present",true
"Active Winless Streak","Streaks (Active)","All-Time (Regular Season)",10,"Ashley",2,"2026 Week 4 - Present",true
"Active Winless Streak","Streaks (Active)","All-Time (Regular Season)",12,"Josh",1,"2026 Week 5",true
"Active Winless Streak","Streaks (Active)","All-Time (Regular Season)",12,"Rachel F",1,"2026 Week 5",true
"Active Winless Streak","Streaks (Active)","All-Time (Regular Season)",12,"Carly",1,"2026 Week 5",true
"Active Winless Streak","Streaks (Active)","All-Time (Regular Season)",12,"Jack C",1,"2026 Week 5",true
"Active Top Half Streak","Streaks (Active)","All-Time (Regular Season)",1,"Cody",5,"2026 Week 1 - Present",true
"Active Top Half Streak","Streaks (Active)","All-Time (Regular Season)",2,"Josh",3,"2026 Week 3 - Present",true
"Active Top Half Streak","Streaks (Active)","All-Time (Regular Season)",3,"Ian",2,"2026 Week 4 - Present",true
"Active Top Half Streak","Streaks (Active)","All-Time (Regular Season)",4,"Dan",1,"2026 Week 5",true
"Active Top Half Streak","Streaks (Active)","All-Time (Regular Season)",4,"Austin",1,"2026 Week 5",true
"Active Top Half Streak","Streaks (Active)","All-Time (Regular Season)",4,"Richie",1,"2026 Week 5",true
"Active Top Half Streak","Streaks (Active)","All-Time (Regular Season)",4,"Michael",1,"2026 Week 5",true
"Active Top Half Streak","Streaks (Active)","All-Time (Regular Season)",4,"Steve",1,"2026 Week 5",true
"Active Top Half Streak","Streaks (Active)","All-Time (Regular Season)",4,"Sam",1,"2026 Week 5",true
"Active Top Half Streak","Streaks (Active)","All-Time (Regular Season)",4,"Brittany",1,"2026 Week 5",true
"Active Bottom Half Streak","Streaks (Active)","All-Time (Regular Season)",1,"Emma",3,"2026 Week 3 - Present",true
"Active Bottom Half Streak","Streaks (Active)","All-Time (Regular Season)",2,"Ryan",2,"2026 Week 4 - Present",true
"Active Bottom Half Streak","Streaks (Active)","All-Time (Regular Season)",2,"Rachel M",2,"2026 Week 4 - Present",true
"Active Bottom Half Streak","Streaks (Active)","All-Time (Regular Season)",4,"Nick",1,"2026 Week 5",true
"Active Bottom Half Streak","Streaks (Active)","All-Time (Regular Season)",4,"Rachel F",1,"2026 Week 5",true
"Active Bottom Half Streak","Streaks (Active)","All-Time (Regular Season)",4,"Ashley",1,"2026 Week 5",true
"Active Bottom Half Streak","Streaks (Active)","All-Time (Regular Season)",4,"Carly",1,"2026 Week 5",true
"Active Bottom Half Streak","Streaks (Active)","All-Time (Regular Season)",4,"Tyler",1,"2026 Week 5",true
"Active Bottom Half Streak","Streaks (Active)","All-Time (Regular Season)",4,"Jack M",1,"2026 Week 5",true
"Active Bottom Half Streak","Streaks (Active)","All-Time (Regular Season)",4,"Jack C",1,"2026 Week 5",true
"Active Streak Without Losing to a Woman","Streaks (Active)","All-Time (Regular Season)",1,"Austin",4,"2026 Week 1 - Present",true
"Active Streak Without Losing to a Woman","Streaks (Active)","All-Time (Regular Season)",1,"Michael",4,"2025 Week 6 - Present",true
"Active Streak Without Losing to a Woman","Streaks (Active)","All-Time (Regular Season)",3,"Dan",2,"2026 Week 3 - Present",true
"Active Streak Without Losing to a Woman","Streaks (Active)","All-Time (Regular Season)",3,"Richie",2,"2026 Week 2 - Present",true
"Active Streak Without Losing to a Woman","Streaks (Active)","All-Time (Regular Season)",3,"Jack M",2,"2026 Week 2 - Present",true
"Active Streak Without Losing to a Woman","Streaks (Active)","All-Time (Regular Season)",3,"Cody",2,"2026 Week 3 - Present",true
"Active Streak Without Losing to a Woman","Streaks (Active)","All-Time (Regular Season)",7,"Josh",1,"2026 Week 5",true
"Active Streak Without Losing to a Woman","Streaks (Active)","All-Time (Regular Season)",7,"Steve",1,"2026 Week 5",true
"Active Streak Without Losing to a Woman","Streaks (Active)","All-Time (Regular Season)",7,"Jack C",1,"2026 Week 5",true
"Fastest to 10 Career Points (# Games)","Speed Records","All-Time (Regular Season)",1,"Michael",4,,false
"Fastest to 10 Career Points (# Games)","Speed Records","All-Time (Regular Season)",2,"Nick",5,,false
"Fastest to 10 Career Points (# Games)","Speed Records","All-Time (Regular Season)",2,"Luke",5,,false
"Fastest to 10 Career Points (# Games)","Speed Records","All-Time (Regular Season)",2,"Cody",5,,false
"Fastest to 10 Career Points (# Games)","Speed Records","All-Time (Regular Season)",5,"Dan",6,,false
"Fastest to 10 Career Points (# Games)","Speed Records","All-Time (Regular Season)",5,"Richie",6,,false
"Fastest to 10 Career Points (# Games)","Speed Records","All-Time (Regular Season)",5,"Rachel M",6,,false
"Fastest to 10 Career Points (# Games)","Speed Records","All-Time (Regular Season)",8,"Ryan",7,,false
"Fastest to 10 Career Points (# Games)","Speed Records","All-Time (Regular Season)",8,"Austin",7,,false
"Fastest to 10 Career Points (# Games)","Speed Records","All-Time (Regular Season)",8,"Ashley",7,,false
"Fastest to 10 Career Points (# Games)","Speed Records","All-Time (Regular Season)",8,"Carly",7,,false
"Fastest to 10 Career Points (# Games)","Speed Records","All-Time (Regular Season)",8,"Sam",7,,false
"Fastest to 10 Career Points (# Games)","Speed Records","All-Time (Regular Season)",8,"Brittany",7,,false
"Fastest to 10 Career Points (# Games)","Speed Records","All-Time (Regular Season)",14,"Rachel F",8,,false
"Fastest to 10 Career Points (# Games)","Speed Records","All-Time (Regular Season)",14,"Jack M",8,,false
"Fastest to 10 Career Points (# Games)","Speed Records","All-Time (Regular Season)",16,"Tyler",9,,false
"Fastest to 10 Career Points (# Games)","Speed Records","All-Time (Regular Season)",17,"Ian",10,,false
"Fastest to 10 Career Points (# Games)","Speed Records","All-Time (Regular Season)",17,"Jack C",10,,false
"Fastest to 10 Career Points (# Games)","Speed Records","All-Time (Regular Season)",19,"Josh",11,,false
"Fastest to 10 Career Points (# Games)","Speed Records","All-Time (Regular Season)",20,"Allie",13,,false
"Fastest to 10 Career Points (# Games)","Speed Records","All-Time (Regular Season)",20,"Emma",13,,false
"Fastest to 10 Career Points (# Games)","Speed Records","All-Time (Regular Season)",22,"Steve",14,,false
"Fastest to 20 Career Points (# Games)","Speed Records","All-Time (Regular Season)",1,"Nick",9,,false
"Fastest to 20 Career Points (# Games)","Speed Records","All-Time (Regular Season)",2,"Michael",10,,false
"Fastest to 20 Career Points (# Games)","Speed Records","All-Time (Regular Season)",3,"Rachel M",11,,false
"Fastest to 20 Career Points (# Games)","Speed Records","All-Time (Regular Season)",3,"Cody",11,,false
"Fastest to 20 Career Points (# Games)","Speed Records","All-Time (Regular Season)",3,"Sam",11,,false
"Fastest to 20 Career Points (# Games)","Speed Records","All-Time (Regular Season)",6,"Austin",12,,false
"Fastest to 20 Career Points (# Games)","Speed Records","All-Time (Regular Season)",6,"Richie",12,,false
"Fastest to 20 Career Points (# Games)","Speed Records","All-Time (Regular Season)",8,"Ashley",13,,false
"Fastest to 20 Career Points (# Games)","Speed Records","All-Time (Regular Season)",9,"Jack M",14,,false
"Fastest to 20 Career Points (# Games)","Speed Records","All-Time (Regular Season)",9,"Ian",14,,false
"Fastest to 20 Career Points (# Games)","Speed Records","All-Time (Regular Season)",11,"Rachel F",15,,false
"Fastest to 20 Career Points (# Games)","Speed Records","All-Time (Regular Season)",11,"Carly",15,,false
"Fastest to 20 Career Points (# Games)","Speed Records","All-Time (Regular Season)",13,"Ryan",16,,false
"Fastest to 20 Career Points (# Games)","Speed Records","All-Time (Regular Season)",13,"Tyler",16,,false
"Fastest to 20 Career Points (# Games)","Speed Records","All-Time (Regular Season)",15,"Dan",17,,false
"Fastest to 20 Career Points (# Games)","Speed Records","All-Time (Regular Season)",15,"Josh",17,,false
"Fastest to 20 Career Points (# Games)","Speed Records","All-Time (Regular Season)",17,"Steve",23,,false
"Fastest to 30 Career Points (# Games)","Speed Records","All-Time (Regular Season)",1,"Nick",12,,false
"Fastest to 30 Career Points (# Games)","Speed Records","All-Time (Regular Season)",2,"Michael",14,,false
"Fastest to 30 Career Points (# Games)","Speed Records","All-Time (Regular Season)",3,"Austin",15,,false
"Fastest to 30 Career Points (# Games)","Speed Records","All-Time (Regular Season)",4,"Rachel M",16,,false
"Fastest to 30 Career Points (# Games)","Speed Records","All-Time (Regular Season)",4,"Cody",16,,false
"Fastest to 30 Career Points (# Games)","Speed Records","All-Time (Regular Season)",6,"Richie",17,,false
"Fastest to 30 Career Points (# Games)","Speed Records","All-Time (Regular Season)",7,"Rachel F",19,,false
"Fastest to 30 Career Points (# Games)","Speed Records","All-Time (Regular Season)",7,"Ashley",19,,false
"Fastest to 30 Career Points (# Games)","Speed Records","All-Time (Regular Season)",9,"Jack M",20,,false
"Fastest to 30 Career Points (# Games)","Speed Records","All-Time (Regular Season)",10,"Dan",23,,false
"Fastest to 30 Career Points (# Games)","Speed Records","All-Time (Regular Season)",10,"Carly",23,,false
"Fastest to 30 Career Points (# Games)","Speed Records","All-Time (Regular Season)",12,"Ryan",27,,false
"Fastest to 30 Career Points (# Games)","Speed Records","All-Time (Regular Season)",12,"Josh",27,,false
"Fastest to 40 Career Points (# Games)","Speed Records","All-Time (Regular Season)",1,"Nick",17,,false
"Fastest to 40 Career Points (# Games)","Speed Records","All-Time (Regular Season)",2,"Michael",19,,false
"Fastest to 40 Career Points (# Games)","Speed Records","All-Time (Regular Season)",3,"Rachel M",20,,false
"Fastest to 40 Career Points (# Games)","Speed Records","All-Time (Regular Season)",4,"Richie",21,,false
"Fastest to 40 Career Points (# Games)","Speed Records","All-Time (Regular Season)",5,"Austin",22,,false
"Fastest to 40 Career Points (# Games)","Speed Records","All-Time (Regular Season)",6,"Rachel F",24,,false
"Fastest to 40 Career Points (# Games)","Speed Records","All-Time (Regular Season)",7,"Ashley",25,,false
"Fastest to 50 Career Points (# Games)","Speed Records","All-Time (Regular Season)",1,"Nick",24,,false
"Fastest to 50 Career Points (# Games)","Speed Records","All-Time (Regular Season)",2,"Michael",25,,false
"Fastest to 50 Career Points (# Games)","Speed Records","All-Time (Regular Season)",3,"Austin",26,,false
"Fastest to 50 Career Points (# Games)","Speed Records","All-Time (Regular Season)",4,"Richie",29,,false
"Fastest to 60 Career Points (# Games)","Speed Records","All-Time (Regular Season)",1,"Nick",29,,false
"Most Points (Season)","Totals","Single Season Records",1,"Nick",16,"2023",false
"Most Points (Season)","Totals","Single Season Records",2,"Nick",14,"2022",false
"Most Points (Season)","Totals","Single Season Records",2,"Richie",14,"2024",false
"Most Points (Season)","Totals","Single Season Records",2,"Rachel M",14,"2025",false
"Most Points (Season)","Totals","Single Season Records",5,"Michael",13,"2023",false
"Most Points (Season)","Totals","Single Season Records",5,"Austin",13,"2023",false
"Most Points (Season)","Totals","Single Season Records",5,"Cody",13,"2024",false
"Most Points (Season)","Totals","Single Season Records",5,"Rachel F",13,"2024",false
"Most Points (Season)","Totals","Single Season Records",5,"Nick",13,"2024",false
"Most Points (Season)","Totals","Single Season Records",5,"Sam",13,"2025",false
"Most Points (Season)","Totals","Single Season Records",5,"Cody",13,"2026",false
"Most Points (Season)","Totals","Single Season Records",12,"Michael",12,"2022",false
"Most Points (Season)","Totals","Single Season Records",12,"Rachel M",12,"2023",false
"Most Points (Season)","Totals","Single Season Records",12,"Michael",12,"2024",false
"Most Points (Season)","Totals","Single Season Records",12,"Austin",12,"2024",false
"Most Points (Season)","Totals","Single Season Records",12,"Richie",12,"2025",false
"Most Points (Season)","Totals","Single Season Records",12,"Jack M",12,"2025",false
"Most Points (Season)","Totals","Single Season Records",12,"Michael",12,"2025",false
"Most Points (Season)","Totals","Single Season Records",19,"Richie",11,"2022",false
"Most Points (Season)","Totals","Single Season Records",19,"Luke",11,"2022",false
"Most Points (Season)","Totals","Single Season Records",19,"Carly",11,"2024",false
"Most Points (Season)","Totals","Single Season Records",19,"Ashley",11,"2025",false
"Most Points (Season)","Totals","Single Season Records",19,"Rachel F",11,"2025",false
"Most Points (Season)","Totals","Single Season Records",19,"Austin",11,"2025",false
"Most Points (Season)","Totals","Single Season Records",19,"Dan",11,"2025",false
"Most Points (Season)","Totals","Single Season Records",19,"Ian",11,"2025",false
"Most Points (Season)","Totals","Single Season Records",27,"Dan",10,"2022",false
"Most Points (Season)","Totals","Single Season Records",27,"Richie",10,"2023",false
"Most Points (Season)","Totals","Single Season Records",27,"Ashley",10,"2023",false
"Most Points (Season)","Totals","Single Season Records",27,"Rachel M",10,"2024",false
"Most Points (Season)","Totals","Single Season Records",27,"Ashley",10,"2024",false
"Most Points (Season)","Totals","Single Season Records",27,"Ryan",10,"2024",false
"Most Points (Season)","Totals","Single Season Records",27,"Nick",10,"2026",false
"Most Points (Season)","Totals","Single Season Records",27,"Josh",10,"2026",false
"Most Points (Season)","Totals","Single Season Records",27,"Austin",10,"2026",false
"Most Points (Season)","Totals","Single Season Records",27,"Ian",10,"2026",false
"Most Points (Season)","Totals","Single Season Records",37,"Ryan",9,"2022",false
"Most Points (Season)","Totals","Single Season Records",37,"Austin",9,"2022",false
"Most Points (Season)","Totals","Single Season Records",37,"Rachel F",9,"2023",false
"Most Points (Season)","Totals","Single Season Records",37,"Jack M",9,"2024",false
"Most Points (Season)","Totals","Single Season Records",37,"Josh",9,"2024",false
"Most Points (Season)","Totals","Single Season Records",37,"Sam",9,"2024",false
"Most Points (Season)","Totals","Single Season Records",37,"Tyler",9,"2025",false
"Most Points (Season)","Totals","Single Season Records",37,"Ashley",9,"2026",false
"Most Points (Season)","Totals","Single Season Records",37,"Michael",9,"2026",false
"Most Points (Season)","Totals","Single Season Records",46,"Carly",8,"2023",false
"Most Points (Season)","Totals","Single Season Records",46,"Steve",8,"2023",false
"Most Points (Season)","Totals","Single Season Records",46,"Steve",8,"2025",false
"Most Points (Season)","Totals","Single Season Records",46,"Cody",8,"2025",false
"Most Points (Season)","Totals","Single Season Records",46,"Brittany",8,"2025",false
"Most Points (Season)","Totals","Single Season Records",46,"Rachel M",8,"2026",false
"Most Points (Season)","Totals","Single Season Records",46,"Jack M",8,"2026",false
"Most Points (Season)","Totals","Single Season Records",53,"Rachel F",7,"2022",false
"Most Points (Season)","Totals","Single Season Records",53,"Ashley",7,"2022",false
"Most Points (Season)","Totals","Single Season Records",53,"Luke",7,"2023",false
"Most Points (Season)","Totals","Single Season Records",53,"Tyler",7,"2023",false
"Most Points (Season)","Totals","Single Season Records",53,"Jack M",7,"2023",false
"Most Points (Season)","Totals","Single Season Records",53,"Josh",7,"2023",false
"Most Points (Season)","Totals","Single Season Records",53,"Tyler",7,"2024",false
"Most Points (Season)","Totals","Single Season Records",53,"Jennie",7,"2024",false
"Most Points (Season)","Totals","Single Season Records",53,"Dan",7,"2024",false
"Most Points (Season)","Totals","Single Season Records",53,"Nick",7,"2025",false
"Most Points (Season)","Totals","Single Season Records",53,"Sam",7,"2026",false
"Most Points (Season)","Totals","Single Season Records",53,"Carly",7,"2026",false
"Most Points (Season)","Totals","Single Season Records",53,"Brittany",7,"2026",false
"Most Points (Season)","Totals","Single Season Records",53,"Jack C",7,"2026",false
"Most Points (Season)","Totals","Single Season Records",67,"Becca",6,"2022",false
"Most Points (Season)","Totals","Single Season Records",67,"Rachel F",6,"2026",false
"Most Points (Season)","Totals","Single Season Records",67,"Dan",6,"2026",false
"Most Points (Season)","Totals","Single Season Records",70,"Josh",5,"2022",false
"Most Points (Season)","Totals","Single Season Records",70,"Allie",5,"2024",false
"Most Points (Season)","Totals","Single Season Records",70,"Emma",5,"2024",false
"Most Points (Season)","Totals","Single Season Records",70,"Ian",5,"2024",false
"Most Points (Season)","Totals","Single Season Records",70,"Josh",5,"2025",false
"Most Points (Season)","Totals","Single Season Records",70,"Jack C",5,"2025",false
"Most Points (Season)","Totals","Single Season Records",70,"Richie",5,"2026",false
"Most Points (Season)","Totals","Single Season Records",70,"Emma",5,"2026",false
"Most Points (Season)","Totals","Single Season Records",70,"Tyler",5,"2026",false
"Most Points (Season)","Totals","Single Season Records",79,"Allie",4,"2022",false
"Most Points (Season)","Totals","Single Season Records",79,"Dan",4,"2023",false
"Most Points (Season)","Totals","Single Season Records",79,"Ryan",4,"2023",false
"Most Points (Season)","Totals","Single Season Records",79,"Ryan",4,"2025",false
"Most Points (Season)","Totals","Single Season Records",79,"Emma",4,"2025",false
"Most Points (Season)","Totals","Single Season Records",79,"Carly",4,"2025",false
"Most Points (Season)","Totals","Single Season Records",79,"Ryan",4,"2026",false
"Most Points (Season)","Totals","Single Season Records",79,"Steve",4,"2026",false
"Most Points (Season)","Totals","Single Season Records",87,"Brian",3,"2022",false
"Most Points (Season)","Totals","Single Season Records",87,"Allie",3,"2023",false
"Most Points (Season)","Totals","Single Season Records",89,"Steve",1,"2024",false
"Most 1st Places","Totals","Single Season Records",1,"Nick",4,"2022",false
"Most 1st Places","Totals","Single Season Records",1,"Nick",4,"2023",false
"Most 1st Places","Totals","Single Season Records",1,"Austin",4,"2023",false
"Most 1st Places","Totals","Single Season Records",1,"Richie",4,"2024",false
"Most 1st Places","Totals","Single Season Records",5,"Michael",3,"2022",false
"Most 1st Places","Totals","Single Season Records",5,"Michael",3,"2023",false
"Most 1st Places","Totals","Single Season Records",5,"Cody",3,"2024",false
"Most 1st Places","Totals","Single Season Records",5,"Carly",3,"2024",false
"Most 1st Places","Totals","Single Season Records",5,"Austin",3,"2024",false
"Most 1st Places","Totals","Single Season Records",5,"Richie",3,"2025",false
"Most 1st Places","Totals","Single Season Records",5,"Rachel M",3,"2025",false
"Most 1st Places","Totals","Single Season Records",5,"Sam",3,"2025",false
"Most 1st Places","Totals","Single Season Records",5,"Michael",3,"2025",false
"Most 1st Places","Totals","Single Season Records",5,"Ian",3,"2025",false
"Most 1st Places","Totals","Single Season Records",5,"Cody",3,"2026",false
"Most 1st Places","Totals","Single Season Records",16,"Richie",2,"2022",false
"Most 1st Places","Totals","Single Season Records",16,"Rachel F",2,"2022",false
"Most 1st Places","Totals","Single Season Records",16,"Luke",2,"2022",false
"Most 1st Places","Totals","Single Season Records",16,"Richie",2,"2023",false
"Most 1st Places","Totals","Single Season Records",16,"Luke",2,"2023",false
"Most 1st Places","Totals","Single Season Records",16,"Rachel F",2,"2023",false
"Most 1st Places","Totals","Single Season Records",16,"Josh",2,"2023",false
"Most 1st Places","Totals","Single Season Records",16,"Rachel M",2,"2023",false
"Most 1st Places","Totals","Single Season Records",16,"Michael",2,"2024",false
"Most 1st Places","Totals","Single Season Records",16,"Ashley",2,"2024",false
"Most 1st Places","Totals","Single Season Records",16,"Ryan",2,"2024",false
"Most 1st Places","Totals","Single Season Records",16,"Rachel F",2,"2024",false
"Most 1st Places","Totals","Single Season Records",16,"Josh",2,"2024",false
"Most 1st Places","Totals","Single Season Records",16,"Nick",2,"2024",false
"Most 1st Places","Totals","Single Season Records",16,"Sam",2,"2024",false
"Most 1st Places","Totals","Single Season Records",16,"Ashley",2,"2025",false
"Most 1st Places","Totals","Single Season Records",16,"Jack M",2,"2025",false
"Most 1st Places","Totals","Single Season Records",16,"Nick",2,"2025",false
"Most 1st Places","Totals","Single Season Records",16,"Rachel F",2,"2025",false
"Most 1st Places","Totals","Single Season Records",16,"Dan",2,"2025",false
"Most 1st Places","Totals","Single Season Records",16,"Ashley",2,"2026",false
"Most 1st Places","Totals","Single Season Records",16,"Michael",2,"2026",false
"Most 1st Places","Totals","Single Season Records",16,"Carly",2,"2026",false
"Most 1st Places","Totals","Single Season Records",16,"Josh",2,"2026",false
"Most 1st Places","Totals","Single Season Records",16,"Austin",2,"2026",false
"Most 1st Places","Totals","Single Season Records",16,"Ian",2,"2026",false
"Most 1st Places","Totals","Single Season Records",42,"Brian",1,"2022",false
"Most 1st Places","Totals","Single Season Records",42,"Dan",1,"2022",false
"Most 1st Places","Totals","Single Season Records",42,"Josh",1,"2022",false
"Most 1st Places","Totals","Single Season Records",42,"Austin",1,"2022",false
"Most 1st Places","Totals","Single Season Records",42,"Ashley",1,"2022",false
"Most 1st Places","Totals","Single Season Records",42,"Ashley",1,"2023",false
"Most 1st Places","Totals","Single Season Records",42,"Tyler",1,"2023",false
"Most 1st Places","Totals","Single Season Records",42,"Jack M",1,"2024",false
"Most 1st Places","Totals","Single Season Records",42,"Rachel M",1,"2024",false
"Most 1st Places","Totals","Single Season Records",42,"Jennie",1,"2024",false
"Most 1st Places","Totals","Single Season Records",42,"Dan",1,"2024",false
"Most 1st Places","Totals","Single Season Records",42,"Ryan",1,"2025",false
"Most 1st Places","Totals","Single Season Records",42,"Steve",1,"2025",false
"Most 1st Places","Totals","Single Season Records",42,"Carly",1,"2025",false
"Most 1st Places","Totals","Single Season Records",42,"Cody",1,"2025",false
"Most 1st Places","Totals","Single Season Records",42,"Brittany",1,"2025",false
"Most 1st Places","Totals","Single Season Records",42,"Richie",1,"2026",false
"Most 1st Places","Totals","Single Season Records",42,"Sam",1,"2026",false
"Most 1st Places","Totals","Single Season Records",42,"Nick",1,"2026",false
"Most 1st Places","Totals","Single Season Records",42,"Rachel M",1,"2026",false
"Most 1st Places","Totals","Single Season Records",42,"Ryan",1,"2026",false
"Most 1st Places","Totals","Single Season Records",42,"Rachel F",1,"2026",false
"Most 1st Places","Totals","Single Season Records",42,"Brittany",1,"2026",false
"Most 1st Places","Totals","Single Season Records",42,"Jack M",1,"2026",false
"Most 1st Places","Totals","Single Season Records",42,"Jack C",1,"2026",false
"Most 1st Places","Totals","Single Season Records",42,"Dan",1,"2026",false
"Most 1st Places","Totals","Single Season Records",68,"Ryan",0,"2022",false
"Most 1st Places","Totals","Single Season Records",68,"Becca",0,"2022",false
"Most 1st Places","Totals","Single Season Records",68,"Allie",0,"2022",false
"Most 1st Places","Totals","Single Season Records",68,"Allie",0,"2023",false
"Most 1st Places","Totals","Single Season Records",68,"Carly",0,"2023",false
"Most 1st Places","Totals","Single Season Records",68,"Dan",0,"2023",false
"Most 1st Places","Totals","Single Season Records",68,"Jack M",0,"2023",false
"Most 1st Places","Totals","Single Season Records",68,"Ryan",0,"2023",false
"Most 1st Places","Totals","Single Season Records",68,"Steve",0,"2023",false
"Most 1st Places","Totals","Single Season Records",68,"Tyler",0,"2024",false
"Most 1st Places","Totals","Single Season Records",68,"Allie",0,"2024",false
"Most 1st Places","Totals","Single Season Records",68,"Emma",0,"2024",false
"Most 1st Places","Totals","Single Season Records",68,"Ian",0,"2024",false
"Most 1st Places","Totals","Single Season Records",68,"Steve",0,"2024",false
"Most 1st Places","Totals","Single Season Records",68,"Josh",0,"2025",false
"Most 1st Places","Totals","Single Season Records",68,"Jack C",0,"2025",false
"Most 1st Places","Totals","Single Season Records",68,"Emma",0,"2025",false
"Most 1st Places","Totals","Single Season Records",68,"Austin",0,"2025",false
"Most 1st Places","Totals","Single Season Records",68,"Tyler",0,"2025",false
"Most 1st Places","Totals","Single Season Records",68,"Emma",0,"2026",false
"Most 1st Places","Totals","Single Season Records",68,"Tyler",0,"2026",false
"Most 1st Places","Totals","Single Season Records",68,"Steve",0,"2026",false
"Most 2nd Places","Totals","Single Season Records",1,"Austin",5,"2025",false
"Most 2nd Places","Totals","Single Season Records",2,"Steve",4,"2023",false
"Most 2nd Places","Totals","Single Season Records",2,"Tyler",4,"2025",false
"Most 2nd Places","Totals","Single Season Records",4,"Dan",3,"2022",false
"Most 2nd Places","Totals","Single Season Records",4,"Ryan",3,"2022",false
"Most 2nd Places","Totals","Single Season Records",4,"Ashley",3,"2023",false
"Most 2nd Places","Totals","Single Season Records",4,"Carly",3,"2023",false
"Most 2nd Places","Totals","Single Season Records",4,"Rachel M",3,"2023",false
"Most 2nd Places","Totals","Single Season Records",4,"Tyler",3,"2024",false
"Most 2nd Places","Totals","Single Season Records",4,"Rachel M",3,"2024",false
"Most 2nd Places","Totals","Single Season Records",4,"Rachel F",3,"2024",false
"Most 2nd Places","Totals","Single Season Records",4,"Nick",3,"2024",false
"Most 2nd Places","Totals","Single Season Records",4,"Jack M",3,"2025",false
"Most 2nd Places","Totals","Single Season Records",4,"Nick",3,"2026",false
"Most 2nd Places","Totals","Single Season Records",15,"Luke",2,"2022",false
"Most 2nd Places","Totals","Single Season Records",15,"Becca",2,"2022",false
"Most 2nd Places","Totals","Single Season Records",15,"Ashley",2,"2022",false
"Most 2nd Places","Totals","Single Season Records",15,"Michael",2,"2023",false
"Most 2nd Places","Totals","Single Season Records",15,"Nick",2,"2023",false
"Most 2nd Places","Totals","Single Season Records",15,"Jack M",2,"2023",false
"Most 2nd Places","Totals","Single Season Records",15,"Allie",2,"2024",false
"Most 2nd Places","Totals","Single Season Records",15,"Jack M",2,"2024",false
"Most 2nd Places","Totals","Single Season Records",15,"Emma",2,"2024",false
"Most 2nd Places","Totals","Single Season Records",15,"Michael",2,"2024",false
"Most 2nd Places","Totals","Single Season Records",15,"Ryan",2,"2024",false
"Most 2nd Places","Totals","Single Season Records",15,"Josh",2,"2025",false
"Most 2nd Places","Totals","Single Season Records",15,"Rachel M",2,"2025",false
"Most 2nd Places","Totals","Single Season Records",15,"Sam",2,"2025",false
"Most 2nd Places","Totals","Single Season Records",15,"Steve",2,"2025",false
"Most 2nd Places","Totals","Single Season Records",15,"Dan",2,"2025",false
"Most 2nd Places","Totals","Single Season Records",15,"Cody",2,"2026",false
"Most 2nd Places","Totals","Single Season Records",15,"Rachel M",2,"2026",false
"Most 2nd Places","Totals","Single Season Records",15,"Austin",2,"2026",false
"Most 2nd Places","Totals","Single Season Records",15,"Tyler",2,"2026",false
"Most 2nd Places","Totals","Single Season Records",15,"Jack M",2,"2026",false
"Most 2nd Places","Totals","Single Season Records",15,"Ian",2,"2026",false
"Most 2nd Places","Totals","Single Season Records",37,"Josh",1,"2022",false
"Most 2nd Places","Totals","Single Season Records",37,"Nick",1,"2022",false
"Most 2nd Places","Totals","Single Season Records",37,"Austin",1,"2022",false
"Most 2nd Places","Totals","Single Season Records",37,"Richie",1,"2022",false
"Most 2nd Places","Totals","Single Season Records",37,"Michael",1,"2022",false
"Most 2nd Places","Totals","Single Season Records",37,"Allie",1,"2022",false
"Most 2nd Places","Totals","Single Season Records",37,"Richie",1,"2023",false
"Most 2nd Places","Totals","Single Season Records",37,"Allie",1,"2023",false
"Most 2nd Places","Totals","Single Season Records",37,"Dan",1,"2023",false
"Most 2nd Places","Totals","Single Season Records",37,"Tyler",1,"2023",false
"Most 2nd Places","Totals","Single Season Records",37,"Richie",1,"2024",false
"Most 2nd Places","Totals","Single Season Records",37,"Cody",1,"2024",false
"Most 2nd Places","Totals","Single Season Records",37,"Ashley",1,"2024",false
"Most 2nd Places","Totals","Single Season Records",37,"Jennie",1,"2024",false
"Most 2nd Places","Totals","Single Season Records",37,"Dan",1,"2024",false
"Most 2nd Places","Totals","Single Season Records",37,"Josh",1,"2024",false
"Most 2nd Places","Totals","Single Season Records",37,"Ian",1,"2024",false
"Most 2nd Places","Totals","Single Season Records",37,"Austin",1,"2024",false
"Most 2nd Places","Totals","Single Season Records",37,"Richie",1,"2025",false
"Most 2nd Places","Totals","Single Season Records",37,"Jack C",1,"2025",false
"Most 2nd Places","Totals","Single Season Records",37,"Ashley",1,"2025",false
"Most 2nd Places","Totals","Single Season Records",37,"Emma",1,"2025",false
"Most 2nd Places","Totals","Single Season Records",37,"Michael",1,"2025",false
"Most 2nd Places","Totals","Single Season Records",37,"Cody",1,"2025",false
"Most 2nd Places","Totals","Single Season Records",37,"Brittany",1,"2025",false
"Most 2nd Places","Totals","Single Season Records",37,"Rachel F",1,"2025",false
"Most 2nd Places","Totals","Single Season Records",37,"Richie",1,"2026",false
"Most 2nd Places","Totals","Single Season Records",37,"Ashley",1,"2026",false
"Most 2nd Places","Totals","Single Season Records",37,"Sam",1,"2026",false
"Most 2nd Places","Totals","Single Season Records",37,"Michael",1,"2026",false
"Most 2nd Places","Totals","Single Season Records",37,"Emma",1,"2026",false
"Most 2nd Places","Totals","Single Season Records",37,"Josh",1,"2026",false
"Most 2nd Places","Totals","Single Season Records",37,"Rachel F",1,"2026",false
"Most 2nd Places","Totals","Single Season Records",37,"Brittany",1,"2026",false
"Most 2nd Places","Totals","Single Season Records",37,"Steve",1,"2026",false
"Most 2nd Places","Totals","Single Season Records",37,"Jack C",1,"2026",false
"Most 2nd Places","Totals","Single Season Records",73,"Brian",0,"2022",false
"Most 2nd Places","Totals","Single Season Records",73,"Rachel F",0,"2022",false
"Most 2nd Places","Totals","Single Season Records",73,"Luke",0,"2023",false
"Most 2nd Places","Totals","Single Season Records",73,"Rachel F",0,"2023",false
"Most 2nd Places","Totals","Single Season Records",73,"Austin",0,"2023",false
"Most 2nd Places","Totals","Single Season Records",73,"Josh",0,"2023",false
"Most 2nd Places","Totals","Single Season Records",73,"Ryan",0,"2023",false
"Most 2nd Places","Totals","Single Season Records",73,"Carly",0,"2024",false
"Most 2nd Places","Totals","Single Season Records",73,"Steve",0,"2024",false
"Most 2nd Places","Totals","Single Season Records",73,"Sam",0,"2024",false
"Most 2nd Places","Totals","Single Season Records",73,"Ryan",0,"2025",false
"Most 2nd Places","Totals","Single Season Records",73,"Carly",0,"2025",false
"Most 2nd Places","Totals","Single Season Records",73,"Nick",0,"2025",false
"Most 2nd Places","Totals","Single Season Records",73,"Ian",0,"2025",false
"Most 2nd Places","Totals","Single Season Records",73,"Carly",0,"2026",false
"Most 2nd Places","Totals","Single Season Records",73,"Ryan",0,"2026",false
"Most 2nd Places","Totals","Single Season Records",73,"Dan",0,"2026",false
"Most 3rd Places","Totals","Single Season Records",1,"Austin",4,"2022",false
"Most 3rd Places","Totals","Single Season Records",1,"Ryan",4,"2023",false
"Most 3rd Places","Totals","Single Season Records",3,"Ryan",3,"2022",false
"Most 3rd Places","Totals","Single Season Records",3,"Richie",3,"2022",false
"Most 3rd Places","Totals","Single Season Records",3,"Rachel F",3,"2023",false
"Most 3rd Places","Totals","Single Season Records",3,"Jack M",3,"2023",false
"Most 3rd Places","Totals","Single Season Records",3,"Ian",3,"2024",false
"Most 3rd Places","Totals","Single Season Records",3,"Sam",3,"2024",false
"Most 3rd Places","Totals","Single Season Records",3,"Jack C",3,"2025",false
"Most 3rd Places","Totals","Single Season Records",3,"Ashley",3,"2025",false
"Most 3rd Places","Totals","Single Season Records",3,"Cody",3,"2025",false
"Most 3rd Places","Totals","Single Season Records",3,"Brittany",3,"2025",false
"Most 3rd Places","Totals","Single Season Records",3,"Rachel F",3,"2025",false
"Most 3rd Places","Totals","Single Season Records",3,"Emma",3,"2026",false
"Most 3rd Places","Totals","Single Season Records",3,"Dan",3,"2026",false
"Most 3rd Places","Totals","Single Season Records",16,"Becca",2,"2022",false
"Most 3rd Places","Totals","Single Season Records",16,"Allie",2,"2022",false
"Most 3rd Places","Totals","Single Season Records",16,"Richie",2,"2023",false
"Most 3rd Places","Totals","Single Season Records",16,"Carly",2,"2023",false
"Most 3rd Places","Totals","Single Season Records",16,"Dan",2,"2023",false
"Most 3rd Places","Totals","Single Season Records",16,"Tyler",2,"2023",false
"Most 3rd Places","Totals","Single Season Records",16,"Cody",2,"2024",false
"Most 3rd Places","Totals","Single Season Records",16,"Jack M",2,"2024",false
"Most 3rd Places","Totals","Single Season Records",16,"Michael",2,"2024",false
"Most 3rd Places","Totals","Single Season Records",16,"Ashley",2,"2024",false
"Most 3rd Places","Totals","Single Season Records",16,"Jennie",2,"2024",false
"Most 3rd Places","Totals","Single Season Records",16,"Dan",2,"2024",false
"Most 3rd Places","Totals","Single Season Records",16,"Carly",2,"2024",false
"Most 3rd Places","Totals","Single Season Records",16,"Emma",2,"2025",false
"Most 3rd Places","Totals","Single Season Records",16,"Ian",2,"2025",false
"Most 3rd Places","Totals","Single Season Records",16,"Sam",2,"2026",false
"Most 3rd Places","Totals","Single Season Records",16,"Josh",2,"2026",false
"Most 3rd Places","Totals","Single Season Records",16,"Brittany",2,"2026",false
"Most 3rd Places","Totals","Single Season Records",16,"Steve",2,"2026",false
"Most 3rd Places","Totals","Single Season Records",16,"Jack C",2,"2026",false
"Most 3rd Places","Totals","Single Season Records",36,"Dan",1,"2022",false
"Most 3rd Places","Totals","Single Season Records",36,"Rachel F",1,"2022",false
"Most 3rd Places","Totals","Single Season Records",36,"Michael",1,"2022",false
"Most 3rd Places","Totals","Single Season Records",36,"Luke",1,"2022",false
"Most 3rd Places","Totals","Single Season Records",36,"Luke",1,"2023",false
"Most 3rd Places","Totals","Single Season Records",36,"Ashley",1,"2023",false
"Most 3rd Places","Totals","Single Season Records",36,"Allie",1,"2023",false
"Most 3rd Places","Totals","Single Season Records",36,"Austin",1,"2023",false
"Most 3rd Places","Totals","Single Season Records",36,"Josh",1,"2023",false
"Most 3rd Places","Totals","Single Season Records",36,"Tyler",1,"2024",false
"Most 3rd Places","Totals","Single Season Records",36,"Allie",1,"2024",false
"Most 3rd Places","Totals","Single Season Records",36,"Emma",1,"2024",false
"Most 3rd Places","Totals","Single Season Records",36,"Rachel M",1,"2024",false
"Most 3rd Places","Totals","Single Season Records",36,"Rachel F",1,"2024",false
"Most 3rd Places","Totals","Single Season Records",36,"Josh",1,"2024",false
"Most 3rd Places","Totals","Single Season Records",36,"Austin",1,"2024",false
"Most 3rd Places","Totals","Single Season Records",36,"Nick",1,"2024",false
"Most 3rd Places","Totals","Single Season Records",36,"Steve",1,"2024",false
"Most 3rd Places","Totals","Single Season Records",36,"Richie",1,"2025",false
"Most 3rd Places","Totals","Single Season Records",36,"Josh",1,"2025",false
"Most 3rd Places","Totals","Single Season Records",36,"Ryan",1,"2025",false
"Most 3rd Places","Totals","Single Season Records",36,"Rachel M",1,"2025",false
"Most 3rd Places","Totals","Single Season Records",36,"Steve",1,"2025",false
"Most 3rd Places","Totals","Single Season Records",36,"Michael",1,"2025",false
"Most 3rd Places","Totals","Single Season Records",36,"Carly",1,"2025",false
"Most 3rd Places","Totals","Single Season Records",36,"Nick",1,"2025",false
"Most 3rd Places","Totals","Single Season Records",36,"Austin",1,"2025",false
"Most 3rd Places","Totals","Single Season Records",36,"Tyler",1,"2025",false
"Most 3rd Places","Totals","Single Season Records",36,"Dan",1,"2025",false
"Most 3rd Places","Totals","Single Season Records",36,"Ashley",1,"2026",false
"Most 3rd Places","Totals","Single Season Records",36,"Michael",1,"2026",false
"Most 3rd Places","Totals","Single Season Records",36,"Nick",1,"2026",false
"Most 3rd Places","Totals","Single Season Records",36,"Carly",1,"2026",false
"Most 3rd Places","Totals","Single Season Records",36,"Rachel M",1,"2026",false
"Most 3rd Places","Totals","Single Season Records",36,"Ryan",1,"2026",false
"Most 3rd Places","Totals","Single Season Records",36,"Rachel F",1,"2026",false
"Most 3rd Places","Totals","Single Season Records",36,"Tyler",1,"2026",false
"Most 3rd Places","Totals","Single Season Records",36,"Jack M",1,"2026",false
"Most 3rd Places","Totals","Single Season Records",74,"Brian",0,"2022",false
"Most 3rd Places","Totals","Single Season Records",74,"Josh",0,"2022",false
"Most 3rd Places","Totals","Single Season Records",74,"Nick",0,"2022",false
"Most 3rd Places","Totals","Single Season Records",74,"Ashley",0,"2022",false
"Most 3rd Places","Totals","Single Season Records",74,"Michael",0,"2023",false
"Most 3rd Places","Totals","Single Season Records",74,"Nick",0,"2023",false
"Most 3rd Places","Totals","Single Season Records",74,"Rachel M",0,"2023",false
"Most 3rd Places","Totals","Single Season Records",74,"Steve",0,"2023",false
"Most 3rd Places","Totals","Single Season Records",74,"Richie",0,"2024",false
"Most 3rd Places","Totals","Single Season Records",74,"Ryan",0,"2024",false
"Most 3rd Places","Totals","Single Season Records",74,"Sam",0,"2025",false
"Most 3rd Places","Totals","Single Season Records",74,"Jack M",0,"2025",false
"Most 3rd Places","Totals","Single Season Records",74,"Richie",0,"2026",false
"Most 3rd Places","Totals","Single Season Records",74,"Cody",0,"2026",false
"Most 3rd Places","Totals","Single Season Records",74,"Austin",0,"2026",false
"Most 3rd Places","Totals","Single Season Records",74,"Ian",0,"2026",false
"Most 4th Places","Totals","Single Season Records",1,"Steve",5,"2024",false
"Most 4th Places","Totals","Single Season Records",2,"Josh",4,"2022",false
"Most 4th Places","Totals","Single Season Records",2,"Allie",4,"2023",false
"Most 4th Places","Totals","Single Season Records",2,"Ryan",4,"2025",false
"Most 4th Places","Totals","Single Season Records",2,"Carly",4,"2025",false
"Most 4th Places","Totals","Single Season Records",6,"Rachel F",3,"2022",false
"Most 4th Places","Totals","Single Season Records",6,"Ashley",3,"2022",false
"Most 4th Places","Totals","Single Season Records",6,"Luke",3,"2023",false
"Most 4th Places","Totals","Single Season Records",6,"Dan",3,"2023",false
"Most 4th Places","Totals","Single Season Records",6,"Josh",3,"2023",false
"Most 4th Places","Totals","Single Season Records",6,"Allie",3,"2024",false
"Most 4th Places","Totals","Single Season Records",6,"Emma",3,"2024",false
"Most 4th Places","Totals","Single Season Records",6,"Josh",3,"2025",false
"Most 4th Places","Totals","Single Season Records",6,"Emma",3,"2025",false
"Most 4th Places","Totals","Single Season Records",6,"Nick",3,"2025",false
"Most 4th Places","Totals","Single Season Records",6,"Richie",3,"2026",false
"Most 4th Places","Totals","Single Season Records",6,"Ryan",3,"2026",false
"Most 4th Places","Totals","Single Season Records",18,"Becca",2,"2022",false
"Most 4th Places","Totals","Single Season Records",18,"Tyler",2,"2023",false
"Most 4th Places","Totals","Single Season Records",18,"Ryan",2,"2023",false
"Most 4th Places","Totals","Single Season Records",18,"Steve",2,"2023",false
"Most 4th Places","Totals","Single Season Records",18,"Tyler",2,"2024",false
"Most 4th Places","Totals","Single Season Records",18,"Jennie",2,"2024",false
"Most 4th Places","Totals","Single Season Records",18,"Ryan",2,"2024",false
"Most 4th Places","Totals","Single Season Records",18,"Dan",2,"2024",false
"Most 4th Places","Totals","Single Season Records",18,"Josh",2,"2024",false
"Most 4th Places","Totals","Single Season Records",18,"Ian",2,"2024",false
"Most 4th Places","Totals","Single Season Records",18,"Jack C",2,"2025",false
"Most 4th Places","Totals","Single Season Records",18,"Steve",2,"2025",false
"Most 4th Places","Totals","Single Season Records",18,"Carly",2,"2026",false
"Most 4th Places","Totals","Single Season Records",18,"Rachel F",2,"2026",false
"Most 4th Places","Totals","Single Season Records",18,"Tyler",2,"2026",false
"Most 4th Places","Totals","Single Season Records",18,"Steve",2,"2026",false
"Most 4th Places","Totals","Single Season Records",34,"Brian",1,"2022",false
"Most 4th Places","Totals","Single Season Records",34,"Dan",1,"2022",false
"Most 4th Places","Totals","Single Season Records",34,"Nick",1,"2022",false
"Most 4th Places","Totals","Single Season Records",34,"Michael",1,"2022",false
"Most 4th Places","Totals","Single Season Records",34,"Luke",1,"2022",false
"Most 4th Places","Totals","Single Season Records",34,"Allie",1,"2022",false
"Most 4th Places","Totals","Single Season Records",34,"Michael",1,"2023",false
"Most 4th Places","Totals","Single Season Records",34,"Richie",1,"2023",false
"Most 4th Places","Totals","Single Season Records",34,"Ashley",1,"2023",false
"Most 4th Places","Totals","Single Season Records",34,"Rachel F",1,"2023",false
"Most 4th Places","Totals","Single Season Records",34,"Carly",1,"2023",false
"Most 4th Places","Totals","Single Season Records",34,"Austin",1,"2023",false
"Most 4th Places","Totals","Single Season Records",34,"Jack M",1,"2023",false
"Most 4th Places","Totals","Single Season Records",34,"Rachel M",1,"2023",false
"Most 4th Places","Totals","Single Season Records",34,"Richie",1,"2024",false
"Most 4th Places","Totals","Single Season Records",34,"Jack M",1,"2024",false
"Most 4th Places","Totals","Single Season Records",34,"Rachel M",1,"2024",false
"Most 4th Places","Totals","Single Season Records",34,"Ashley",1,"2024",false
"Most 4th Places","Totals","Single Season Records",34,"Carly",1,"2024",false
"Most 4th Places","Totals","Single Season Records",34,"Austin",1,"2024",false
"Most 4th Places","Totals","Single Season Records",34,"Sam",1,"2024",false
"Most 4th Places","Totals","Single Season Records",34,"Richie",1,"2025",false
"Most 4th Places","Totals","Single Season Records",34,"Sam",1,"2025",false
"Most 4th Places","Totals","Single Season Records",34,"Jack M",1,"2025",false
"Most 4th Places","Totals","Single Season Records",34,"Michael",1,"2025",false
"Most 4th Places","Totals","Single Season Records",34,"Cody",1,"2025",false
"Most 4th Places","Totals","Single Season Records",34,"Brittany",1,"2025",false
"Most 4th Places","Totals","Single Season Records",34,"Tyler",1,"2025",false
"Most 4th Places","Totals","Single Season Records",34,"Dan",1,"2025",false
"Most 4th Places","Totals","Single Season Records",34,"Ian",1,"2025",false
"Most 4th Places","Totals","Single Season Records",34,"Ashley",1,"2026",false
"Most 4th Places","Totals","Single Season Records",34,"Sam",1,"2026",false
"Most 4th Places","Totals","Single Season Records",34,"Michael",1,"2026",false
"Most 4th Places","Totals","Single Season Records",34,"Emma",1,"2026",false
"Most 4th Places","Totals","Single Season Records",34,"Rachel M",1,"2026",false
"Most 4th Places","Totals","Single Season Records",34,"Austin",1,"2026",false
"Most 4th Places","Totals","Single Season Records",34,"Brittany",1,"2026",false
"Most 4th Places","Totals","Single Season Records",34,"Jack M",1,"2026",false
"Most 4th Places","Totals","Single Season Records",34,"Jack C",1,"2026",false
"Most 4th Places","Totals","Single Season Records",34,"Ian",1,"2026",false
"Most 4th Places","Totals","Single Season Records",34,"Dan",1,"2026",false
"Most 4th Places","Totals","Single Season Records",75,"Ryan",0,"2022",false
"Most 4th Places","Totals","Single Season Records",75,"Austin",0,"2022",false
"Most 4th Places","Totals","Single Season Records",75,"Richie",0,"2022",false
"Most 4th Places","Totals","Single Season Records",75,"Nick",0,"2023",false
"Most 4th Places","Totals","Single Season Records",75,"Cody",0,"2024",false
"Most 4th Places","Totals","Single Season Records",75,"Michael",0,"2024",false
"Most 4th Places","Totals","Single Season Records",75,"Rachel F",0,"2024",false
"Most 4th Places","Totals","Single Season Records",75,"Nick",0,"2024",false
"Most 4th Places","Totals","Single Season Records",75,"Rachel M",0,"2025",false
"Most 4th Places","Totals","Single Season Records",75,"Ashley",0,"2025",false
"Most 4th Places","Totals","Single Season Records",75,"Rachel F",0,"2025",false
"Most 4th Places","Totals","Single Season Records",75,"Austin",0,"2025",false
"Most 4th Places","Totals","Single Season Records",75,"Cody",0,"2026",false
"Most 4th Places","Totals","Single Season Records",75,"Nick",0,"2026",false
"Most 4th Places","Totals","Single Season Records",75,"Josh",0,"2026",false
"Longest Win Streak (Season)","Streaks","Single Season Records",1,"Nick",3,"2023 Week 3 - 2023 Week 5",false
"Longest Win Streak (Season)","Streaks","Single Season Records",1,"Austin",3,"2023 Week 1 - 2023 Week 3",false
"Longest Win Streak (Season)","Streaks","Single Season Records",1,"Richie",3,"2024 Week 4 - 2024 Week 6",false
"Longest Win Streak (Season)","Streaks","Single Season Records",1,"Rachel M",3,"2025 Week 2 - 2025 Week 4",false
"Longest Win Streak (Season)","Streaks","Single Season Records",1,"Sam",3,"2025 Week 3 - 2025 Week 5",false
"Longest Win Streak (Season)","Streaks","Single Season Records",1,"Cody",3,"2026 Week 3 - Present",true
"Longest Win Streak (Season)","Streaks","Single Season Records",7,"Nick",2,"2022 Week 1 - 2022 Week 2",false
"Longest Win Streak (Season)","Streaks","Single Season Records",7,"Rachel F",2,"2022 Week 3 - 2022 Week 4",false
"Longest Win Streak (Season)","Streaks","Single Season Records",7,"Michael",2,"2022 Week 1 - 2022 Week 2",false
"Longest Win Streak (Season)","Streaks","Single Season Records",7,"Michael",2,"2023 Week 2 - 2023 Week 3",false
"Longest Win Streak (Season)","Streaks","Single Season Records",7,"Richie",2,"2023 Week 5 - 2023 Week 6",false
"Longest Win Streak (Season)","Streaks","Single Season Records",7,"Cody",2,"2024 Week 4 - 2024 Week 5",false
"Longest Win Streak (Season)","Streaks","Single Season Records",7,"Michael",2,"2024 Week 1 - 2024 Week 2",false
"Longest Win Streak (Season)","Streaks","Single Season Records",7,"Ryan",2,"2024 Week 2 - 2024 Week 3",false
"Longest Win Streak (Season)","Streaks","Single Season Records",7,"Josh",2,"2024 Week 4 - 2024 Week 5",false
"Longest Win Streak (Season)","Streaks","Single Season Records",7,"Austin",2,"2024 Week 1 - 2024 Week 2",false
"Longest Win Streak (Season)","Streaks","Single Season Records",7,"Sam",2,"2024 Week 2 - 2024 Week 3",false
"Longest Win Streak (Season)","Streaks","Single Season Records",7,"Richie",2,"2025 Week 5 - 2025 Week 6",false
"Longest Win Streak (Season)","Streaks","Single Season Records",7,"Ashley",2,"2025 Week 1 - 2025 Week 2",false
"Longest Win Streak (Season)","Streaks","Single Season Records",7,"Michael",2,"2025 Week 1 - 2025 Week 2",false
"Longest Win Streak (Season)","Streaks","Single Season Records",7,"Rachel F",2,"2025 Week 2 - 2025 Week 3",false
"Longest Win Streak (Season)","Streaks","Single Season Records",7,"Dan",2,"2025 Week 4 - 2025 Week 5",false
"Longest Win Streak (Season)","Streaks","Single Season Records",7,"Ian",2,"2025 Week 5 - 2025 Week 6",false
"Longest Win Streak (Season)","Streaks","Single Season Records",7,"Carly",2,"2026 Week 3 - 2026 Week 4",false
"Longest Win Streak (Season)","Streaks","Single Season Records",7,"Josh",2,"2026 Week 3 - 2026 Week 4",false
"Longest Win Streak (Season)","Streaks","Single Season Records",7,"Austin",2,"2026 Week 1 - 2026 Week 2",false
"Longest Win Streak (Season)","Streaks","Single Season Records",7,"Ian",2,"2026 Week 1 - 2026 Week 2",false
"Longest Win Streak (Season)","Streaks","Single Season Records",28,"Brian",1,"2022 Week 1",false
"Longest Win Streak (Season)","Streaks","Single Season Records",28,"Dan",1,"2022 Week 6",false
"Longest Win Streak (Season)","Streaks","Single Season Records",28,"Josh",1,"2022 Week 5",false
"Longest Win Streak (Season)","Streaks","Single Season Records",28,"Austin",1,"2022 Week 3",false
"Longest Win Streak (Season)","Streaks","Single Season Records",28,"Richie",1,"2022 Week 3",false
"Longest Win Streak (Season)","Streaks","Single Season Records",28,"Luke",1,"2022 Week 2",false
"Longest Win Streak (Season)","Streaks","Single Season Records",28,"Ashley",1,"2022 Week 6",false
"Longest Win Streak (Season)","Streaks","Single Season Records",28,"Luke",1,"2023 Week 2",false
"Longest Win Streak (Season)","Streaks","Single Season Records",28,"Ashley",1,"2023 Week 1",false
"Longest Win Streak (Season)","Streaks","Single Season Records",28,"Rachel F",1,"2023 Week 2",false
"Longest Win Streak (Season)","Streaks","Single Season Records",28,"Tyler",1,"2023 Week 4",false
"Longest Win Streak (Season)","Streaks","Single Season Records",28,"Josh",1,"2023 Week 3",false
"Longest Win Streak (Season)","Streaks","Single Season Records",28,"Rachel M",1,"2023 Week 1",false
"Longest Win Streak (Season)","Streaks","Single Season Records",28,"Jack M",1,"2024 Week 3",false
"Longest Win Streak (Season)","Streaks","Single Season Records",28,"Rachel M",1,"2024 Week 5",false
"Longest Win Streak (Season)","Streaks","Single Season Records",28,"Ashley",1,"2024 Week 1",false
"Longest Win Streak (Season)","Streaks","Single Season Records",28,"Jennie",1,"2024 Week 6",false
"Longest Win Streak (Season)","Streaks","Single Season Records",28,"Dan",1,"2024 Week 4",false
"Longest Win Streak (Season)","Streaks","Single Season Records",28,"Carly",1,"2024 Week 1",false
"Longest Win Streak (Season)","Streaks","Single Season Records",28,"Rachel F",1,"2024 Week 3",false
"Longest Win Streak (Season)","Streaks","Single Season Records",28,"Nick",1,"2024 Week 4",false
"Longest Win Streak (Season)","Streaks","Single Season Records",28,"Ryan",1,"2025 Week 4",false
"Longest Win Streak (Season)","Streaks","Single Season Records",28,"Steve",1,"2025 Week 3",false
"Longest Win Streak (Season)","Streaks","Single Season Records",28,"Jack M",1,"2025 Week 2",false
"Longest Win Streak (Season)","Streaks","Single Season Records",28,"Carly",1,"2025 Week 4",false
"Longest Win Streak (Season)","Streaks","Single Season Records",28,"Cody",1,"2025 Week 1",false
"Longest Win Streak (Season)","Streaks","Single Season Records",28,"Nick",1,"2025 Week 3",false
"Longest Win Streak (Season)","Streaks","Single Season Records",28,"Brittany",1,"2025 Week 6",false
"Longest Win Streak (Season)","Streaks","Single Season Records",28,"Richie",1,"2026 Week 5 - Present",true
"Longest Win Streak (Season)","Streaks","Single Season Records",28,"Ashley",1,"2026 Week 1",false
"Longest Win Streak (Season)","Streaks","Single Season Records",28,"Sam",1,"2026 Week 5 - Present",true
"Longest Win Streak (Season)","Streaks","Single Season Records",28,"Michael",1,"2026 Week 1 - Present",true
"Longest Win Streak (Season)","Streaks","Single Season Records",28,"Nick",1,"2026 Week 2",false
"Longest Win Streak (Season)","Streaks","Single Season Records",28,"Rachel M",1,"2026 Week 2",false
"Longest Win Streak (Season)","Streaks","Single Season Records",28,"Ryan",1,"2026 Week 3",false
"Longest Win Streak (Season)","Streaks","Single Season Records",28,"Rachel F",1,"2026 Week 4",false
"Longest Win Streak (Season)","Streaks","Single Season Records",28,"Brittany",1,"2026 Week 1",false
"Longest Win Streak (Season)","Streaks","Single Season Records",28,"Jack M",1,"2026 Week 2",false
"Longest Win Streak (Season)","Streaks","Single Season Records",28,"Jack C",1,"2026 Week 4",false
"Longest Win Streak (Season)","Streaks","Single Season Records",28,"Dan",1,"2026 Week 5 - Present",true
"Longest Streak w/o 4th (Season)","Streaks","Single Season Records",1,"Ryan",6,"2022 Week 1 - 2022 Week 6",false
"Longest Streak w/o 4th (Season)","Streaks","Single Season Records",1,"Austin",6,"2022 Week 1 - 2022 Week 6",false
"Longest Streak w/o 4th (Season)","Streaks","Single Season Records",1,"Richie",6,"2022 Week 1 - 2022 Week 6",false
"Longest Streak w/o 4th (Season)","Streaks","Single Season Records",1,"Nick",6,"2023 Week 1 - 2023 Week 6",false
"Longest Streak w/o 4th (Season)","Streaks","Single Season Records",1,"Cody",6,"2024 Week 1 - 2024 Week 6",false
"Longest Streak w/o 4th (Season)","Streaks","Single Season Records",1,"Michael",6,"2024 Week 1 - 2024 Week 6",false
"Longest Streak w/o 4th (Season)","Streaks","Single Season Records",1,"Rachel F",6,"2024 Week 1 - 2024 Week 6",false
"Longest Streak w/o 4th (Season)","Streaks","Single Season Records",1,"Nick",6,"2024 Week 1 - 2024 Week 6",false
"Longest Streak w/o 4th (Season)","Streaks","Single Season Records",1,"Rachel M",6,"2025 Week 1 - 2025 Week 6",false
"Longest Streak w/o 4th (Season)","Streaks","Single Season Records",1,"Ashley",6,"2025 Week 1 - 2025 Week 6",false
"Longest Streak w/o 4th (Season)","Streaks","Single Season Records",1,"Rachel F",6,"2025 Week 1 - 2025 Week 6",false
"Longest Streak w/o 4th (Season)","Streaks","Single Season Records",1,"Austin",6,"2025 Week 1 - 2025 Week 6",false
"Longest Streak w/o 4th (Season)","Streaks","Single Season Records",13,"Michael",5,"2023 Week 2 - 2023 Week 6",false
"Longest Streak w/o 4th (Season)","Streaks","Single Season Records",13,"Austin",5,"2024 Week 1 - 2024 Week 5",false
"Longest Streak w/o 4th (Season)","Streaks","Single Season Records",13,"Sam",5,"2024 Week 2 - 2024 Week 6",false
"Longest Streak w/o 4th (Season)","Streaks","Single Season Records",13,"Sam",5,"2025 Week 1 - 2025 Week 5",false
"Longest Streak w/o 4th (Season)","Streaks","Single Season Records",13,"Tyler",5,"2025 Week 2 - 2025 Week 6",false
"Longest Streak w/o 4th (Season)","Streaks","Single Season Records",13,"Cody",5,"2026 Week 1 - Present",true
"Longest Streak w/o 4th (Season)","Streaks","Single Season Records",13,"Nick",5,"2026 Week 1 - Present",true
"Longest Streak w/o 4th (Season)","Streaks","Single Season Records",13,"Josh",5,"2026 Week 1 - Present",true
"Longest Streak w/o 4th (Season)","Streaks","Single Season Records",21,"Dan",4,"2022 Week 3 - 2022 Week 6",false
"Longest Streak w/o 4th (Season)","Streaks","Single Season Records",21,"Michael",4,"2022 Week 1 - 2022 Week 4",false
"Longest Streak w/o 4th (Season)","Streaks","Single Season Records",21,"Richie",4,"2023 Week 3 - 2023 Week 6",false
"Longest Streak w/o 4th (Season)","Streaks","Single Season Records",21,"Tyler",4,"2023 Week 2 - 2023 Week 5",false
"Longest Streak w/o 4th (Season)","Streaks","Single Season Records",21,"Jack M",4,"2023 Week 3 - 2023 Week 6",false
"Longest Streak w/o 4th (Season)","Streaks","Single Season Records",21,"Ryan",4,"2023 Week 1 - 2023 Week 4",false
"Longest Streak w/o 4th (Season)","Streaks","Single Season Records",21,"Rachel M",4,"2023 Week 1 - 2023 Week 4",false
"Longest Streak w/o 4th (Season)","Streaks","Single Season Records",21,"Jack M",4,"2024 Week 1 - 2024 Week 4",false
"Longest Streak w/o 4th (Season)","Streaks","Single Season Records",21,"Ryan",4,"2024 Week 2 - 2024 Week 5",false
"Longest Streak w/o 4th (Season)","Streaks","Single Season Records",21,"Carly",4,"2024 Week 1 - 2024 Week 4",false
"Longest Streak w/o 4th (Season)","Streaks","Single Season Records",21,"Steve",4,"2025 Week 2 - 2025 Week 5",false
"Longest Streak w/o 4th (Season)","Streaks","Single Season Records",21,"Michael",4,"2025 Week 1 - 2025 Week 4",false
"Longest Streak w/o 4th (Season)","Streaks","Single Season Records",21,"Brittany",4,"2025 Week 1 - 2025 Week 4",false
"Longest Streak w/o 4th (Season)","Streaks","Single Season Records",21,"Ashley",4,"2026 Week 1 - 2026 Week 4",false
"Longest Streak w/o 4th (Season)","Streaks","Single Season Records",21,"Rachel M",4,"2026 Week 1 - 2026 Week 4",false
"Longest Streak w/o 4th (Season)","Streaks","Single Season Records",21,"Jack M",4,"2026 Week 2 - Present",true
"Longest Streak w/o 4th (Season)","Streaks","Single Season Records",21,"Dan",4,"2026 Week 2 - Present",true
"Longest Streak w/o 4th (Season)","Streaks","Single Season Records",38,"Nick",3,"2022 Week 4 - 2022 Week 6",false
"Longest Streak w/o 4th (Season)","Streaks","Single Season Records",38,"Rachel F",3,"2022 Week 3 - 2022 Week 5",false
"Longest Streak w/o 4th (Season)","Streaks","Single Season Records",38,"Luke",3,"2022 Week 1 - 2022 Week 3",false
"Longest Streak w/o 4th (Season)","Streaks","Single Season Records",38,"Becca",3,"2022 Week 1 - 2022 Week 3",false
"Longest Streak w/o 4th (Season)","Streaks","Single Season Records",38,"Allie",3,"2022 Week 3 - 2022 Week 5",false
"Longest Streak w/o 4th (Season)","Streaks","Single Season Records",38,"Ashley",3,"2023 Week 1 - 2023 Week 3",false
"Longest Streak w/o 4th (Season)","Streaks","Single Season Records",38,"Rachel F",3,"2023 Week 4 - 2023 Week 6",false
"Longest Streak w/o 4th (Season)","Streaks","Single Season Records",38,"Carly",3,"2023 Week 1 - 2023 Week 3",false
"Longest Streak w/o 4th (Season)","Streaks","Single Season Records",38,"Austin",3,"2023 Week 1 - 2023 Week 3",false
"Longest Streak w/o 4th (Season)","Streaks","Single Season Records",38,"Josh",3,"2023 Week 3 - 2023 Week 5",false
"Longest Streak w/o 4th (Season)","Streaks","Single Season Records",38,"Richie",3,"2024 Week 4 - 2024 Week 6",false
"Longest Streak w/o 4th (Season)","Streaks","Single Season Records",38,"Emma",3,"2024 Week 3 - 2024 Week 5",false
"Longest Streak w/o 4th (Season)","Streaks","Single Season Records",38,"Rachel M",3,"2024 Week 1 - 2024 Week 3",false
"Longest Streak w/o 4th (Season)","Streaks","Single Season Records",38,"Ashley",3,"2024 Week 1 - 2024 Week 3",false
"Longest Streak w/o 4th (Season)","Streaks","Single Season Records",38,"Dan",3,"2024 Week 3 - 2024 Week 5",false
"Longest Streak w/o 4th (Season)","Streaks","Single Season Records",38,"Josh",3,"2024 Week 4 - 2024 Week 6",false
"Longest Streak w/o 4th (Season)","Streaks","Single Season Records",38,"Ian",3,"2024 Week 4 - 2024 Week 6",false
"Longest Streak w/o 4th (Season)","Streaks","Single Season Records",38,"Richie",3,"2025 Week 1 - 2025 Week 3",false
"Longest Streak w/o 4th (Season)","Streaks","Single Season Records",38,"Jack M",3,"2025 Week 1 - 2025 Week 3",false
"Longest Streak w/o 4th (Season)","Streaks","Single Season Records",38,"Cody",3,"2025 Week 1 - 2025 Week 3",false
"Longest Streak w/o 4th (Season)","Streaks","Single Season Records",38,"Dan",3,"2025 Week 4 - 2025 Week 6",false
"Longest Streak w/o 4th (Season)","Streaks","Single Season Records",38,"Ian",3,"2025 Week 4 - 2025 Week 6",false
"Longest Streak w/o 4th (Season)","Streaks","Single Season Records",38,"Michael",3,"2026 Week 1 - 2026 Week 3",false
"Longest Streak w/o 4th (Season)","Streaks","Single Season Records",38,"Emma",3,"2026 Week 1 - 2026 Week 3",false
"Longest Streak w/o 4th (Season)","Streaks","Single Season Records",38,"Carly",3,"2026 Week 3 - Present",true
"Longest Streak w/o 4th (Season)","Streaks","Single Season Records",38,"Austin",3,"2026 Week 1 - 2026 Week 3",false
"Longest Streak w/o 4th (Season)","Streaks","Single Season Records",38,"Brittany",3,"2026 Week 3 - Present",true
"Longest Streak w/o 4th (Season)","Streaks","Single Season Records",65,"Luke",2,"2023 Week 1 - 2023 Week 2",false
"Longest Streak w/o 4th (Season)","Streaks","Single Season Records",65,"Steve",2,"2023 Week 1 - 2023 Week 2",false
"Longest Streak w/o 4th (Season)","Streaks","Single Season Records",65,"Tyler",2,"2024 Week 5 - 2024 Week 6",false
"Longest Streak w/o 4th (Season)","Streaks","Single Season Records",65,"Allie",2,"2024 Week 2 - 2024 Week 3",false
"Longest Streak w/o 4th (Season)","Streaks","Single Season Records",65,"Jennie",2,"2024 Week 1 - 2024 Week 2",false
"Longest Streak w/o 4th (Season)","Streaks","Single Season Records",65,"Jack C",2,"2025 Week 5 - 2025 Week 6",false
"Longest Streak w/o 4th (Season)","Streaks","Single Season Records",65,"Emma",2,"2025 Week 4 - 2025 Week 5",false
"Longest Streak w/o 4th (Season)","Streaks","Single Season Records",65,"Carly",2,"2025 Week 3 - 2025 Week 4",false
"Longest Streak w/o 4th (Season)","Streaks","Single Season Records",65,"Nick",2,"2025 Week 5 - 2025 Week 6",false
"Longest Streak w/o 4th (Season)","Streaks","Single Season Records",65,"Sam",2,"2026 Week 1 - Present",true
"Longest Streak w/o 4th (Season)","Streaks","Single Season Records",65,"Ryan",2,"2026 Week 3 - 2026 Week 4",false
"Longest Streak w/o 4th (Season)","Streaks","Single Season Records",65,"Rachel F",2,"2026 Week 1 - 2026 Week 2",false
"Longest Streak w/o 4th (Season)","Streaks","Single Season Records",65,"Tyler",2,"2026 Week 3 - 2026 Week 4",false
"Longest Streak w/o 4th (Season)","Streaks","Single Season Records",65,"Jack C",2,"2026 Week 1 - Present",true
"Longest Streak w/o 4th (Season)","Streaks","Single Season Records",65,"Ian",2,"2026 Week 1 - Present",true
"Longest Streak w/o 4th (Season)","Streaks","Single Season Records",80,"Brian",1,"2022 Week 1",false
"Longest Streak w/o 4th (Season)","Streaks","Single Season Records",80,"Josh",1,"2022 Week 2",false
"Longest Streak w/o 4th (Season)","Streaks","Single Season Records",80,"Ashley",1,"2022 Week 2",false
"Longest Streak w/o 4th (Season)","Streaks","Single Season Records",80,"Allie",1,"2023 Week 2",false
"Longest Streak w/o 4th (Season)","Streaks","Single Season Records",80,"Dan",1,"2023 Week 1",false
"Longest Streak w/o 4th (Season)","Streaks","Single Season Records",80,"Steve",1,"2024 Week 1",false
"Longest Streak w/o 4th (Season)","Streaks","Single Season Records",80,"Josh",1,"2025 Week 2",false
"Longest Streak w/o 4th (Season)","Streaks","Single Season Records",80,"Ryan",1,"2025 Week 1",false
"Longest Streak w/o 4th (Season)","Streaks","Single Season Records",80,"Richie",1,"2026 Week 2 - Present",true
"Longest Streak w/o 4th (Season)","Streaks","Single Season Records",80,"Steve",1,"2026 Week 1 - Present",true
"Longest Top Half Streak (Season)","Streaks","Single Season Records",1,"Nick",6,"2023 Week 1 - 2023 Week 6",false
"Longest Top Half Streak (Season)","Streaks","Single Season Records",2,"Michael",5,"2023 Week 2 - 2023 Week 6",false
"Longest Top Half Streak (Season)","Streaks","Single Season Records",2,"Rachel F",5,"2024 Week 2 - 2024 Week 6",false
"Longest Top Half Streak (Season)","Streaks","Single Season Records",2,"Rachel M",5,"2025 Week 2 - 2025 Week 6",false
"Longest Top Half Streak (Season)","Streaks","Single Season Records",2,"Sam",5,"2025 Week 1 - 2025 Week 5",false
"Longest Top Half Streak (Season)","Streaks","Single Season Records",2,"Austin",5,"2025 Week 2 - 2025 Week 6",false
"Longest Top Half Streak (Season)","Streaks","Single Season Records",2,"Cody",5,"2026 Week 1 - Present",true
"Longest Top Half Streak (Season)","Streaks","Single Season Records",8,"Michael",4,"2022 Week 1 - 2022 Week 4",false
"Longest Top Half Streak (Season)","Streaks","Single Season Records",8,"Rachel M",4,"2023 Week 1 - 2023 Week 4",false
"Longest Top Half Streak (Season)","Streaks","Single Season Records",8,"Ryan",4,"2024 Week 2 - 2024 Week 5",false
"Longest Top Half Streak (Season)","Streaks","Single Season Records",8,"Nick",4,"2024 Week 1 - 2024 Week 4",false
"Longest Top Half Streak (Season)","Streaks","Single Season Records",8,"Nick",4,"2026 Week 1 - 2026 Week 4",false
"Longest Top Half Streak (Season)","Streaks","Single Season Records",13,"Dan",3,"2022 Week 4 - 2022 Week 6",false
"Longest Top Half Streak (Season)","Streaks","Single Season Records",13,"Nick",3,"2022 Week 4 - 2022 Week 6",false
"Longest Top Half Streak (Season)","Streaks","Single Season Records",13,"Luke",3,"2022 Week 1 - 2022 Week 3",false
"Longest Top Half Streak (Season)","Streaks","Single Season Records",13,"Austin",3,"2023 Week 1 - 2023 Week 3",false
"Longest Top Half Streak (Season)","Streaks","Single Season Records",13,"Richie",3,"2024 Week 4 - 2024 Week 6",false
"Longest Top Half Streak (Season)","Streaks","Single Season Records",13,"Cody",3,"2024 Week 4 - 2024 Week 6",false
"Longest Top Half Streak (Season)","Streaks","Single Season Records",13,"Jack M",3,"2024 Week 2 - 2024 Week 4",false
"Longest Top Half Streak (Season)","Streaks","Single Season Records",13,"Austin",3,"2024 Week 1 - 2024 Week 3",false
"Longest Top Half Streak (Season)","Streaks","Single Season Records",13,"Ashley",3,"2025 Week 1 - 2025 Week 3",false
"Longest Top Half Streak (Season)","Streaks","Single Season Records",13,"Steve",3,"2025 Week 3 - 2025 Week 5",false
"Longest Top Half Streak (Season)","Streaks","Single Season Records",13,"Jack M",3,"2025 Week 1 - 2025 Week 3",false
"Longest Top Half Streak (Season)","Streaks","Single Season Records",13,"Rachel F",3,"2025 Week 2 - 2025 Week 4",false
"Longest Top Half Streak (Season)","Streaks","Single Season Records",13,"Tyler",3,"2025 Week 2 - 2025 Week 4",false
"Longest Top Half Streak (Season)","Streaks","Single Season Records",13,"Rachel M",3,"2026 Week 1 - 2026 Week 3",false
"Longest Top Half Streak (Season)","Streaks","Single Season Records",13,"Josh",3,"2026 Week 3 - Present",true
"Longest Top Half Streak (Season)","Streaks","Single Season Records",13,"Austin",3,"2026 Week 1 - 2026 Week 3",false
"Longest Top Half Streak (Season)","Streaks","Single Season Records",13,"Jack M",3,"2026 Week 2 - 2026 Week 4",false
"Longest Top Half Streak (Season)","Streaks","Single Season Records",30,"Richie",2,"2022 Week 5 - 2022 Week 6",false
"Longest Top Half Streak (Season)","Streaks","Single Season Records",30,"Rachel F",2,"2022 Week 3 - 2022 Week 4",false
"Longest Top Half Streak (Season)","Streaks","Single Season Records",30,"Richie",2,"2023 Week 5 - 2023 Week 6",false
"Longest Top Half Streak (Season)","Streaks","Single Season Records",30,"Ashley",2,"2023 Week 1 - 2023 Week 2",false
"Longest Top Half Streak (Season)","Streaks","Single Season Records",30,"Tyler",2,"2023 Week 3 - 2023 Week 4",false
"Longest Top Half Streak (Season)","Streaks","Single Season Records",30,"Steve",2,"2023 Week 1 - 2023 Week 2",false
"Longest Top Half Streak (Season)","Streaks","Single Season Records",30,"Emma",2,"2024 Week 4 - 2024 Week 5",false
"Longest Top Half Streak (Season)","Streaks","Single Season Records",30,"Rachel M",2,"2024 Week 1 - 2024 Week 2",false
"Longest Top Half Streak (Season)","Streaks","Single Season Records",30,"Michael",2,"2024 Week 1 - 2024 Week 2",false
"Longest Top Half Streak (Season)","Streaks","Single Season Records",30,"Dan",2,"2024 Week 4 - 2024 Week 5",false
"Longest Top Half Streak (Season)","Streaks","Single Season Records",30,"Josh",2,"2024 Week 4 - 2024 Week 5",false
"Longest Top Half Streak (Season)","Streaks","Single Season Records",30,"Sam",2,"2024 Week 2 - 2024 Week 3",false
"Longest Top Half Streak (Season)","Streaks","Single Season Records",30,"Richie",2,"2025 Week 5 - 2025 Week 6",false
"Longest Top Half Streak (Season)","Streaks","Single Season Records",30,"Michael",2,"2025 Week 1 - 2025 Week 2",false
"Longest Top Half Streak (Season)","Streaks","Single Season Records",30,"Dan",2,"2025 Week 1 - 2025 Week 2",false
"Longest Top Half Streak (Season)","Streaks","Single Season Records",30,"Ian",2,"2025 Week 5 - 2025 Week 6",false
"Longest Top Half Streak (Season)","Streaks","Single Season Records",30,"Ashley",2,"2026 Week 3 - 2026 Week 4",false
"Longest Top Half Streak (Season)","Streaks","Single Season Records",30,"Michael",2,"2026 Week 1 - 2026 Week 2",false
"Longest Top Half Streak (Season)","Streaks","Single Season Records",30,"Carly",2,"2026 Week 3 - 2026 Week 4",false
"Longest Top Half Streak (Season)","Streaks","Single Season Records",30,"Tyler",2,"2026 Week 3 - 2026 Week 4",false
"Longest Top Half Streak (Season)","Streaks","Single Season Records",30,"Ian",2,"2026 Week 1 - Present",true
"Longest Top Half Streak (Season)","Streaks","Single Season Records",51,"Brian",1,"2022 Week 1",false
"Longest Top Half Streak (Season)","Streaks","Single Season Records",51,"Ryan",1,"2022 Week 2",false
"Longest Top Half Streak (Season)","Streaks","Single Season Records",51,"Josh",1,"2022 Week 2",false
"Longest Top Half Streak (Season)","Streaks","Single Season Records",51,"Austin",1,"2022 Week 1",false
"Longest Top Half Streak (Season)","Streaks","Single Season Records",51,"Becca",1,"2022 Week 3",false
"Longest Top Half Streak (Season)","Streaks","Single Season Records",51,"Ashley",1,"2022 Week 2",false
"Longest Top Half Streak (Season)","Streaks","Single Season Records",51,"Allie",1,"2022 Week 5",false
"Longest Top Half Streak (Season)","Streaks","Single Season Records",51,"Luke",1,"2023 Week 2",false
"Longest Top Half Streak (Season)","Streaks","Single Season Records",51,"Allie",1,"2023 Week 4",false
"Longest Top Half Streak (Season)","Streaks","Single Season Records",51,"Rachel F",1,"2023 Week 2",false
"Longest Top Half Streak (Season)","Streaks","Single Season Records",51,"Carly",1,"2023 Week 1",false
"Longest Top Half Streak (Season)","Streaks","Single Season Records",51,"Dan",1,"2023 Week 1",false
"Longest Top Half Streak (Season)","Streaks","Single Season Records",51,"Jack M",1,"2023 Week 3",false
"Longest Top Half Streak (Season)","Streaks","Single Season Records",51,"Josh",1,"2023 Week 3",false
"Longest Top Half Streak (Season)","Streaks","Single Season Records",51,"Tyler",1,"2024 Week 1",false
"Longest Top Half Streak (Season)","Streaks","Single Season Records",51,"Allie",1,"2024 Week 3",false
"Longest Top Half Streak (Season)","Streaks","Single Season Records",51,"Ashley",1,"2024 Week 1",false
"Longest Top Half Streak (Season)","Streaks","Single Season Records",51,"Jennie",1,"2024 Week 1",false
"Longest Top Half Streak (Season)","Streaks","Single Season Records",51,"Carly",1,"2024 Week 1",false
"Longest Top Half Streak (Season)","Streaks","Single Season Records",51,"Ian",1,"2024 Week 5",false
"Longest Top Half Streak (Season)","Streaks","Single Season Records",51,"Josh",1,"2025 Week 2",false
"Longest Top Half Streak (Season)","Streaks","Single Season Records",51,"Ryan",1,"2025 Week 4",false
"Longest Top Half Streak (Season)","Streaks","Single Season Records",51,"Jack C",1,"2025 Week 1",false
"Longest Top Half Streak (Season)","Streaks","Single Season Records",51,"Emma",1,"2025 Week 5",false
"Longest Top Half Streak (Season)","Streaks","Single Season Records",51,"Carly",1,"2025 Week 4",false
"Longest Top Half Streak (Season)","Streaks","Single Season Records",51,"Cody",1,"2025 Week 1",false
"Longest Top Half Streak (Season)","Streaks","Single Season Records",51,"Nick",1,"2025 Week 3",false
"Longest Top Half Streak (Season)","Streaks","Single Season Records",51,"Brittany",1,"2025 Week 1",false
"Longest Top Half Streak (Season)","Streaks","Single Season Records",51,"Richie",1,"2026 Week 2 - Present",true
"Longest Top Half Streak (Season)","Streaks","Single Season Records",51,"Sam",1,"2026 Week 2 - Present",true
"Longest Top Half Streak (Season)","Streaks","Single Season Records",51,"Emma",1,"2026 Week 2",false
"Longest Top Half Streak (Season)","Streaks","Single Season Records",51,"Ryan",1,"2026 Week 3",false
"Longest Top Half Streak (Season)","Streaks","Single Season Records",51,"Rachel F",1,"2026 Week 1",false
"Longest Top Half Streak (Season)","Streaks","Single Season Records",51,"Brittany",1,"2026 Week 1 - Present",true
"Longest Top Half Streak (Season)","Streaks","Single Season Records",51,"Steve",1,"2026 Week 5 - Present",true
"Longest Top Half Streak (Season)","Streaks","Single Season Records",51,"Jack C",1,"2026 Week 1",false
"Longest Top Half Streak (Season)","Streaks","Single Season Records",51,"Dan",1,"2026 Week 5 - Present",true
"Longest Winless Streak (Season)","Streaks","Single Season Records",1,"Ryan",6,"2022 Week 1 - 2022 Week 6",false
"Longest Winless Streak (Season)","Streaks","Single Season Records",1,"Becca",6,"2022 Week 1 - 2022 Week 6",false
"Longest Winless Streak (Season)","Streaks","Single Season Records",1,"Allie",6,"2023 Week 1 - 2023 Week 6",false
"Longest Winless Streak (Season)","Streaks","Single Season Records",1,"Carly",6,"2023 Week 1 - 2023 Week 6",false
"Longest Winless Streak (Season)","Streaks","Single Season Records",1,"Dan",6,"2023 Week 1 - 2023 Week 6",false
"Longest Winless Streak (Season)","Streaks","Single Season Records",1,"Jack M",6,"2023 Week 1 - 2023 Week 6",false
"Longest Winless Streak (Season)","Streaks","Single Season Records",1,"Ryan",6,"2023 Week 1 - 2023 Week 6",false
"Longest Winless Streak (Season)","Streaks","Single Season Records",1,"Steve",6,"2023 Week 1 - 2023 Week 6",false
"Longest Winless Streak (Season)","Streaks","Single Season Records",1,"Tyler",6,"2024 Week 1 - 2024 Week 6",false
"Longest Winless Streak (Season)","Streaks","Single Season Records",1,"Allie",6,"2024 Week 1 - 2024 Week 6",false
"Longest Winless Streak (Season)","Streaks","Single Season Records",1,"Emma",6,"2024 Week 1 - 2024 Week 6",false
"Longest Winless Streak (Season)","Streaks","Single Season Records",1,"Ian",6,"2024 Week 1 - 2024 Week 6",false
"Longest Winless Streak (Season)","Streaks","Single Season Records",1,"Steve",6,"2024 Week 1 - 2024 Week 6",false
"Longest Winless Streak (Season)","Streaks","Single Season Records",1,"Josh",6,"2025 Week 1 - 2025 Week 6",false
"Longest Winless Streak (Season)","Streaks","Single Season Records",1,"Jack C",6,"2025 Week 1 - 2025 Week 6",false
"Longest Winless Streak (Season)","Streaks","Single Season Records",1,"Emma",6,"2025 Week 1 - 2025 Week 6",false
"Longest Winless Streak (Season)","Streaks","Single Season Records",1,"Austin",6,"2025 Week 1 - 2025 Week 6",false
"Longest Winless Streak (Season)","Streaks","Single Season Records",1,"Tyler",6,"2025 Week 1 - 2025 Week 6",false
"Longest Winless Streak (Season)","Streaks","Single Season Records",19,"Dan",5,"2022 Week 1 - 2022 Week 5",false
"Longest Winless Streak (Season)","Streaks","Single Season Records",19,"Ashley",5,"2022 Week 1 - 2022 Week 5",false
"Longest Winless Streak (Season)","Streaks","Single Season Records",19,"Ashley",5,"2023 Week 2 - 2023 Week 6",false
"Longest Winless Streak (Season)","Streaks","Single Season Records",19,"Jennie",5,"2024 Week 1 - 2024 Week 5",false
"Longest Winless Streak (Season)","Streaks","Single Season Records",19,"Cody",5,"2025 Week 2 - 2025 Week 6",false
"Longest Winless Streak (Season)","Streaks","Single Season Records",19,"Brittany",5,"2025 Week 1 - 2025 Week 5",false
"Longest Winless Streak (Season)","Streaks","Single Season Records",19,"Emma",5,"2026 Week 1 - Present",true
"Longest Winless Streak (Season)","Streaks","Single Season Records",19,"Tyler",5,"2026 Week 1 - Present",true
"Longest Winless Streak (Season)","Streaks","Single Season Records",19,"Steve",5,"2026 Week 1 - Present",true
"Longest Winless Streak (Season)","Streaks","Single Season Records",28,"Josh",4,"2022 Week 1 - 2022 Week 4",false
"Longest Winless Streak (Season)","Streaks","Single Season Records",28,"Allie",4,"2022 Week 3 - 2022 Week 6",false
"Longest Winless Streak (Season)","Streaks","Single Season Records",28,"Richie",4,"2023 Week 1 - 2023 Week 4",false
"Longest Winless Streak (Season)","Streaks","Single Season Records",28,"Rachel M",4,"2023 Week 2 - 2023 Week 5",false
"Longest Winless Streak (Season)","Streaks","Single Season Records",28,"Rachel M",4,"2024 Week 1 - 2024 Week 4",false
"Longest Winless Streak (Season)","Streaks","Single Season Records",28,"Michael",4,"2024 Week 3 - 2024 Week 6",false
"Longest Winless Streak (Season)","Streaks","Single Season Records",28,"Ashley",4,"2024 Week 2 - 2024 Week 5",false
"Longest Winless Streak (Season)","Streaks","Single Season Records",28,"Ashley",4,"2025 Week 3 - 2025 Week 6",false
"Longest Winless Streak (Season)","Streaks","Single Season Records",28,"Richie",4,"2026 Week 1 - 2026 Week 4",false
"Longest Winless Streak (Season)","Streaks","Single Season Records",28,"Sam",4,"2026 Week 1 - 2026 Week 4",false
"Longest Winless Streak (Season)","Streaks","Single Season Records",28,"Brittany",4,"2026 Week 2 - Present",true
"Longest Winless Streak (Season)","Streaks","Single Season Records",28,"Dan",4,"2026 Week 1 - 2026 Week 4",false
"Longest Winless Streak (Season)","Streaks","Single Season Records",40,"Austin",3,"2022 Week 4 - 2022 Week 6",false
"Longest Winless Streak (Season)","Streaks","Single Season Records",40,"Tyler",3,"2023 Week 1 - 2023 Week 3",false
"Longest Winless Streak (Season)","Streaks","Single Season Records",40,"Jack M",3,"2024 Week 4 - 2024 Week 6",false
"Longest Winless Streak (Season)","Streaks","Single Season Records",40,"Ryan",3,"2024 Week 4 - 2024 Week 6",false
"Longest Winless Streak (Season)","Streaks","Single Season Records",40,"Dan",3,"2024 Week 1 - 2024 Week 3",false
"Longest Winless Streak (Season)","Streaks","Single Season Records",40,"Josh",3,"2024 Week 1 - 2024 Week 3",false
"Longest Winless Streak (Season)","Streaks","Single Season Records",40,"Nick",3,"2024 Week 1 - 2024 Week 3",false
"Longest Winless Streak (Season)","Streaks","Single Season Records",40,"Sam",3,"2024 Week 4 - 2024 Week 6",false
"Longest Winless Streak (Season)","Streaks","Single Season Records",40,"Richie",3,"2025 Week 2 - 2025 Week 4",false
"Longest Winless Streak (Season)","Streaks","Single Season Records",40,"Ryan",3,"2025 Week 1 - 2025 Week 3",false
"Longest Winless Streak (Season)","Streaks","Single Season Records",40,"Steve",3,"2025 Week 4 - 2025 Week 6",false
"Longest Winless Streak (Season)","Streaks","Single Season Records",40,"Michael",3,"2025 Week 3 - 2025 Week 5",false
"Longest Winless Streak (Season)","Streaks","Single Season Records",40,"Carly",3,"2025 Week 1 - 2025 Week 3",false
"Longest Winless Streak (Season)","Streaks","Single Season Records",40,"Rachel F",3,"2025 Week 4 - 2025 Week 6",false
"Longest Winless Streak (Season)","Streaks","Single Season Records",40,"Dan",3,"2025 Week 1 - 2025 Week 3",false
"Longest Winless Streak (Season)","Streaks","Single Season Records",40,"Ian",3,"2025 Week 2 - 2025 Week 4",false
"Longest Winless Streak (Season)","Streaks","Single Season Records",40,"Michael",3,"2026 Week 2 - 2026 Week 4",false
"Longest Winless Streak (Season)","Streaks","Single Season Records",40,"Nick",3,"2026 Week 3 - Present",true
"Longest Winless Streak (Season)","Streaks","Single Season Records",40,"Rachel M",3,"2026 Week 3 - Present",true
"Longest Winless Streak (Season)","Streaks","Single Season Records",40,"Austin",3,"2026 Week 3 - Present",true
"Longest Winless Streak (Season)","Streaks","Single Season Records",40,"Rachel F",3,"2026 Week 1 - 2026 Week 3",false
"Longest Winless Streak (Season)","Streaks","Single Season Records",40,"Jack M",3,"2026 Week 3 - Present",true
"Longest Winless Streak (Season)","Streaks","Single Season Records",40,"Jack C",3,"2026 Week 1 - 2026 Week 3",false
"Longest Winless Streak (Season)","Streaks","Single Season Records",40,"Ian",3,"2026 Week 3 - Present",true
"Longest Winless Streak (Season)","Streaks","Single Season Records",64,"Richie",2,"2022 Week 1 - 2022 Week 2",false
"Longest Winless Streak (Season)","Streaks","Single Season Records",64,"Rachel F",2,"2022 Week 1 - 2022 Week 2",false
"Longest Winless Streak (Season)","Streaks","Single Season Records",64,"Michael",2,"2022 Week 5 - 2022 Week 6",false
"Longest Winless Streak (Season)","Streaks","Single Season Records",64,"Luke",2,"2022 Week 3 - 2022 Week 4",false
"Longest Winless Streak (Season)","Streaks","Single Season Records",64,"Luke",2,"2023 Week 5 - 2023 Week 6",false
"Longest Winless Streak (Season)","Streaks","Single Season Records",64,"Rachel F",2,"2023 Week 5 - 2023 Week 6",false
"Longest Winless Streak (Season)","Streaks","Single Season Records",64,"Austin",2,"2023 Week 4 - 2023 Week 5",false
"Longest Winless Streak (Season)","Streaks","Single Season Records",64,"Josh",2,"2023 Week 1 - 2023 Week 2",false
"Longest Winless Streak (Season)","Streaks","Single Season Records",64,"Richie",2,"2024 Week 2 - 2024 Week 3",false
"Longest Winless Streak (Season)","Streaks","Single Season Records",64,"Carly",2,"2024 Week 4 - 2024 Week 5",false
"Longest Winless Streak (Season)","Streaks","Single Season Records",64,"Rachel F",2,"2024 Week 1 - 2024 Week 2",false
"Longest Winless Streak (Season)","Streaks","Single Season Records",64,"Austin",2,"2024 Week 3 - 2024 Week 4",false
"Longest Winless Streak (Season)","Streaks","Single Season Records",64,"Rachel M",2,"2025 Week 5 - 2025 Week 6",false
"Longest Winless Streak (Season)","Streaks","Single Season Records",64,"Sam",2,"2025 Week 1 - 2025 Week 2",false
"Longest Winless Streak (Season)","Streaks","Single Season Records",64,"Jack M",2,"2025 Week 3 - 2025 Week 4",false
"Longest Winless Streak (Season)","Streaks","Single Season Records",64,"Nick",2,"2025 Week 1 - 2025 Week 2",false
"Longest Winless Streak (Season)","Streaks","Single Season Records",64,"Ashley",2,"2026 Week 4 - Present",true
"Longest Winless Streak (Season)","Streaks","Single Season Records",64,"Cody",2,"2026 Week 1 - 2026 Week 2",false
"Longest Winless Streak (Season)","Streaks","Single Season Records",64,"Carly",2,"2026 Week 1 - 2026 Week 2",false
"Longest Winless Streak (Season)","Streaks","Single Season Records",64,"Ryan",2,"2026 Week 1 - Present",true
"Longest Winless Streak (Season)","Streaks","Single Season Records",64,"Josh",2,"2026 Week 1 - 2026 Week 2",false
"Longest Winless Streak (Season)","Streaks","Single Season Records",85,"Brian",1,"2022 Week 2",false
"Longest Winless Streak (Season)","Streaks","Single Season Records",85,"Nick",1,"2022 Week 3",false
"Longest Winless Streak (Season)","Streaks","Single Season Records",85,"Michael",1,"2023 Week 1",false
"Longest Winless Streak (Season)","Streaks","Single Season Records",85,"Nick",1,"2023 Week 2",false
"Longest Winless Streak (Season)","Streaks","Single Season Records",85,"Cody",1,"2024 Week 1",false
"Longest Bottom Half Streak (Season)","Streaks","Single Season Records",1,"Ryan",6,"2023 Week 1 - 2023 Week 6",false
"Longest Bottom Half Streak (Season)","Streaks","Single Season Records",1,"Steve",6,"2024 Week 1 - 2024 Week 6",false
"Longest Bottom Half Streak (Season)","Streaks","Single Season Records",3,"Dan",5,"2023 Week 2 - 2023 Week 6",false
"Longest Bottom Half Streak (Season)","Streaks","Single Season Records",3,"Jack C",5,"2025 Week 2 - 2025 Week 6",false
"Longest Bottom Half Streak (Season)","Streaks","Single Season Records",5,"Jennie",4,"2024 Week 2 - 2024 Week 5",false
"Longest Bottom Half Streak (Season)","Streaks","Single Season Records",5,"Ian",4,"2024 Week 1 - 2024 Week 4",false
"Longest Bottom Half Streak (Season)","Streaks","Single Season Records",5,"Emma",4,"2025 Week 1 - 2025 Week 4",false
"Longest Bottom Half Streak (Season)","Streaks","Single Season Records",5,"Brittany",4,"2025 Week 2 - 2025 Week 5",false
"Longest Bottom Half Streak (Season)","Streaks","Single Season Records",5,"Steve",4,"2026 Week 1 - 2026 Week 4",false
"Longest Bottom Half Streak (Season)","Streaks","Single Season Records",5,"Dan",4,"2026 Week 1 - 2026 Week 4",false
"Longest Bottom Half Streak (Season)","Streaks","Single Season Records",11,"Austin",3,"2022 Week 4 - 2022 Week 6",false
"Longest Bottom Half Streak (Season)","Streaks","Single Season Records",11,"Richie",3,"2023 Week 2 - 2023 Week 4",false
"Longest Bottom Half Streak (Season)","Streaks","Single Season Records",11,"Allie",3,"2023 Week 1 - 2023 Week 3",false
"Longest Bottom Half Streak (Season)","Streaks","Single Season Records",11,"Emma",3,"2024 Week 1 - 2024 Week 3",false
"Longest Bottom Half Streak (Season)","Streaks","Single Season Records",11,"Dan",3,"2024 Week 1 - 2024 Week 3",false
"Longest Bottom Half Streak (Season)","Streaks","Single Season Records",11,"Sam",3,"2024 Week 4 - 2024 Week 6",false
"Longest Bottom Half Streak (Season)","Streaks","Single Season Records",11,"Josh",3,"2025 Week 3 - 2025 Week 5",false
"Longest Bottom Half Streak (Season)","Streaks","Single Season Records",11,"Ryan",3,"2025 Week 1 - 2025 Week 3",false
"Longest Bottom Half Streak (Season)","Streaks","Single Season Records",11,"Ashley",3,"2025 Week 4 - 2025 Week 6",false
"Longest Bottom Half Streak (Season)","Streaks","Single Season Records",11,"Carly",3,"2025 Week 1 - 2025 Week 3",false
"Longest Bottom Half Streak (Season)","Streaks","Single Season Records",11,"Cody",3,"2025 Week 2 - 2025 Week 4",false
"Longest Bottom Half Streak (Season)","Streaks","Single Season Records",11,"Ian",3,"2025 Week 2 - 2025 Week 4",false
"Longest Bottom Half Streak (Season)","Streaks","Single Season Records",11,"Emma",3,"2026 Week 3 - Present",true
"Longest Bottom Half Streak (Season)","Streaks","Single Season Records",11,"Brittany",3,"2026 Week 2 - 2026 Week 4",false
"Longest Bottom Half Streak (Season)","Streaks","Single Season Records",25,"Dan",2,"2022 Week 2 - 2022 Week 3",false
"Longest Bottom Half Streak (Season)","Streaks","Single Season Records",25,"Josh",2,"2022 Week 3 - 2022 Week 4",false
"Longest Bottom Half Streak (Season)","Streaks","Single Season Records",25,"Richie",2,"2022 Week 1 - 2022 Week 2",false
"Longest Bottom Half Streak (Season)","Streaks","Single Season Records",25,"Rachel F",2,"2022 Week 1 - 2022 Week 2",false
"Longest Bottom Half Streak (Season)","Streaks","Single Season Records",25,"Michael",2,"2022 Week 5 - 2022 Week 6",false
"Longest Bottom Half Streak (Season)","Streaks","Single Season Records",25,"Becca",2,"2022 Week 1 - 2022 Week 2",false
"Longest Bottom Half Streak (Season)","Streaks","Single Season Records",25,"Allie",2,"2022 Week 3 - 2022 Week 4",false
"Longest Bottom Half Streak (Season)","Streaks","Single Season Records",25,"Luke",2,"2023 Week 5 - 2023 Week 6",false
"Longest Bottom Half Streak (Season)","Streaks","Single Season Records",25,"Ashley",2,"2023 Week 3 - 2023 Week 4",false
"Longest Bottom Half Streak (Season)","Streaks","Single Season Records",25,"Rachel F",2,"2023 Week 5 - 2023 Week 6",false
"Longest Bottom Half Streak (Season)","Streaks","Single Season Records",25,"Austin",2,"2023 Week 4 - 2023 Week 5",false
"Longest Bottom Half Streak (Season)","Streaks","Single Season Records",25,"Tyler",2,"2023 Week 1 - 2023 Week 2",false
"Longest Bottom Half Streak (Season)","Streaks","Single Season Records",25,"Jack M",2,"2023 Week 1 - 2023 Week 2",false
"Longest Bottom Half Streak (Season)","Streaks","Single Season Records",25,"Josh",2,"2023 Week 1 - 2023 Week 2",false
"Longest Bottom Half Streak (Season)","Streaks","Single Season Records",25,"Tyler",2,"2024 Week 4 - 2024 Week 5",false
"Longest Bottom Half Streak (Season)","Streaks","Single Season Records",25,"Allie",2,"2024 Week 1 - 2024 Week 2",false
"Longest Bottom Half Streak (Season)","Streaks","Single Season Records",25,"Jack M",2,"2024 Week 5 - 2024 Week 6",false
"Longest Bottom Half Streak (Season)","Streaks","Single Season Records",25,"Rachel M",2,"2024 Week 3 - 2024 Week 4",false
"Longest Bottom Half Streak (Season)","Streaks","Single Season Records",25,"Ashley",2,"2024 Week 4 - 2024 Week 5",false
"Longest Bottom Half Streak (Season)","Streaks","Single Season Records",25,"Carly",2,"2024 Week 4 - 2024 Week 5",false
"Longest Bottom Half Streak (Season)","Streaks","Single Season Records",25,"Josh",2,"2024 Week 2 - 2024 Week 3",false
"Longest Bottom Half Streak (Season)","Streaks","Single Season Records",25,"Steve",2,"2025 Week 1 - 2025 Week 2",false
"Longest Bottom Half Streak (Season)","Streaks","Single Season Records",25,"Nick",2,"2025 Week 1 - 2025 Week 2",false
"Longest Bottom Half Streak (Season)","Streaks","Single Season Records",25,"Rachel F",2,"2025 Week 5 - 2025 Week 6",false
"Longest Bottom Half Streak (Season)","Streaks","Single Season Records",25,"Richie",2,"2026 Week 3 - 2026 Week 4",false
"Longest Bottom Half Streak (Season)","Streaks","Single Season Records",25,"Sam",2,"2026 Week 3 - 2026 Week 4",false
"Longest Bottom Half Streak (Season)","Streaks","Single Season Records",25,"Michael",2,"2026 Week 3 - 2026 Week 4",false
"Longest Bottom Half Streak (Season)","Streaks","Single Season Records",25,"Carly",2,"2026 Week 1 - 2026 Week 2",false
"Longest Bottom Half Streak (Season)","Streaks","Single Season Records",25,"Rachel M",2,"2026 Week 4 - Present",true
"Longest Bottom Half Streak (Season)","Streaks","Single Season Records",25,"Ryan",2,"2026 Week 1 - Present",true
"Longest Bottom Half Streak (Season)","Streaks","Single Season Records",25,"Josh",2,"2026 Week 1 - 2026 Week 2",false
"Longest Bottom Half Streak (Season)","Streaks","Single Season Records",25,"Rachel F",2,"2026 Week 2 - 2026 Week 3",false
"Longest Bottom Half Streak (Season)","Streaks","Single Season Records",25,"Tyler",2,"2026 Week 1 - 2026 Week 2",false
"Longest Bottom Half Streak (Season)","Streaks","Single Season Records",25,"Jack C",2,"2026 Week 2 - 2026 Week 3",false
"Longest Bottom Half Streak (Season)","Streaks","Single Season Records",59,"Brian",1,"2022 Week 2",false
"Longest Bottom Half Streak (Season)","Streaks","Single Season Records",59,"Ryan",1,"2022 Week 1",false
"Longest Bottom Half Streak (Season)","Streaks","Single Season Records",59,"Nick",1,"2022 Week 3",false
"Longest Bottom Half Streak (Season)","Streaks","Single Season Records",59,"Luke",1,"2022 Week 4",false
"Longest Bottom Half Streak (Season)","Streaks","Single Season Records",59,"Ashley",1,"2022 Week 1",false
"Longest Bottom Half Streak (Season)","Streaks","Single Season Records",59,"Michael",1,"2023 Week 1",false
"Longest Bottom Half Streak (Season)","Streaks","Single Season Records",59,"Carly",1,"2023 Week 2",false
"Longest Bottom Half Streak (Season)","Streaks","Single Season Records",59,"Rachel M",1,"2023 Week 5",false
"Longest Bottom Half Streak (Season)","Streaks","Single Season Records",59,"Steve",1,"2023 Week 3",false
"Longest Bottom Half Streak (Season)","Streaks","Single Season Records",59,"Richie",1,"2024 Week 3",false
"Longest Bottom Half Streak (Season)","Streaks","Single Season Records",59,"Cody",1,"2024 Week 1",false
"Longest Bottom Half Streak (Season)","Streaks","Single Season Records",59,"Michael",1,"2024 Week 3",false
"Longest Bottom Half Streak (Season)","Streaks","Single Season Records",59,"Ryan",1,"2024 Week 1",false
"Longest Bottom Half Streak (Season)","Streaks","Single Season Records",59,"Rachel F",1,"2024 Week 1",false
"Longest Bottom Half Streak (Season)","Streaks","Single Season Records",59,"Austin",1,"2024 Week 4",false
"Longest Bottom Half Streak (Season)","Streaks","Single Season Records",59,"Nick",1,"2024 Week 5",false
"Longest Bottom Half Streak (Season)","Streaks","Single Season Records",59,"Richie",1,"2025 Week 2",false
"Longest Bottom Half Streak (Season)","Streaks","Single Season Records",59,"Rachel M",1,"2025 Week 1",false
"Longest Bottom Half Streak (Season)","Streaks","Single Season Records",59,"Sam",1,"2025 Week 6",false
"Longest Bottom Half Streak (Season)","Streaks","Single Season Records",59,"Jack M",1,"2025 Week 4",false
"Longest Bottom Half Streak (Season)","Streaks","Single Season Records",59,"Michael",1,"2025 Week 3",false
"Longest Bottom Half Streak (Season)","Streaks","Single Season Records",59,"Austin",1,"2025 Week 1",false
"Longest Bottom Half Streak (Season)","Streaks","Single Season Records",59,"Tyler",1,"2025 Week 1",false
"Longest Bottom Half Streak (Season)","Streaks","Single Season Records",59,"Dan",1,"2025 Week 3",false
"Longest Bottom Half Streak (Season)","Streaks","Single Season Records",59,"Ashley",1,"2026 Week 2 - Present",true
"Longest Bottom Half Streak (Season)","Streaks","Single Season Records",59,"Nick",1,"2026 Week 5 - Present",true
"Longest Bottom Half Streak (Season)","Streaks","Single Season Records",59,"Austin",1,"2026 Week 4",false
"Longest Bottom Half Streak (Season)","Streaks","Single Season Records",59,"Jack M",1,"2026 Week 1 - Present",true
"Longest Bottom Half Streak (Season)","Streaks","Single Season Records",59,"Ian",1,"2026 Week 3",false
"Longest Streak Without Losing to a Man (Season)","Streaks","Single Season Records",1,"Rachel M",3,"2025 Week 2 - 2025 Week 4",false
"Longest Streak Without Losing to a Man (Season)","Streaks","Single Season Records",1,"Ashley",3,"2025 Week 1 - 2025 Week 3",false
"Longest Streak Without Losing to a Man (Season)","Streaks","Single Season Records",3,"Rachel F",2,"2022 Week 3 - 2022 Week 4",false
"Longest Streak Without Losing to a Man (Season)","Streaks","Single Season Records",3,"Rachel M",2,"2024 Week 5 - 2024 Week 6",false
"Longest Streak Without Losing to a Man (Season)","Streaks","Single Season Records",3,"Ashley",2,"2024 Week 5 - 2024 Week 6",false
"Longest Streak Without Losing to a Man (Season)","Streaks","Single Season Records",3,"Carly",2,"2025 Week 3 - 2025 Week 4",false
"Longest Streak Without Losing to a Man (Season)","Streaks","Single Season Records",3,"Rachel F",2,"2025 Week 2 - 2025 Week 3",false
"Longest Streak Without Losing to a Man (Season)","Streaks","Single Season Records",3,"Ashley",2,"2026 Week 3 - 2026 Week 4",false
"Longest Streak Without Losing to a Man (Season)","Streaks","Single Season Records",3,"Carly",2,"2026 Week 3 - 2026 Week 4",false
"Longest Streak Without Losing to a Man (Season)","Streaks","Single Season Records",3,"Rachel M",2,"2026 Week 2 - 2026 Week 3",false
"Longest Streak Without Losing to a Man (Season)","Streaks","Single Season Records",11,"Becca",1,"2022 Week 3",false
"Longest Streak Without Losing to a Man (Season)","Streaks","Single Season Records",11,"Ashley",1,"2022 Week 4",false
"Longest Streak Without Losing to a Man (Season)","Streaks","Single Season Records",11,"Allie",1,"2023 Week 6",false
"Longest Streak Without Losing to a Man (Season)","Streaks","Single Season Records",11,"Rachel F",1,"2023 Week 2",false
"Longest Streak Without Losing to a Man (Season)","Streaks","Single Season Records",11,"Rachel M",1,"2023 Week 1",false
"Longest Streak Without Losing to a Man (Season)","Streaks","Single Season Records",11,"Allie",1,"2024 Week 3",false
"Longest Streak Without Losing to a Man (Season)","Streaks","Single Season Records",11,"Emma",1,"2024 Week 5",false
"Longest Streak Without Losing to a Man (Season)","Streaks","Single Season Records",11,"Jennie",1,"2024 Week 1",false
"Longest Streak Without Losing to a Man (Season)","Streaks","Single Season Records",11,"Carly",1,"2024 Week 1",false
"Longest Streak Without Losing to a Man (Season)","Streaks","Single Season Records",11,"Rachel F",1,"2024 Week 3",false
"Longest Streak Without Losing to a Man (Season)","Streaks","Single Season Records",11,"Brittany",1,"2025 Week 6",false
"Longest Streak Without Losing to a Man (Season)","Streaks","Single Season Records",11,"Rachel F",1,"2026 Week 1",false
"Longest Streak Without Losing to a Man (Season)","Streaks","Single Season Records",11,"Brittany",1,"2026 Week 1",false
"Longest Streak Without Losing to a Girl (Season)","Streaks","Single Season Records",1,"Austin",4,"2022 Week 1 - 2022 Week 5",false
"Longest Streak Without Losing to a Girl (Season)","Streaks","Single Season Records",1,"Nick",4,"2023 Week 3 - 2023 Week 6",false
"Longest Streak Without Losing to a Girl (Season)","Streaks","Single Season Records",1,"Michael",4,"2024 Week 1 - 2024 Week 5",false
"Longest Streak Without Losing to a Girl (Season)","Streaks","Single Season Records",1,"Austin",4,"2024 Week 2 - 2024 Week 5",false
"Longest Streak Without Losing to a Girl (Season)","Streaks","Single Season Records",1,"Sam",4,"2024 Week 3 - 2024 Week 6",false
"Longest Streak Without Losing to a Girl (Season)","Streaks","Single Season Records",1,"Austin",4,"2026 Week 1 - Present",true
"Longest Streak Without Losing to a Girl (Season)","Streaks","Single Season Records",7,"Richie",3,"2024 Week 4 - 2024 Week 6",false
"Longest Streak Without Losing to a Girl (Season)","Streaks","Single Season Records",7,"Cody",3,"2024 Week 4 - 2024 Week 6",false
"Longest Streak Without Losing to a Girl (Season)","Streaks","Single Season Records",7,"Ryan",3,"2024 Week 2 - 2024 Week 4",false
"Longest Streak Without Losing to a Girl (Season)","Streaks","Single Season Records",7,"Michael",3,"2026 Week 1 - Present",true
"Longest Streak Without Losing to a Girl (Season)","Streaks","Single Season Records",11,"Dan",2,"2022 Week 4 - 2022 Week 5",false
"Longest Streak Without Losing to a Girl (Season)","Streaks","Single Season Records",11,"Josh",2,"2022 Week 2 - 2022 Week 5",false
"Longest Streak Without Losing to a Girl (Season)","Streaks","Single Season Records",11,"Nick",2,"2022 Week 1 - 2022 Week 2",false
"Longest Streak Without Losing to a Girl (Season)","Streaks","Single Season Records",11,"Michael",2,"2022 Week 1 - 2022 Week 3",false
"Longest Streak Without Losing to a Girl (Season)","Streaks","Single Season Records",11,"Luke",2,"2022 Week 1 - 2022 Week 2",false
"Longest Streak Without Losing to a Girl (Season)","Streaks","Single Season Records",11,"Michael",2,"2023 Week 2 - 2023 Week 3",false
"Longest Streak Without Losing to a Girl (Season)","Streaks","Single Season Records",11,"Richie",2,"2023 Week 5 - 2023 Week 6",false
"Longest Streak Without Losing to a Girl (Season)","Streaks","Single Season Records",11,"Luke",2,"2023 Week 4 - 2023 Week 6",false
"Longest Streak Without Losing to a Girl (Season)","Streaks","Single Season Records",11,"Austin",2,"2023 Week 2 - 2023 Week 3",false
"Longest Streak Without Losing to a Girl (Season)","Streaks","Single Season Records",11,"Josh",2,"2023 Week 5 - 2023 Week 6",false
"Longest Streak Without Losing to a Girl (Season)","Streaks","Single Season Records",11,"Dan",2,"2024 Week 4 - 2024 Week 5",false
"Longest Streak Without Losing to a Girl (Season)","Streaks","Single Season Records",11,"Josh",2,"2024 Week 4 - 2024 Week 5",false
"Longest Streak Without Losing to a Girl (Season)","Streaks","Single Season Records",11,"Ian",2,"2024 Week 4 - 2024 Week 5",false
"Longest Streak Without Losing to a Girl (Season)","Streaks","Single Season Records",11,"Nick",2,"2024 Week 2 - 2024 Week 4",false
"Longest Streak Without Losing to a Girl (Season)","Streaks","Single Season Records",11,"Sam",2,"2025 Week 4 - 2025 Week 5",false
"Longest Streak Without Losing to a Girl (Season)","Streaks","Single Season Records",11,"Jack M",2,"2025 Week 1 - 2025 Week 2",false
"Longest Streak Without Losing to a Girl (Season)","Streaks","Single Season Records",11,"Cody",2,"2025 Week 1 - 2025 Week 2",false
"Longest Streak Without Losing to a Girl (Season)","Streaks","Single Season Records",11,"Austin",2,"2025 Week 4 - 2025 Week 5",false
"Longest Streak Without Losing to a Girl (Season)","Streaks","Single Season Records",11,"Dan",2,"2025 Week 2 - 2025 Week 4",false
"Longest Streak Without Losing to a Girl (Season)","Streaks","Single Season Records",11,"Richie",2,"2026 Week 2 - Present",true
"Longest Streak Without Losing to a Girl (Season)","Streaks","Single Season Records",11,"Cody",2,"2026 Week 3 - Present",true
"Longest Streak Without Losing to a Girl (Season)","Streaks","Single Season Records",11,"Jack M",2,"2026 Week 2 - Present",true
"Longest Streak Without Losing to a Girl (Season)","Streaks","Single Season Records",11,"Dan",2,"2026 Week 3 - Present",true
"Longest Streak Without Losing to a Girl (Season)","Streaks","Single Season Records",34,"Ryan",1,"2022 Week 6",false
"Longest Streak Without Losing to a Girl (Season)","Streaks","Single Season Records",34,"Richie",1,"2022 Week 1",false
"Longest Streak Without Losing to a Girl (Season)","Streaks","Single Season Records",34,"Dan",1,"2023 Week 3",false
"Longest Streak Without Losing to a Girl (Season)","Streaks","Single Season Records",34,"Jack M",1,"2023 Week 3",false
"Longest Streak Without Losing to a Girl (Season)","Streaks","Single Season Records",34,"Ryan",1,"2023 Week 6",false
"Longest Streak Without Losing to a Girl (Season)","Streaks","Single Season Records",34,"Tyler",1,"2024 Week 1",false
"Longest Streak Without Losing to a Girl (Season)","Streaks","Single Season Records",34,"Jack M",1,"2024 Week 4",false
"Longest Streak Without Losing to a Girl (Season)","Streaks","Single Season Records",34,"Richie",1,"2025 Week 3",false
"Longest Streak Without Losing to a Girl (Season)","Streaks","Single Season Records",34,"Steve",1,"2025 Week 3",false
"Longest Streak Without Losing to a Girl (Season)","Streaks","Single Season Records",34,"Michael",1,"2025 Week 1",false
"Longest Streak Without Losing to a Girl (Season)","Streaks","Single Season Records",34,"Nick",1,"2025 Week 6",false
"Longest Streak Without Losing to a Girl (Season)","Streaks","Single Season Records",34,"Ian",1,"2025 Week 5",false
"Longest Streak Without Losing to a Girl (Season)","Streaks","Single Season Records",34,"Nick",1,"2026 Week 1",false
"Longest Streak Without Losing to a Girl (Season)","Streaks","Single Season Records",34,"Ryan",1,"2026 Week 3",false
"Longest Streak Without Losing to a Girl (Season)","Streaks","Single Season Records",34,"Josh",1,"2026 Week 5",true
"Longest Streak Without Losing to a Girl (Season)","Streaks","Single Season Records",34,"Tyler",1,"2026 Week 3",false
"Longest Streak Without Losing to a Girl (Season)","Streaks","Single Season Records",34,"Steve",1,"2026 Week 5",true
"Longest Streak Without Losing to a Girl (Season)","Streaks","Single Season Records",34,"Jack C",1,"2026 Week 2",true
"Longest Streak Without Losing to a Girl (Season)","Streaks","Single Season Records",34,"Ian",1,"2026 Week 2",false
"Most Points in Rookie Season (All-Time)","Rookie Records","Single Season Records",1,"Nick",14,"2022",false
"Most Points in Rookie Season (All-Time)","Rookie Records","Single Season Records",2,"Cody",13,"2024",false
"Most Points in Rookie Season (All-Time)","Rookie Records","Single Season Records",3,"Michael",12,"2022",false
"Most Points in Rookie Season (All-Time)","Rookie Records","Single Season Records",3,"Rachel M",12,"2023",false
"Most Points in Rookie Season (All-Time)","Rookie Records","Single Season Records",5,"Richie",11,"2022",false
"Most Points in Rookie Season (All-Time)","Rookie Records","Single Season Records",5,"Luke",11,"2022",false
"Most Points in Rookie Season (All-Time)","Rookie Records","Single Season Records",7,"Dan",10,"2022",false
"Most Points in Rookie Season (All-Time)","Rookie Records","Single Season Records",8,"Ryan",9,"2022",false
"Most Points in Rookie Season (All-Time)","Rookie Records","Single Season Records",8,"Austin",9,"2022",false
"Most Points in Rookie Season (All-Time)","Rookie Records","Single Season Records",8,"Sam",9,"2024",false
"Most Points in Rookie Season (All-Time)","Rookie Records","Single Season Records",11,"Carly",8,"2023",false
"Most Points in Rookie Season (All-Time)","Rookie Records","Single Season Records",11,"Steve",8,"2023",false
"Most Points in Rookie Season (All-Time)","Rookie Records","Single Season Records",11,"Brittany",8,"2025",false
"Most Points in Rookie Season (All-Time)","Rookie Records","Single Season Records",14,"Rachel F",7,"2022",false
"Most Points in Rookie Season (All-Time)","Rookie Records","Single Season Records",14,"Ashley",7,"2022",false
"Most Points in Rookie Season (All-Time)","Rookie Records","Single Season Records",14,"Tyler",7,"2023",false
"Most Points in Rookie Season (All-Time)","Rookie Records","Single Season Records",14,"Jack M",7,"2023",false
"Most Points in Rookie Season (All-Time)","Rookie Records","Single Season Records",14,"Jennie",7,"2024",false
"Most Points in Rookie Season (All-Time)","Rookie Records","Single Season Records",19,"Becca",6,"2022",false
"Most Points in Rookie Season (All-Time)","Rookie Records","Single Season Records",20,"Josh",5,"2022",false
"Most Points in Rookie Season (All-Time)","Rookie Records","Single Season Records",20,"Emma",5,"2024",false
"Most Points in Rookie Season (All-Time)","Rookie Records","Single Season Records",20,"Ian",5,"2024",false
"Most Points in Rookie Season (All-Time)","Rookie Records","Single Season Records",20,"Jack C",5,"2025",false
"Most Points in Rookie Season (All-Time)","Rookie Records","Single Season Records",24,"Allie",4,"2022",false
"Most Points in Rookie Season (All-Time)","Rookie Records","Single Season Records",25,"Brian",3,"2022",false
"Most Points in Rookie Season (Excl. 2022)","Rookie Records","Single Season Records",1,"Cody",13,"2024",false
"Most Points in Rookie Season (Excl. 2022)","Rookie Records","Single Season Records",2,"Rachel M",12,"2023",false
"Most Points in Rookie Season (Excl. 2022)","Rookie Records","Single Season Records",3,"Sam",9,"2024",false
"Most Points in Rookie Season (Excl. 2022)","Rookie Records","Single Season Records",4,"Carly",8,"2023",false
"Most Points in Rookie Season (Excl. 2022)","Rookie Records","Single Season Records",4,"Steve",8,"2023",false
"Most Points in Rookie Season (Excl. 2022)","Rookie Records","Single Season Records",4,"Brittany",8,"2025",false
"Most Points in Rookie Season (Excl. 2022)","Rookie Records","Single Season Records",7,"Tyler",7,"2023",false
"Most Points in Rookie Season (Excl. 2022)","Rookie Records","Single Season Records",7,"Jack M",7,"2023",false
"Most Points in Rookie Season (Excl. 2022)","Rookie Records","Single Season Records",7,"Jennie",7,"2024",false
"Most Points in Rookie Season (Excl. 2022)","Rookie Records","Single Season Records",10,"Emma",5,"2024",false
"Most Points in Rookie Season (Excl. 2022)","Rookie Records","Single Season Records",10,"Ian",5,"2024",false
"Most Points in Rookie Season (Excl. 2022)","Rookie Records","Single Season Records",10,"Jack C",5,"2025",false
"Best Sophomore Season (All-Time)","Rookie Records","Single Season Records",1,"Nick",16,"2023",false
"Best Sophomore Season (All-Time)","Rookie Records","Single Season Records",2,"Austin",13,"2023",false
"Best Sophomore Season (All-Time)","Rookie Records","Single Season Records",2,"Michael",13,"2023",false
"Best Sophomore Season (All-Time)","Rookie Records","Single Season Records",2,"Sam",13,"2025",false
"Best Sophomore Season (All-Time)","Rookie Records","Single Season Records",5,"Carly",11,"2024",false
"Best Sophomore Season (All-Time)","Rookie Records","Single Season Records",5,"Ian",11,"2025",false
"Best Sophomore Season (All-Time)","Rookie Records","Single Season Records",7,"Richie",10,"2023",false
"Best Sophomore Season (All-Time)","Rookie Records","Single Season Records",7,"Ashley",10,"2023",false
"Best Sophomore Season (All-Time)","Rookie Records","Single Season Records",7,"Rachel M",10,"2024",false
"Best Sophomore Season (All-Time)","Rookie Records","Single Season Records",10,"Rachel F",9,"2023",false
"Best Sophomore Season (All-Time)","Rookie Records","Single Season Records",10,"Jack M",9,"2024",false
"Best Sophomore Season (All-Time)","Rookie Records","Single Season Records",12,"Cody",8,"2025",false
"Best Sophomore Season (All-Time)","Rookie Records","Single Season Records",13,"Josh",7,"2023",false
"Best Sophomore Season (All-Time)","Rookie Records","Single Season Records",13,"Luke",7,"2023",false
"Best Sophomore Season (All-Time)","Rookie Records","Single Season Records",13,"Tyler",7,"2024",false
"Best Sophomore Season (All-Time)","Rookie Records","Single Season Records",13,"Jack C",7,"2026",false
"Best Sophomore Season (All-Time)","Rookie Records","Single Season Records",13,"Brittany",7,"2026",false
"Best Sophomore Season (All-Time)","Rookie Records","Single Season Records",18,"Dan",4,"2023",false
"Best Sophomore Season (All-Time)","Rookie Records","Single Season Records",18,"Ryan",4,"2023",false
"Best Sophomore Season (All-Time)","Rookie Records","Single Season Records",18,"Emma",4,"2025",false
"Best Sophomore Season (All-Time)","Rookie Records","Single Season Records",21,"Allie",3,"2023",false
"Best Sophomore Season (All-Time)","Rookie Records","Single Season Records",22,"Steve",1,"2024",false
"Best Sophomore Season (Excl. Class of 2022)","Rookie Records","Single Season Records",1,"Sam",13,"2025",false
"Best Sophomore Season (Excl. Class of 2022)","Rookie Records","Single Season Records",2,"Carly",11,"2024",false
"Best Sophomore Season (Excl. Class of 2022)","Rookie Records","Single Season Records",2,"Ian",11,"2025",false
"Best Sophomore Season (Excl. Class of 2022)","Rookie Records","Single Season Records",4,"Rachel M",10,"2024",false
"Best Sophomore Season (Excl. Class of 2022)","Rookie Records","Single Season Records",5,"Jack M",9,"2024",false
"Best Sophomore Season (Excl. Class of 2022)","Rookie Records","Single Season Records",6,"Cody",8,"2025",false
"Best Sophomore Season (Excl. Class of 2022)","Rookie Records","Single Season Records",7,"Tyler",7,"2024",false
"Best Sophomore Season (Excl. Class of 2022)","Rookie Records","Single Season Records",7,"Jack C",7,"2026",false
"Best Sophomore Season (Excl. Class of 2022)","Rookie Records","Single Season Records",7,"Brittany",7,"2026",false
"Best Sophomore Season (Excl. Class of 2022)","Rookie Records","Single Season Records",10,"Emma",4,"2025",false
"Best Sophomore Season (Excl. Class of 2022)","Rookie Records","Single Season Records",11,"Steve",1,"2024",false
"Most Playoff Appearances","Totals","Post Season Only",1,"Michael",4,,false
"Most Playoff Appearances","Totals","Post Season Only",2,"Nick",3,,false
"Most Playoff Appearances","Totals","Post Season Only",2,"Richie",3,,false
"Most Playoff Appearances","Totals","Post Season Only",4,"Austin",2,,false
"Most Playoff Appearances","Totals","Post Season Only",4,"Rachel M",2,,false
"Most Playoff Appearances","Totals","Post Season Only",6,"Luke",1,,false
"Most Playoff Appearances","Totals","Post Season Only",6,"Rachel F",1,,false
"Most Playoff Appearances","Totals","Post Season Only",6,"Ryan",1,,false
"Most Playoff Appearances","Totals","Post Season Only",6,"Cody",1,,false
"Most Playoff Appearances","Totals","Post Season Only",6,"Carly",1,,false
"Most Playoff Appearances","Totals","Post Season Only",6,"Jack M",1,,false
"Most Playoff Appearances","Totals","Post Season Only",6,"Ashley",1,,false
"Most Playoff Appearances","Totals","Post Season Only",6,"Sam",1,,false
"Most Playoff Appearances","Totals","Post Season Only",6,"Ian",1,,false
"Most Playoff Appearances","Totals","Post Season Only",6,"Dan",1,,false
"Most Championship Appearances","Totals","Post Season Only",1,"Michael",3,,false
"Most Championship Appearances","Totals","Post Season Only",1,"Richie",3,,false
"Most Championship Appearances","Totals","Post Season Only",3,"Nick",2,,false
"Most Championship Appearances","Totals","Post Season Only",3,"Austin",2,,false
"Most Championship Appearances","Totals","Post Season Only",5,"Luke",1,,false
"Most Championship Appearances","Totals","Post Season Only",5,"Rachel M",1,,false
"Most Championship Appearances","Totals","Post Season Only",5,"Carly",1,,false
"Most Championship Appearances","Totals","Post Season Only",5,"Cody",1,,false
"Most Championship Appearances","Totals","Post Season Only",5,"Ian",1,,false
"Most Championship Appearances","Totals","Post Season Only",5,"Ashley",1,,false
"Most Championship Titles","Totals","Post Season Only",1,"Michael",2,,false
"Most Championship Titles","Totals","Post Season Only",1,"Austin",2,,false
"Most Championship Titles","Totals","Post Season Only",3,"Nick",0,,false
"Most Championship Titles","Totals","Post Season Only",3,"Richie",0,,false
"Most Championship Titles","Totals","Post Season Only",3,"Luke",0,,false
"Most Championship Titles","Totals","Post Season Only",3,"Rachel M",0,,false
"Most Championship Titles","Totals","Post Season Only",3,"Carly",0,,false
"Most Championship Titles","Totals","Post Season Only",3,"Cody",0,,false
"Most Championship Titles","Totals","Post Season Only",3,"Ian",0,,false
"Most Championship Titles","Totals","Post Season Only",3,"Ashley",0,,false
"Most Consecutive Playoff Appearances","Streaks","Post Season Only",1,"Michael",4,,true
"Most Consecutive Playoff Appearances","Streaks","Post Season Only",2,"Nick",3,,false
"Most Consecutive Playoff Appearances","Streaks","Post Season Only",3,"Richie",2,,true
"Most Consecutive Playoff Appearances","Streaks","Post Season Only",3,"Austin",2,,false
"Most Consecutive Playoff Appearances","Streaks","Post Season Only",5,"Luke",1,,false
"Most Consecutive Playoff Appearances","Streaks","Post Season Only",5,"Rachel M",1,,true
"Most Consecutive Playoff Appearances","Streaks","Post Season Only",5,"Rachel F",1,,false
"Most Consecutive Playoff Appearances","Streaks","Post Season Only",5,"Ryan",1,,false
"Most Consecutive Playoff Appearances","Streaks","Post Season Only",5,"Cody",1,,false
"Most Consecutive Playoff Appearances","Streaks","Post Season Only",5,"Carly",1,,false
"Most Consecutive Playoff Appearances","Streaks","Post Season Only",5,"Jack M",1,,true
"Most Consecutive Playoff Appearances","Streaks","Post Season Only",5,"Ashley",1,,true
"Most Consecutive Playoff Appearances","Streaks","Post Season Only",5,"Sam",1,,true
"Most Consecutive Playoff Appearances","Streaks","Post Season Only",5,"Ian",1,,true
"Most Consecutive Playoff Appearances","Streaks","Post Season Only",5,"Dan",1,,true
"Home Win % (Min 5 Home Games)","Averages","Locations",1,"Nick",50.0%,"10/20",false
"Home Win % (Min 5 Home Games)","Averages","Locations",2,"Michael",46.7%,"7/15",false
"Home Win % (Min 5 Home Games)","Averages","Locations",3,"Rachel M",40.0%,"4/10",false
"Home Win % (Min 5 Home Games)","Averages","Locations",4,"Josh",37.5%,"3/8",false
"Home Win % (Min 5 Home Games)","Averages","Locations",4,"Carly",37.5%,"3/8",false
"Home Win % (Min 5 Home Games)","Averages","Locations",6,"Richie",33.3%,"2/6",false
"Home Win % (Min 5 Home Games)","Averages","Locations",7,"Rachel F",31.6%,"6/19",false
"Home Win % (Min 5 Home Games)","Averages","Locations",8,"Ashley",30.8%,"4/13",false
"Home Win % (Min 5 Home Games)","Averages","Locations",9,"Austin",30.0%,"3/10",false
"Home Win % (Min 5 Home Games)","Averages","Locations",10,"Steve",11.1%,"1/9",false
"Home Win % (Min 5 Home Games)","Averages","Locations",11,"Dan",0.0%,"0/5",false
"Home Win % (Min 5 Home Games)","Averages","Locations",11,"Cody",0.0%,"0/5",false
"Away Win % (Min 5 Away Games)","Averages","Locations",1,"Cody",50.0%,"7/14",false
"Away Win % (Min 5 Away Games)","Averages","Locations",2,"Michael",47.4%,"9/19",false
"Away Win % (Min 5 Away Games)","Averages","Locations",3,"Austin",45.5%,"10/22",false
"Away Win % (Min 5 Away Games)","Averages","Locations",4,"Luke",40.0%,"4/10",false
"Away Win % (Min 5 Away Games)","Averages","Locations",5,"Richie",35.7%,"10/28",false
"Away Win % (Min 5 Away Games)","Averages","Locations",6,"Ian",35.3%,"6/17",false
"Away Win % (Min 5 Away Games)","Averages","Locations",7,"Sam",33.3%,"6/18",false
"Away Win % (Min 5 Away Games)","Averages","Locations",8,"Rachel F",27.3%,"3/11",false
"Away Win % (Min 5 Away Games)","Averages","Locations",9,"Nick",25.0%,"3/12",false
"Away Win % (Min 5 Away Games)","Averages","Locations",10,"Carly",23.5%,"4/17",false
"Away Win % (Min 5 Away Games)","Averages","Locations",11,"Ashley",22.2%,"4/18",false
"Away Win % (Min 5 Away Games)","Averages","Locations",12,"Dan",20.0%,"5/25",false
"Away Win % (Min 5 Away Games)","Averages","Locations",12,"Rachel M",20.0%,"3/15",false
"Away Win % (Min 5 Away Games)","Averages","Locations",14,"Josh",19.0%,"4/21",false
"Away Win % (Min 5 Away Games)","Averages","Locations",15,"Ryan",13.8%,"4/29",false
"Away Win % (Min 5 Away Games)","Averages","Locations",16,"Jack M",13.0%,"3/23",false
"Away Win % (Min 5 Away Games)","Averages","Locations",17,"Brittany",11.1%,"1/9",false
"Away Win % (Min 5 Away Games)","Averages","Locations",18,"Jack C",10.0%,"1/10",false
"Away Win % (Min 5 Away Games)","Averages","Locations",19,"Tyler",4.8%,"1/21",false
"Away Win % (Min 5 Away Games)","Averages","Locations",20,"Allie",0.0%,"0/13",false
"Away Win % (Min 5 Away Games)","Averages","Locations",20,"Steve",0.0%,"0/14",false
"Away Win % (Min 5 Away Games)","Averages","Locations",20,"Emma",0.0%,"0/13",false
"Home vs Away Point Differential (Min 5 Games Each)","Averages","Locations",1,"Josh",+0.53,"Home: 1.63, Away: 1.10",false
"Home vs Away Point Differential (Min 5 Games Each)","Averages","Locations",2,"Rachel F",+0.46,"Home: 1.74, Away: 1.27",false
"Home vs Away Point Differential (Min 5 Games Each)","Averages","Locations",3,"Ashley",+0.35,"Home: 1.85, Away: 1.50",false
"Home vs Away Point Differential (Min 5 Games Each)","Averages","Locations",4,"Nick",+0.27,"Home: 2.10, Away: 1.83",false
"Home vs Away Point Differential (Min 5 Games Each)","Averages","Locations",5,"Rachel M",+0.23,"Home: 1.90, Away: 1.67",false
"Home vs Away Point Differential (Min 5 Games Each)","Averages","Locations",6,"Carly",+0.08,"Home: 1.38, Away: 1.29",false
"Home vs Away Point Differential (Min 5 Games Each)","Averages","Locations",7,"Steve",-0.04,"Home: 0.89, Away: 0.93",false
"Home vs Away Point Differential (Min 5 Games Each)","Averages","Locations",8,"Dan",-0.12,"Home: 1.20, Away: 1.32",false
"Home vs Away Point Differential (Min 5 Games Each)","Averages","Locations",9,"Michael",-0.17,"Home: 1.93, Away: 2.11",false
"Home vs Away Point Differential (Min 5 Games Each)","Averages","Locations",10,"Cody",-0.27,"Home: 1.80, Away: 2.07",false
"Home vs Away Point Differential (Min 5 Games Each)","Averages","Locations",11,"Richie",-0.29,"Home: 1.50, Away: 1.79",false
"Home vs Away Point Differential (Min 5 Games Each)","Averages","Locations",12,"Austin",-0.87,"Home: 1.40, Away: 2.27",false
"% of Games Played at Home (Min 5 Games)","Averages","Locations",1,"Rachel F",63.3%,"19/30",false
"% of Games Played at Home (Min 5 Games)","Averages","Locations",2,"Nick",62.5%,"20/32",false
"% of Games Played at Home (Min 5 Games)","Averages","Locations",3,"Michael",44.1%,"15/34",false
"% of Games Played at Home (Min 5 Games)","Averages","Locations",4,"Ashley",41.9%,"13/31",false
"% of Games Played at Home (Min 5 Games)","Averages","Locations",5,"Rachel M",40.0%,"10/25",false
"% of Games Played at Home (Min 5 Games)","Averages","Locations",6,"Steve",39.1%,"9/23",false
"% of Games Played at Home (Min 5 Games)","Averages","Locations",7,"Becca",33.3%,"2/6",false
"% of Games Played at Home (Min 5 Games)","Averages","Locations",7,"Jennie",33.3%,"2/6",false
"% of Games Played at Home (Min 5 Games)","Averages","Locations",9,"Carly",32.0%,"8/25",false
"% of Games Played at Home (Min 5 Games)","Averages","Locations",10,"Austin",31.3%,"10/32",false
"% of Games Played at Home (Min 5 Games)","Averages","Locations",11,"Josh",27.6%,"8/29",false
"% of Games Played at Home (Min 5 Games)","Averages","Locations",12,"Cody",26.3%,"5/19",false
"% of Games Played at Home (Min 5 Games)","Averages","Locations",13,"Emma",23.5%,"4/17",false
"% of Games Played at Home (Min 5 Games)","Averages","Locations",14,"Luke",23.1%,"3/13",false
"% of Games Played at Home (Min 5 Games)","Averages","Locations",15,"Allie",18.8%,"3/16",false
"% of Games Played at Home (Min 5 Games)","Averages","Locations",16,"Brittany",18.2%,"2/11",false
"% of Games Played at Home (Min 5 Games)","Averages","Locations",17,"Richie",17.6%,"6/34",false
"% of Games Played at Home (Min 5 Games)","Averages","Locations",18,"Dan",16.7%,"5/30",false
"% of Games Played at Home (Min 5 Games)","Averages","Locations",19,"Ian",10.5%,"2/19",false
"% of Games Played at Home (Min 5 Games)","Averages","Locations",20,"Jack C",9.1%,"1/11",false
"% of Games Played at Home (Min 5 Games)","Averages","Locations",21,"Tyler",8.7%,"2/23",false
"% of Games Played at Home (Min 5 Games)","Averages","Locations",22,"Jack M",4.2%,"1/24",false
"% of Games Played at Home (Min 5 Games)","Averages","Locations",23,"Ryan",3.3%,"1/30",false
"% of Games Played at Home (Min 5 Games)","Averages","Locations",24,"Sam",0.0%,"0/18",false
"% of Games Played Away (Min 5 Games)","Averages","Locations",1,"Sam",100.0%,"18/18",false
"% of Games Played Away (Min 5 Games)","Averages","Locations",2,"Ryan",96.7%,"29/30",false
"% of Games Played Away (Min 5 Games)","Averages","Locations",3,"Jack M",95.8%,"23/24",false
"% of Games Played Away (Min 5 Games)","Averages","Locations",4,"Tyler",91.3%,"21/23",false
"% of Games Played Away (Min 5 Games)","Averages","Locations",5,"Jack C",90.9%,"10/11",false
"% of Games Played Away (Min 5 Games)","Averages","Locations",6,"Ian",89.5%,"17/19",false
"% of Games Played Away (Min 5 Games)","Averages","Locations",7,"Dan",83.3%,"25/30",false
"% of Games Played Away (Min 5 Games)","Averages","Locations",8,"Richie",82.4%,"28/34",false
"% of Games Played Away (Min 5 Games)","Averages","Locations",9,"Brittany",81.8%,"9/11",false
"% of Games Played Away (Min 5 Games)","Averages","Locations",10,"Allie",81.3%,"13/16",false
"% of Games Played Away (Min 5 Games)","Averages","Locations",11,"Luke",76.9%,"10/13",false
"% of Games Played Away (Min 5 Games)","Averages","Locations",12,"Emma",76.5%,"13/17",false
"% of Games Played Away (Min 5 Games)","Averages","Locations",13,"Cody",73.7%,"14/19",false
"% of Games Played Away (Min 5 Games)","Averages","Locations",14,"Josh",72.4%,"21/29",false
"% of Games Played Away (Min 5 Games)","Averages","Locations",15,"Austin",68.8%,"22/32",false
"% of Games Played Away (Min 5 Games)","Averages","Locations",16,"Carly",68.0%,"17/25",false
"% of Games Played Away (Min 5 Games)","Averages","Locations",17,"Becca",66.7%,"4/6",false
"% of Games Played Away (Min 5 Games)","Averages","Locations",17,"Jennie",66.7%,"4/6",false
"% of Games Played Away (Min 5 Games)","Averages","Locations",19,"Steve",60.9%,"14/23",false
"% of Games Played Away (Min 5 Games)","Averages","Locations",20,"Rachel M",60.0%,"15/25",false
"% of Games Played Away (Min 5 Games)","Averages","Locations",21,"Ashley",58.1%,"18/31",false
"% of Games Played Away (Min 5 Games)","Averages","Locations",22,"Michael",55.9%,"19/34",false
"% of Games Played Away (Min 5 Games)","Averages","Locations",23,"Nick",37.5%,"12/32",false
"% of Games Played Away (Min 5 Games)","Averages","Locations",24,"Rachel F",36.7%,"11/30",false
"Average Points at Home (Min 5 Home Games)","Averages","Locations",1,"Nick",2.10,"20 games",false
"Average Points at Home (Min 5 Home Games)","Averages","Locations",2,"Michael",1.93,"15 games",false
"Average Points at Home (Min 5 Home Games)","Averages","Locations",3,"Rachel M",1.90,"10 games",false
"Average Points at Home (Min 5 Home Games)","Averages","Locations",4,"Ashley",1.85,"13 games",false
"Average Points at Home (Min 5 Home Games)","Averages","Locations",5,"Cody",1.80,"5 games",false
"Average Points at Home (Min 5 Home Games)","Averages","Locations",6,"Rachel F",1.74,"19 games",false
"Average Points at Home (Min 5 Home Games)","Averages","Locations",7,"Josh",1.63,"8 games",false
"Average Points at Home (Min 5 Home Games)","Averages","Locations",8,"Richie",1.50,"6 games",false
"Average Points at Home (Min 5 Home Games)","Averages","Locations",9,"Austin",1.40,"10 games",false
"Average Points at Home (Min 5 Home Games)","Averages","Locations",10,"Carly",1.38,"8 games",false
"Average Points at Home (Min 5 Home Games)","Averages","Locations",11,"Dan",1.20,"5 games",false
"Average Points at Home (Min 5 Home Games)","Averages","Locations",12,"Steve",0.89,"9 games",false
"Average Points Away (Min 5 Away Games)","Averages","Locations",1,"Austin",2.27,"22 games",false
"Average Points Away (Min 5 Away Games)","Averages","Locations",2,"Michael",2.11,"19 games",false
"Average Points Away (Min 5 Away Games)","Averages","Locations",3,"Cody",2.07,"14 games",false
"Average Points Away (Min 5 Away Games)","Averages","Locations",4,"Nick",1.83,"12 games",false
"Average Points Away (Min 5 Away Games)","Averages","Locations",5,"Richie",1.79,"28 games",false
"Average Points Away (Min 5 Away Games)","Averages","Locations",6,"Rachel M",1.67,"15 games",false
"Average Points Away (Min 5 Away Games)","Averages","Locations",7,"Sam",1.61,"18 games",false
"Average Points Away (Min 5 Away Games)","Averages","Locations",8,"Ian",1.53,"17 games",false
"Average Points Away (Min 5 Away Games)","Averages","Locations",9,"Ashley",1.50,"18 games",false
"Average Points Away (Min 5 Away Games)","Averages","Locations",10,"Jack M",1.48,"23 games",false
"Average Points Away (Min 5 Away Games)","Averages","Locations",11,"Luke",1.40,"10 games",false
"Average Points Away (Min 5 Away Games)","Averages","Locations",12,"Brittany",1.33,"9 games",false
"Average Points Away (Min 5 Away Games)","Averages","Locations",13,"Dan",1.32,"25 games",false
"Average Points Away (Min 5 Away Games)","Averages","Locations",14,"Carly",1.29,"17 games",false
"Average Points Away (Min 5 Away Games)","Averages","Locations",15,"Rachel F",1.27,"11 games",false
"Average Points Away (Min 5 Away Games)","Averages","Locations",16,"Tyler",1.14,"21 games",false
"Average Points Away (Min 5 Away Games)","Averages","Locations",17,"Jack C",1.10,"10 games",false
"Average Points Away (Min 5 Away Games)","Averages","Locations",17,"Josh",1.10,"21 games",false
"Average Points Away (Min 5 Away Games)","Averages","Locations",19,"Ryan",1.03,"29 games",false
"Average Points Away (Min 5 Away Games)","Averages","Locations",20,"Steve",0.93,"14 games",false
"Average Points Away (Min 5 Away Games)","Averages","Locations",21,"Emma",0.77,"13 games",false
"Average Points Away (Min 5 Away Games)","Averages","Locations",22,"Allie",0.54,"13 games",false
"Most Games Hosted (By Location)","Totals","Locations",1,"Nick & Rachel F",23,,false
"Most Games Hosted (By Location)","Totals","Locations",2,"Michael & Ashley",17,,false
"Most Games Hosted (By Location)","Totals","Locations",3,"Rachel M & Steve",12,,false
"Most Games Hosted (By Location)","Totals","Locations",4,"Austin & Carly",8,,false
"Most Games Hosted (By Location)","Totals","Locations",5,"Richie",7,,false
"Most Games Hosted (By Location)","Totals","Locations",6,"Dan",5,,false
"Most Games Hosted (By Location)","Totals","Locations",6,"Josh",5,,false
"Most Games Hosted (By Location)","Totals","Locations",6,"Tapster",5,,false
"Most Games Hosted (By Location)","Totals","Locations",9,"Josh & Austin",4,,false
"Most Games Hosted (By Location)","Totals","Locations",10,"Allie",3,,false
"Most Games Hosted (By Location)","Totals","Locations",10,"Brittany & Cody",3,,false
"Most Games Hosted (By Location)","Totals","Locations",12,"Luke & Becca",2,,false
"Most Games Hosted (By Location)","Totals","Locations",12,"Austin",2,,false
"Most Games Hosted (By Location)","Totals","Locations",12,"Tyler",2,,false
"Most Games Hosted (By Location)","Totals","Locations",12,"Ian & Jennie",2,,false
"Most Games Hosted (By Location)","Totals","Locations",12,"Cody",2,,false
"Most Games Hosted (By Location)","Totals","Locations",12,"Jack M & Emma",2,,false
"Most Games Hosted (By Location)","Totals","Locations",12,"Jack & Emma",2,,false
"Most Games Hosted (By Location)","Totals","Locations",19,"Brian & Ryan",1,,false
"Most Games Hosted (By Location)","Totals","Locations",19,"Luke",1,,false
"Most Games Hosted (By Location)","Totals","Locations",19,"Grandma Matonis",1,,false
"Most Games Hosted (By Location)","Totals","Locations",19,"Mike Matonis Sr.",1,,false
"Most Games Hosted (By Location)","Totals","Locations",19,"Jack C",1,,false
"Most Games Hosted (By Location)","Totals","Locations",19,"Rachel & Steve",1,,false
"Most Home Games Played (By Player)","Totals","Locations",1,"Nick",20,,false
"Most Home Games Played (By Player)","Totals","Locations",2,"Rachel F",19,,false
"Most Home Games Played (By Player)","Totals","Locations",3,"Michael",15,,false
"Most Home Games Played (By Player)","Totals","Locations",4,"Ashley",13,,false
"Most Home Games Played (By Player)","Totals","Locations",5,"Austin",10,,false
"Most Home Games Played (By Player)","Totals","Locations",5,"Rachel M",10,,false
"Most Home Games Played (By Player)","Totals","Locations",7,"Steve",9,,false
"Most Home Games Played (By Player)","Totals","Locations",8,"Josh",8,,false
"Most Home Games Played (By Player)","Totals","Locations",8,"Carly",8,,false
"Most Home Games Played (By Player)","Totals","Locations",10,"Richie",6,,false
"Most Home Games Played (By Player)","Totals","Locations",11,"Dan",5,,false
"Most Home Games Played (By Player)","Totals","Locations",11,"Cody",5,,false
"Most Home Games Played (By Player)","Totals","Locations",13,"Emma",4,,false
"Most Home Games Played (By Player)","Totals","Locations",14,"Luke",3,,false
"Most Home Games Played (By Player)","Totals","Locations",14,"Allie",3,,false
"Most Home Games Played (By Player)","Totals","Locations",16,"Becca",2,,false
"Most Home Games Played (By Player)","Totals","Locations",16,"Tyler",2,,false
"Most Home Games Played (By Player)","Totals","Locations",16,"Jennie",2,,false
"Most Home Games Played (By Player)","Totals","Locations",16,"Ian",2,,false
"Most Home Games Played (By Player)","Totals","Locations",16,"Brittany",2,,false
"Most Home Games Played (By Player)","Totals","Locations",21,"Brian",1,,false
"Most Home Games Played (By Player)","Totals","Locations",21,"Ryan",1,,false
"Most Home Games Played (By Player)","Totals","Locations",21,"Jack M",1,,false
"Most Home Games Played (By Player)","Totals","Locations",21,"Jack C",1,,false
"Most Home Games Played (By Player)","Totals","Locations",25,"Sam",0,,false
"Last Hosted (Active Players)","Totals","Locations",1,"Sam",Never,,false
"Last Hosted (Active Players)","Totals","Locations",2,"Ryan",2022 Week 1,,false
"Last Hosted (Active Players)","Totals","Locations",3,"Ian",2024 Week 6,,false
"Last Hosted (Active Players)","Totals","Locations",4,"Tyler",2025 Week 2,,false
"Last Hosted (Active Players)","Totals","Locations",5,"Jack C",2025 Week 3,,false
"Last Hosted (Active Players)","Totals","Locations",6,"Richie",2025 Championship,,false
"Last Hosted (Active Players)","Totals","Locations",7,"Rachel F",2026 Week 1,,false
"Last Hosted (Active Players)","Totals","Locations",8,"Cody",2026 Week 2,,false
"Last Hosted (Active Players)","Totals","Locations",8,"Austin",2026 Week 2,,false
"Last Hosted (Active Players)","Totals","Locations",8,"Brittany",2026 Week 2,,false
"Last Hosted (Active Players)","Totals","Locations",8,"Jack M",2026 Week 2,,false
"Last Hosted (Active Players)","Totals","Locations",12,"Carly",2026 Week 3,,false
"Last Hosted (Active Players)","Totals","Locations",12,"Rachel M",2026 Week 3,,false
"Last Hosted (Active Players)","Totals","Locations",12,"Dan",2026 Week 3,,false
"Last Hosted (Active Players)","Totals","Locations",15,"Michael",2026 Week 4,,false
"Last Hosted (Active Players)","Totals","Locations",16,"Ashley",2026 Week 5,,false
"Last Hosted (Active Players)","Totals","Locations",16,"Nick",2026 Week 5,,false
"Last Hosted (Active Players)","Totals","Locations",16,"Emma",2026 Week 5,,false
"Last Hosted (Active Players)","Totals","Locations",16,"Josh",2026 Week 5,,false
"Last Hosted (Active Players)","Totals","Locations",16,"Steve",2026 Week 5,,false
"Most Wins at Home","Totals","Locations",1,"Nick",10,,false
"Most Wins at Home","Totals","Locations",2,"Michael",7,,false
"Most Wins at Home","Totals","Locations",3,"Rachel F",6,,false
"Most Wins at Home","Totals","Locations",4,"Ashley",4,,false
"Most Wins at Home","Totals","Locations",4,"Rachel M",4,,false
"Most Wins at Home","Totals","Locations",6,"Josh",3,,false
"Most Wins at Home","Totals","Locations",6,"Austin",3,,false
"Most Wins at Home","Totals","Locations",6,"Carly",3,,false
"Most Wins at Home","Totals","Locations",9,"Richie",2,,false
"Most Wins at Home","Totals","Locations",10,"Brian",1,,false
"Most Wins at Home","Totals","Locations",10,"Jack M",1,,false
"Most Wins at Home","Totals","Locations",10,"Steve",1,,false
"Most Wins at Home","Totals","Locations",10,"Jennie",1,,false
"Most Wins at Home","Totals","Locations",10,"Brittany",1,,false
"Most Wins at Home","Totals","Locations",15,"Dan",0,,false
"Most Wins at Home","Totals","Locations",15,"Ryan",0,,false
"Most Wins at Home","Totals","Locations",15,"Luke",0,,false
"Most Wins at Home","Totals","Locations",15,"Becca",0,,false
"Most Wins at Home","Totals","Locations",15,"Allie",0,,false
"Most Wins at Home","Totals","Locations",15,"Tyler",0,,false
"Most Wins at Home","Totals","Locations",15,"Cody",0,,false
"Most Wins at Home","Totals","Locations",15,"Emma",0,,false
"Most Wins at Home","Totals","Locations",15,"Ian",0,,false
"Most Wins at Home","Totals","Locations",15,"Sam",0,,false
"Most Wins at Home","Totals","Locations",15,"Jack C",0,,false
"Most Wins Away","Totals","Locations",1,"Austin",10,,false
"Most Wins Away","Totals","Locations",1,"Richie",10,,false
"Most Wins Away","Totals","Locations",3,"Michael",9,,false
"Most Wins Away","Totals","Locations",4,"Cody",7,,false
"Most Wins Away","Totals","Locations",5,"Ian",6,,false
"Most Wins Away","Totals","Locations",5,"Sam",6,,false
"Most Wins Away","Totals","Locations",7,"Dan",5,,false
"Most Wins Away","Totals","Locations",8,"Ryan",4,,false
"Most Wins Away","Totals","Locations",8,"Josh",4,,false
"Most Wins Away","Totals","Locations",8,"Luke",4,,false
"Most Wins Away","Totals","Locations",8,"Ashley",4,,false
"Most Wins Away","Totals","Locations",8,"Carly",4,,false
"Most Wins Away","Totals","Locations",13,"Nick",3,,false
"Most Wins Away","Totals","Locations",13,"Rachel F",3,,false
"Most Wins Away","Totals","Locations",13,"Jack M",3,,false
"Most Wins Away","Totals","Locations",13,"Rachel M",3,,false
"Most Wins Away","Totals","Locations",17,"Tyler",1,,false
"Most Wins Away","Totals","Locations",17,"Jack C",1,,false
"Most Wins Away","Totals","Locations",17,"Brittany",1,,false
"Most Wins Away","Totals","Locations",20,"Brian",0,,false
"Most Wins Away","Totals","Locations",20,"Becca",0,,false
"Most Wins Away","Totals","Locations",20,"Allie",0,,false
"Most Wins Away","Totals","Locations",20,"Steve",0,,false
"Most Wins Away","Totals","Locations",20,"Emma",0,,false
"Most Wins Away","Totals","Locations",20,"Jennie",0,,false
"Most Home Games Played (Single Season)","Single Season","Locations",1,"Rachel F",6,"2024",false
"Most Home Games Played (Single Season)","Single Season","Locations",2,"Nick",5,"2023",false
"Most Home Games Played (Single Season)","Single Season","Locations",2,"Nick",5,"2024",false
"Most Home Games Played (Single Season)","Single Season","Locations",2,"Nick",5,"2025",false
"Most Home Games Played (Single Season)","Single Season","Locations",2,"Rachel F",5,"2025",false
"Most Home Games Played (Single Season)","Single Season","Locations",6,"Austin",4,"2022",false
"Most Home Games Played (Single Season)","Single Season","Locations",6,"Michael",4,"2022",false
"Most Home Games Played (Single Season)","Single Season","Locations",6,"Ashley",4,"2023",false
"Most Home Games Played (Single Season)","Single Season","Locations",6,"Michael",4,"2023",false
"Most Home Games Played (Single Season)","Single Season","Locations",6,"Rachel F",4,"2023",false
"Most Home Games Played (Single Season)","Single Season","Locations",6,"Carly",4,"2024",false
"Most Home Games Played (Single Season)","Single Season","Locations",6,"Steve",4,"2024",false
"Most Home Games Played (Single Season)","Single Season","Locations",6,"Richie",4,"2025",false
"Most Home Games Played (Single Season)","Single Season","Locations",6,"Rachel M",4,"2025",false
"Most Home Games Played (Single Season)","Single Season","Locations",6,"Emma",4,"2026",false
"Most Home Games Played (Single Season)","Single Season","Locations",16,"Nick",3,"2022",false
"Most Home Games Played (Single Season)","Single Season","Locations",16,"Rachel F",3,"2022",false
"Most Home Games Played (Single Season)","Single Season","Locations",16,"Josh",3,"2022",false
"Most Home Games Played (Single Season)","Single Season","Locations",16,"Michael",3,"2024",false
"Most Home Games Played (Single Season)","Single Season","Locations",16,"Ashley",3,"2024",false
"Most Home Games Played (Single Season)","Single Season","Locations",16,"Austin",3,"2024",false
"Most Home Games Played (Single Season)","Single Season","Locations",16,"Rachel M",3,"2024",false
"Most Home Games Played (Single Season)","Single Season","Locations",16,"Michael",3,"2025",false
"Most Home Games Played (Single Season)","Single Season","Locations",16,"Steve",3,"2025",false
"Most Home Games Played (Single Season)","Single Season","Locations",16,"Rachel M",3,"2026",false
"Most Home Games Played (Single Season)","Single Season","Locations",16,"Josh",3,"2026",false
"Most Home Games Played (Single Season)","Single Season","Locations",27,"Luke",2,"2022",false
"Most Home Games Played (Single Season)","Single Season","Locations",27,"Becca",2,"2022",false
"Most Home Games Played (Single Season)","Single Season","Locations",27,"Ashley",2,"2022",false
"Most Home Games Played (Single Season)","Single Season","Locations",27,"Dan",2,"2023",false
"Most Home Games Played (Single Season)","Single Season","Locations",27,"Allie",2,"2023",false
"Most Home Games Played (Single Season)","Single Season","Locations",27,"Austin",2,"2023",false
"Most Home Games Played (Single Season)","Single Season","Locations",27,"Jennie",2,"2024",false
"Most Home Games Played (Single Season)","Single Season","Locations",27,"Ian",2,"2024",false
"Most Home Games Played (Single Season)","Single Season","Locations",27,"Cody",2,"2024",false
"Most Home Games Played (Single Season)","Single Season","Locations",27,"Dan",2,"2025",false
"Most Home Games Played (Single Season)","Single Season","Locations",27,"Carly",2,"2025",false
"Most Home Games Played (Single Season)","Single Season","Locations",27,"Ashley",2,"2025",false
"Most Home Games Played (Single Season)","Single Season","Locations",27,"Cody",2,"2026",false
"Most Home Games Played (Single Season)","Single Season","Locations",27,"Nick",2,"2026",false
"Most Home Games Played (Single Season)","Single Season","Locations",27,"Carly",2,"2026",false
"Most Home Games Played (Single Season)","Single Season","Locations",27,"Steve",2,"2026",false
"Most Home Games Played (Single Season)","Single Season","Locations",27,"Ashley",2,"2026",false
"Most Home Games Played (Single Season)","Single Season","Locations",44,"Brian",1,"2022",false
"Most Home Games Played (Single Season)","Single Season","Locations",44,"Ryan",1,"2022",false
"Most Home Games Played (Single Season)","Single Season","Locations",44,"Allie",1,"2022",false
"Most Home Games Played (Single Season)","Single Season","Locations",44,"Richie",1,"2022",false
"Most Home Games Played (Single Season)","Single Season","Locations",44,"Josh",1,"2023",false
"Most Home Games Played (Single Season)","Single Season","Locations",44,"Luke",1,"2023",false
"Most Home Games Played (Single Season)","Single Season","Locations",44,"Tyler",1,"2024",false
"Most Home Games Played (Single Season)","Single Season","Locations",44,"Josh",1,"2024",false
"Most Home Games Played (Single Season)","Single Season","Locations",44,"Richie",1,"2024",false
"Most Home Games Played (Single Season)","Single Season","Locations",44,"Tyler",1,"2025",false
"Most Home Games Played (Single Season)","Single Season","Locations",44,"Jack C",1,"2025",false
"Most Home Games Played (Single Season)","Single Season","Locations",44,"Cody",1,"2025",false
"Most Home Games Played (Single Season)","Single Season","Locations",44,"Brittany",1,"2025",false
"Most Home Games Played (Single Season)","Single Season","Locations",44,"Rachel F",1,"2026",false
"Most Home Games Played (Single Season)","Single Season","Locations",44,"Brittany",1,"2026",false
"Most Home Games Played (Single Season)","Single Season","Locations",44,"Austin",1,"2026",false
"Most Home Games Played (Single Season)","Single Season","Locations",44,"Jack M",1,"2026",false
"Most Home Games Played (Single Season)","Single Season","Locations",44,"Dan",1,"2026",false
"Most Home Games Played (Single Season)","Single Season","Locations",44,"Michael",1,"2026",false
"Fewest Home Games Played (Single Season)","Single Season","Locations",1,"Dan",0,"2022",false
"Fewest Home Games Played (Single Season)","Single Season","Locations",1,"Richie",0,"2023",false
"Fewest Home Games Played (Single Season)","Single Season","Locations",1,"Carly",0,"2023",false
"Fewest Home Games Played (Single Season)","Single Season","Locations",1,"Tyler",0,"2023",false
"Fewest Home Games Played (Single Season)","Single Season","Locations",1,"Jack M",0,"2023",false
"Fewest Home Games Played (Single Season)","Single Season","Locations",1,"Ryan",0,"2023",false
"Fewest Home Games Played (Single Season)","Single Season","Locations",1,"Rachel M",0,"2023",false
"Fewest Home Games Played (Single Season)","Single Season","Locations",1,"Steve",0,"2023",false
"Fewest Home Games Played (Single Season)","Single Season","Locations",1,"Allie",0,"2024",false
"Fewest Home Games Played (Single Season)","Single Season","Locations",1,"Jack M",0,"2024",false
"Fewest Home Games Played (Single Season)","Single Season","Locations",1,"Emma",0,"2024",false
"Fewest Home Games Played (Single Season)","Single Season","Locations",1,"Ryan",0,"2024",false
"Fewest Home Games Played (Single Season)","Single Season","Locations",1,"Dan",0,"2024",false
"Fewest Home Games Played (Single Season)","Single Season","Locations",1,"Sam",0,"2024",false
"Fewest Home Games Played (Single Season)","Single Season","Locations",1,"Josh",0,"2025",false
"Fewest Home Games Played (Single Season)","Single Season","Locations",1,"Ryan",0,"2025",false
"Fewest Home Games Played (Single Season)","Single Season","Locations",1,"Sam",0,"2025",false
"Fewest Home Games Played (Single Season)","Single Season","Locations",1,"Jack M",0,"2025",false
"Fewest Home Games Played (Single Season)","Single Season","Locations",1,"Emma",0,"2025",false
"Fewest Home Games Played (Single Season)","Single Season","Locations",1,"Austin",0,"2025",false
"Fewest Home Games Played (Single Season)","Single Season","Locations",1,"Ian",0,"2025",false
"Fewest Home Games Played (Single Season)","Single Season","Locations",22,"Brian",1,"2022",false
"Fewest Home Games Played (Single Season)","Single Season","Locations",22,"Ryan",1,"2022",false
"Fewest Home Games Played (Single Season)","Single Season","Locations",22,"Richie",1,"2022",false
"Fewest Home Games Played (Single Season)","Single Season","Locations",22,"Allie",1,"2022",false
"Fewest Home Games Played (Single Season)","Single Season","Locations",22,"Luke",1,"2023",false
"Fewest Home Games Played (Single Season)","Single Season","Locations",22,"Josh",1,"2023",false
"Fewest Home Games Played (Single Season)","Single Season","Locations",22,"Richie",1,"2024",false
"Fewest Home Games Played (Single Season)","Single Season","Locations",22,"Tyler",1,"2024",false
"Fewest Home Games Played (Single Season)","Single Season","Locations",22,"Josh",1,"2024",false
"Fewest Home Games Played (Single Season)","Single Season","Locations",22,"Jack C",1,"2025",false
"Fewest Home Games Played (Single Season)","Single Season","Locations",22,"Cody",1,"2025",false
"Fewest Home Games Played (Single Season)","Single Season","Locations",22,"Brittany",1,"2025",false
"Fewest Home Games Played (Single Season)","Single Season","Locations",22,"Tyler",1,"2025",false
"Fewest Home Games Played (Single Season)","Single Season","Locations",35,"Luke",2,"2022",false
"Fewest Home Games Played (Single Season)","Single Season","Locations",35,"Becca",2,"2022",false
"Fewest Home Games Played (Single Season)","Single Season","Locations",35,"Ashley",2,"2022",false
"Fewest Home Games Played (Single Season)","Single Season","Locations",35,"Allie",2,"2023",false
"Fewest Home Games Played (Single Season)","Single Season","Locations",35,"Austin",2,"2023",false
"Fewest Home Games Played (Single Season)","Single Season","Locations",35,"Dan",2,"2023",false
"Fewest Home Games Played (Single Season)","Single Season","Locations",35,"Cody",2,"2024",false
"Fewest Home Games Played (Single Season)","Single Season","Locations",35,"Jennie",2,"2024",false
"Fewest Home Games Played (Single Season)","Single Season","Locations",35,"Ian",2,"2024",false
"Fewest Home Games Played (Single Season)","Single Season","Locations",35,"Ashley",2,"2025",false
"Fewest Home Games Played (Single Season)","Single Season","Locations",35,"Carly",2,"2025",false
"Fewest Home Games Played (Single Season)","Single Season","Locations",35,"Dan",2,"2025",false
"Fewest Home Games Played (Single Season)","Single Season","Locations",47,"Josh",3,"2022",false
"Fewest Home Games Played (Single Season)","Single Season","Locations",47,"Nick",3,"2022",false
"Fewest Home Games Played (Single Season)","Single Season","Locations",47,"Rachel F",3,"2022",false
"Fewest Home Games Played (Single Season)","Single Season","Locations",47,"Rachel M",3,"2024",false
"Fewest Home Games Played (Single Season)","Single Season","Locations",47,"Michael",3,"2024",false
"Fewest Home Games Played (Single Season)","Single Season","Locations",47,"Ashley",3,"2024",false
"Fewest Home Games Played (Single Season)","Single Season","Locations",47,"Austin",3,"2024",false
"Fewest Home Games Played (Single Season)","Single Season","Locations",47,"Steve",3,"2025",false
"Fewest Home Games Played (Single Season)","Single Season","Locations",47,"Michael",3,"2025",false
"Fewest Home Games Played (Single Season)","Single Season","Locations",56,"Austin",4,"2022",false
"Fewest Home Games Played (Single Season)","Single Season","Locations",56,"Michael",4,"2022",false
"Fewest Home Games Played (Single Season)","Single Season","Locations",56,"Michael",4,"2023",false
"Fewest Home Games Played (Single Season)","Single Season","Locations",56,"Ashley",4,"2023",false
"Fewest Home Games Played (Single Season)","Single Season","Locations",56,"Rachel F",4,"2023",false
"Fewest Home Games Played (Single Season)","Single Season","Locations",56,"Carly",4,"2024",false
"Fewest Home Games Played (Single Season)","Single Season","Locations",56,"Steve",4,"2024",false
"Fewest Home Games Played (Single Season)","Single Season","Locations",56,"Richie",4,"2025",false
"Fewest Home Games Played (Single Season)","Single Season","Locations",56,"Rachel M",4,"2025",false
"Fewest Home Games Played (Single Season)","Single Season","Locations",65,"Nick",5,"2023",false
"Fewest Home Games Played (Single Season)","Single Season","Locations",65,"Nick",5,"2024",false
"Fewest Home Games Played (Single Season)","Single Season","Locations",65,"Nick",5,"2025",false
"Fewest Home Games Played (Single Season)","Single Season","Locations",65,"Rachel F",5,"2025",false
"Fewest Home Games Played (Single Season)","Single Season","Locations",69,"Rachel F",6,"2024",false
"Most Games Played at Neutral Sites","Neutral Sites","Locations",1,"Dan",5,,false
"Most Games Played at Neutral Sites","Neutral Sites","Locations",2,"Nick",4,,false
"Most Games Played at Neutral Sites","Neutral Sites","Locations",3,"Richie",3,,false
"Most Games Played at Neutral Sites","Neutral Sites","Locations",3,"Rachel M",3,,false
"Most Games Played at Neutral Sites","Neutral Sites","Locations",3,"Sam",3,,false
"Most Games Played at Neutral Sites","Neutral Sites","Locations",6,"Austin",2,,false
"Most Games Played at Neutral Sites","Neutral Sites","Locations",6,"Steve",2,,false
"Most Games Played at Neutral Sites","Neutral Sites","Locations",6,"Ian",2,,false
"Most Games Played at Neutral Sites","Neutral Sites","Locations",6,"Jack C",2,,false
"Most Games Played at Neutral Sites","Neutral Sites","Locations",10,"Michael",1,,false
"Most Games Played at Neutral Sites","Neutral Sites","Locations",10,"Ashley",1,,false
"Most Games Played at Neutral Sites","Neutral Sites","Locations",10,"Carly",1,,false
"Most Games Played at Neutral Sites","Neutral Sites","Locations",10,"Tyler",1,,false
"Most Games Played at Neutral Sites","Neutral Sites","Locations",10,"Cody",1,,false
"Most Games Played at Neutral Sites","Neutral Sites","Locations",10,"Emma",1,,false
"Most Games Played at Neutral Sites","Neutral Sites","Locations",16,"Brian",0,,false
"Most Games Played at Neutral Sites","Neutral Sites","Locations",16,"Ryan",0,,false
"Most Games Played at Neutral Sites","Neutral Sites","Locations",16,"Josh",0,,false
"Most Games Played at Neutral Sites","Neutral Sites","Locations",16,"Rachel F",0,,false
"Most Games Played at Neutral Sites","Neutral Sites","Locations",16,"Luke",0,,false
"Most Games Played at Neutral Sites","Neutral Sites","Locations",16,"Becca",0,,false
"Most Games Played at Neutral Sites","Neutral Sites","Locations",16,"Allie",0,,false
"Most Games Played at Neutral Sites","Neutral Sites","Locations",16,"Jack M",0,,false
"Most Games Played at Neutral Sites","Neutral Sites","Locations",16,"Jennie",0,,false
"Most Games Played at Neutral Sites","Neutral Sites","Locations",16,"Brittany",0,,false
"Most Popular Neutral Sites","Neutral Sites","Locations",1,"Tapster",5,,false
"Most Popular Neutral Sites","Neutral Sites","Locations",2,"Richie",1,,false
"Most Popular Neutral Sites","Neutral Sites","Locations",2,"Grandma Matonis",1,,false
"Most Popular Neutral Sites","Neutral Sites","Locations",2,"Mike Matonis Sr.",1,,false
"Best Week 1 Performance Avg (Min 2 games)","Averages by Week","Cross Season",1,"Brittany",2.50,"2 games",false
"Best Week 1 Performance Avg (Min 2 games)","Averages by Week","Cross Season",2,"Austin",2.40,"5 games",false
"Best Week 1 Performance Avg (Min 2 games)","Averages by Week","Cross Season",2,"Michael",2.40,"5 games",false
"Best Week 1 Performance Avg (Min 2 games)","Averages by Week","Cross Season",2,"Ashley",2.40,"5 games",false
"Best Week 1 Performance Avg (Min 2 games)","Averages by Week","Cross Season",5,"Nick",2.00,"5 games",false
"Best Week 1 Performance Avg (Min 2 games)","Averages by Week","Cross Season",5,"Rachel M",2.00,"4 games",false
"Best Week 1 Performance Avg (Min 2 games)","Averages by Week","Cross Season",5,"Cody",2.00,"3 games",false
"Best Week 1 Performance Avg (Min 2 games)","Averages by Week","Cross Season",5,"Ian",2.00,"3 games",false
"Best Week 1 Performance Avg (Min 2 games)","Averages by Week","Cross Season",5,"Jack C",2.00,"2 games",false
"Best Week 1 Performance Avg (Min 2 games)","Averages by Week","Cross Season",10,"Richie",1.80,"5 games",false
"Best Week 1 Performance Avg (Min 2 games)","Averages by Week","Cross Season",11,"Luke",1.50,"2 games",false
"Best Week 1 Performance Avg (Min 2 games)","Averages by Week","Cross Season",12,"Dan",1.40,"5 games",false
"Best Week 1 Performance Avg (Min 2 games)","Averages by Week","Cross Season",13,"Carly",1.25,"4 games",false
"Best Week 1 Performance Avg (Min 2 games)","Averages by Week","Cross Season",14,"Rachel F",1.00,"5 games",false
"Best Week 1 Performance Avg (Min 2 games)","Averages by Week","Cross Season",14,"Jack M",1.00,"4 games",false
"Best Week 1 Performance Avg (Min 2 games)","Averages by Week","Cross Season",14,"Steve",1.00,"4 games",false
"Best Week 1 Performance Avg (Min 2 games)","Averages by Week","Cross Season",14,"Sam",1.00,"3 games",false
"Best Week 1 Performance Avg (Min 2 games)","Averages by Week","Cross Season",18,"Tyler",0.75,"4 games",false
"Best Week 1 Performance Avg (Min 2 games)","Averages by Week","Cross Season",19,"Emma",0.67,"3 games",false
"Best Week 1 Performance Avg (Min 2 games)","Averages by Week","Cross Season",20,"Ryan",0.60,"5 games",false
"Best Week 1 Performance Avg (Min 2 games)","Averages by Week","Cross Season",20,"Josh",0.60,"5 games",false
"Best Week 1 Performance Avg (Min 2 games)","Averages by Week","Cross Season",22,"Allie",0.00,"2 games",false
"Best Week 2 Performance Avg (Min 2 games)","Averages by Week","Cross Season",1,"Luke",3.00,"2 games",false
"Best Week 2 Performance Avg (Min 2 games)","Averages by Week","Cross Season",2,"Michael",2.80,"5 games",false
"Best Week 2 Performance Avg (Min 2 games)","Averages by Week","Cross Season",3,"Rachel M",2.50,"4 games",false
"Best Week 2 Performance Avg (Min 2 games)","Averages by Week","Cross Season",4,"Austin",2.40,"5 games",false
"Best Week 2 Performance Avg (Min 2 games)","Averages by Week","Cross Season",5,"Sam",2.33,"3 games",false
"Best Week 2 Performance Avg (Min 2 games)","Averages by Week","Cross Season",6,"Nick",2.00,"5 games",false
"Best Week 2 Performance Avg (Min 2 games)","Averages by Week","Cross Season",6,"Jack M",2.00,"4 games",false
"Best Week 2 Performance Avg (Min 2 games)","Averages by Week","Cross Season",6,"Cody",2.00,"3 games",false
"Best Week 2 Performance Avg (Min 2 games)","Averages by Week","Cross Season",9,"Rachel F",1.80,"5 games",false
"Best Week 2 Performance Avg (Min 2 games)","Averages by Week","Cross Season",9,"Ashley",1.80,"5 games",false
"Best Week 2 Performance Avg (Min 2 games)","Averages by Week","Cross Season",11,"Ian",1.67,"3 games",false
"Best Week 2 Performance Avg (Min 2 games)","Averages by Week","Cross Season",12,"Ryan",1.20,"5 games",false
"Best Week 2 Performance Avg (Min 2 games)","Averages by Week","Cross Season",12,"Richie",1.20,"5 games",false
"Best Week 2 Performance Avg (Min 2 games)","Averages by Week","Cross Season",14,"Josh",1.00,"5 games",false
"Best Week 2 Performance Avg (Min 2 games)","Averages by Week","Cross Season",14,"Allie",1.00,"2 games",false
"Best Week 2 Performance Avg (Min 2 games)","Averages by Week","Cross Season",16,"Steve",0.75,"4 games",false
"Best Week 2 Performance Avg (Min 2 games)","Averages by Week","Cross Season",16,"Tyler",0.75,"4 games",false
"Best Week 2 Performance Avg (Min 2 games)","Averages by Week","Cross Season",18,"Emma",0.67,"3 games",false
"Best Week 2 Performance Avg (Min 2 games)","Averages by Week","Cross Season",19,"Dan",0.60,"5 games",false
"Best Week 2 Performance Avg (Min 2 games)","Averages by Week","Cross Season",20,"Carly",0.50,"4 games",false
"Best Week 2 Performance Avg (Min 2 games)","Averages by Week","Cross Season",20,"Jack C",0.50,"2 games",false
"Best Week 2 Performance Avg (Min 2 games)","Averages by Week","Cross Season",20,"Brittany",0.50,"2 games",false
"Best Week 3 Performance Avg (Min 2 games)","Averages by Week","Cross Season",1,"Austin",2.40,"5 games",false
"Best Week 3 Performance Avg (Min 2 games)","Averages by Week","Cross Season",2,"Carly",2.25,"4 games",false
"Best Week 3 Performance Avg (Min 2 games)","Averages by Week","Cross Season",2,"Jack M",2.25,"4 games",false
"Best Week 3 Performance Avg (Min 2 games)","Averages by Week","Cross Season",4,"Nick",2.00,"5 games",false
"Best Week 3 Performance Avg (Min 2 games)","Averages by Week","Cross Season",4,"Rachel M",2.00,"4 games",false
"Best Week 3 Performance Avg (Min 2 games)","Averages by Week","Cross Season",4,"Tyler",2.00,"4 games",false
"Best Week 3 Performance Avg (Min 2 games)","Averages by Week","Cross Season",4,"Sam",2.00,"3 games",false
"Best Week 3 Performance Avg (Min 2 games)","Averages by Week","Cross Season",8,"Rachel F",1.80,"5 games",false
"Best Week 3 Performance Avg (Min 2 games)","Averages by Week","Cross Season",9,"Cody",1.67,"3 games",false
"Best Week 3 Performance Avg (Min 2 games)","Averages by Week","Cross Season",10,"Ryan",1.60,"5 games",false
"Best Week 3 Performance Avg (Min 2 games)","Averages by Week","Cross Season",10,"Ashley",1.60,"5 games",false
"Best Week 3 Performance Avg (Min 2 games)","Averages by Week","Cross Season",10,"Michael",1.60,"5 games",false
"Best Week 3 Performance Avg (Min 2 games)","Averages by Week","Cross Season",13,"Richie",1.20,"5 games",false
"Best Week 3 Performance Avg (Min 2 games)","Averages by Week","Cross Season",13,"Josh",1.20,"5 games",false
"Best Week 3 Performance Avg (Min 2 games)","Averages by Week","Cross Season",15,"Luke",1.00,"2 games",false
"Best Week 3 Performance Avg (Min 2 games)","Averages by Week","Cross Season",15,"Allie",1.00,"3 games",false
"Best Week 3 Performance Avg (Min 2 games)","Averages by Week","Cross Season",15,"Steve",1.00,"4 games",false
"Best Week 3 Performance Avg (Min 2 games)","Averages by Week","Cross Season",15,"Brittany",1.00,"2 games",false
"Best Week 3 Performance Avg (Min 2 games)","Averages by Week","Cross Season",19,"Dan",0.80,"5 games",false
"Best Week 3 Performance Avg (Min 2 games)","Averages by Week","Cross Season",20,"Emma",0.67,"3 games",false
"Best Week 3 Performance Avg (Min 2 games)","Averages by Week","Cross Season",21,"Jack C",0.50,"2 games",false
"Best Week 3 Performance Avg (Min 2 games)","Averages by Week","Cross Season",22,"Ian",0.00,"3 games",false
"Best Week 4 Performance Avg (Min 2 games)","Averages by Week","Cross Season",1,"Rachel F",2.60,"5 games",false
"Best Week 4 Performance Avg (Min 2 games)","Averages by Week","Cross Season",2,"Nick",2.20,"5 games",false
"Best Week 4 Performance Avg (Min 2 games)","Averages by Week","Cross Season",3,"Cody",2.00,"3 games",false
"Best Week 4 Performance Avg (Min 2 games)","Averages by Week","Cross Season",4,"Michael",1.80,"5 games",false
"Best Week 4 Performance Avg (Min 2 games)","Averages by Week","Cross Season",4,"Ryan",1.80,"5 games",false
"Best Week 4 Performance Avg (Min 2 games)","Averages by Week","Cross Season",4,"Dan",1.80,"5 games",false
"Best Week 4 Performance Avg (Min 2 games)","Averages by Week","Cross Season",7,"Tyler",1.75,"4 games",false
"Best Week 4 Performance Avg (Min 2 games)","Averages by Week","Cross Season",7,"Carly",1.75,"4 games",false
"Best Week 4 Performance Avg (Min 2 games)","Averages by Week","Cross Season",9,"Sam",1.67,"3 games",false
"Best Week 4 Performance Avg (Min 2 games)","Averages by Week","Cross Season",10,"Josh",1.60,"5 games",false
"Best Week 4 Performance Avg (Min 2 games)","Averages by Week","Cross Season",11,"Luke",1.50,"2 games",false
"Best Week 4 Performance Avg (Min 2 games)","Averages by Week","Cross Season",11,"Rachel M",1.50,"4 games",false
"Best Week 4 Performance Avg (Min 2 games)","Averages by Week","Cross Season",11,"Jack C",1.50,"2 games",false
"Best Week 4 Performance Avg (Min 2 games)","Averages by Week","Cross Season",14,"Ian",1.33,"3 games",false
"Best Week 4 Performance Avg (Min 2 games)","Averages by Week","Cross Season",15,"Jack M",1.25,"4 games",false
"Best Week 4 Performance Avg (Min 2 games)","Averages by Week","Cross Season",16,"Allie",1.00,"3 games",false
"Best Week 4 Performance Avg (Min 2 games)","Averages by Week","Cross Season",16,"Ashley",1.00,"5 games",false
"Best Week 4 Performance Avg (Min 2 games)","Averages by Week","Cross Season",16,"Richie",1.00,"5 games",false
"Best Week 4 Performance Avg (Min 2 games)","Averages by Week","Cross Season",16,"Steve",1.00,"4 games",false
"Best Week 4 Performance Avg (Min 2 games)","Averages by Week","Cross Season",16,"Emma",1.00,"3 games",false
"Best Week 4 Performance Avg (Min 2 games)","Averages by Week","Cross Season",16,"Brittany",1.00,"2 games",false
"Best Week 4 Performance Avg (Min 2 games)","Averages by Week","Cross Season",22,"Austin",0.80,"5 games",false
"Best Week 5 Performance Avg (Min 2 games)","Averages by Week","Cross Season",1,"Richie",3.00,"5 games",false
"Best Week 5 Performance Avg (Min 2 games)","Averages by Week","Cross Season",2,"Cody",2.67,"3 games",false
"Best Week 5 Performance Avg (Min 2 games)","Averages by Week","Cross Season",3,"Ian",2.33,"3 games",false
"Best Week 5 Performance Avg (Min 2 games)","Averages by Week","Cross Season",3,"Sam",2.33,"3 games",false
"Best Week 5 Performance Avg (Min 2 games)","Averages by Week","Cross Season",5,"Dan",2.20,"5 games",false
"Best Week 5 Performance Avg (Min 2 games)","Averages by Week","Cross Season",5,"Josh",2.20,"5 games",false
"Best Week 5 Performance Avg (Min 2 games)","Averages by Week","Cross Season",7,"Austin",1.80,"5 games",false
"Best Week 5 Performance Avg (Min 2 games)","Averages by Week","Cross Season",8,"Emma",1.67,"3 games",false
"Best Week 5 Performance Avg (Min 2 games)","Averages by Week","Cross Season",9,"Nick",1.60,"5 games",false
"Best Week 5 Performance Avg (Min 2 games)","Averages by Week","Cross Season",9,"Michael",1.60,"5 games",false
"Best Week 5 Performance Avg (Min 2 games)","Averages by Week","Cross Season",11,"Luke",1.50,"2 games",false
"Best Week 5 Performance Avg (Min 2 games)","Averages by Week","Cross Season",11,"Steve",1.50,"4 games",false
"Best Week 5 Performance Avg (Min 2 games)","Averages by Week","Cross Season",11,"Jack M",1.50,"4 games",false
"Best Week 5 Performance Avg (Min 2 games)","Averages by Week","Cross Season",14,"Rachel M",1.25,"4 games",false
"Best Week 5 Performance Avg (Min 2 games)","Averages by Week","Cross Season",15,"Rachel F",1.20,"5 games",false
"Best Week 5 Performance Avg (Min 2 games)","Averages by Week","Cross Season",16,"Jack C",1.00,"2 games",false
"Best Week 5 Performance Avg (Min 2 games)","Averages by Week","Cross Season",16,"Brittany",1.00,"2 games",false
"Best Week 5 Performance Avg (Min 2 games)","Averages by Week","Cross Season",18,"Ashley",0.80,"5 games",false
"Best Week 5 Performance Avg (Min 2 games)","Averages by Week","Cross Season",19,"Tyler",0.75,"4 games",false
"Best Week 5 Performance Avg (Min 2 games)","Averages by Week","Cross Season",19,"Carly",0.75,"4 games",false
"Best Week 5 Performance Avg (Min 2 games)","Averages by Week","Cross Season",21,"Allie",0.67,"3 games",false
"Best Week 5 Performance Avg (Min 2 games)","Averages by Week","Cross Season",22,"Ryan",0.60,"5 games",false
"Best Week 6 Performance Avg (Min 2 games)","Averages by Week","Cross Season",1,"Richie",2.75,"4 games",false
"Best Week 6 Performance Avg (Min 2 games)","Averages by Week","Cross Season",1,"Nick",2.75,"4 games",false
"Best Week 6 Performance Avg (Min 2 games)","Averages by Week","Cross Season",3,"Rachel M",2.33,"3 games",false
"Best Week 6 Performance Avg (Min 2 games)","Averages by Week","Cross Season",4,"Ashley",2.25,"4 games",false
"Best Week 6 Performance Avg (Min 2 games)","Averages by Week","Cross Season",5,"Ian",2.00,"2 games",false
"Best Week 6 Performance Avg (Min 2 games)","Averages by Week","Cross Season",6,"Michael",1.75,"4 games",false
"Best Week 6 Performance Avg (Min 2 games)","Averages by Week","Cross Season",7,"Austin",1.50,"4 games",false
"Best Week 6 Performance Avg (Min 2 games)","Averages by Week","Cross Season",7,"Cody",1.50,"2 games",false
"Best Week 6 Performance Avg (Min 2 games)","Averages by Week","Cross Season",9,"Jack M",1.33,"3 games",false
"Best Week 6 Performance Avg (Min 2 games)","Averages by Week","Cross Season",9,"Carly",1.33,"3 games",false
"Best Week 6 Performance Avg (Min 2 games)","Averages by Week","Cross Season",9,"Tyler",1.33,"3 games",false
"Best Week 6 Performance Avg (Min 2 games)","Averages by Week","Cross Season",12,"Dan",1.00,"4 games",false
"Best Week 6 Performance Avg (Min 2 games)","Averages by Week","Cross Season",12,"Rachel F",1.00,"4 games",false
"Best Week 6 Performance Avg (Min 2 games)","Averages by Week","Cross Season",14,"Josh",0.75,"4 games",false
"Best Week 6 Performance Avg (Min 2 games)","Averages by Week","Cross Season",15,"Allie",0.67,"3 games",false
"Best Week 6 Performance Avg (Min 2 games)","Averages by Week","Cross Season",16,"Ryan",0.50,"4 games",false
"Best Week 6 Performance Avg (Min 2 games)","Averages by Week","Cross Season",16,"Luke",0.50,"2 games",false
"Best Week 6 Performance Avg (Min 2 games)","Averages by Week","Cross Season",16,"Sam",0.50,"2 games",false
"Best Week 6 Performance Avg (Min 2 games)","Averages by Week","Cross Season",19,"Steve",0.00,"3 games",false
"Best Week 6 Performance Avg (Min 2 games)","Averages by Week","Cross Season",19,"Emma",0.00,"2 games",false
"The Opener (Avg Pts Wks 1-3) (Min 2 games)","Averages by Week","Cross Season",1,"Austin",2.40,"15 games",false
"The Opener (Avg Pts Wks 1-3) (Min 2 games)","Averages by Week","Cross Season",2,"Michael",2.27,"15 games",false
"The Opener (Avg Pts Wks 1-3) (Min 2 games)","Averages by Week","Cross Season",3,"Rachel M",2.17,"12 games",false
"The Opener (Avg Pts Wks 1-3) (Min 2 games)","Averages by Week","Cross Season",4,"Nick",2.00,"15 games",false
"The Opener (Avg Pts Wks 1-3) (Min 2 games)","Averages by Week","Cross Season",5,"Ashley",1.93,"15 games",false
"The Opener (Avg Pts Wks 1-3) (Min 2 games)","Averages by Week","Cross Season",6,"Cody",1.89,"9 games",false
"The Opener (Avg Pts Wks 1-3) (Min 2 games)","Averages by Week","Cross Season",7,"Luke",1.83,"6 games",false
"The Opener (Avg Pts Wks 1-3) (Min 2 games)","Averages by Week","Cross Season",8,"Sam",1.78,"9 games",false
"The Opener (Avg Pts Wks 1-3) (Min 2 games)","Averages by Week","Cross Season",9,"Jack M",1.75,"12 games",false
"The Opener (Avg Pts Wks 1-3) (Min 2 games)","Averages by Week","Cross Season",10,"Rachel F",1.53,"15 games",false
"The Opener (Avg Pts Wks 1-3) (Min 2 games)","Averages by Week","Cross Season",11,"Brian",1.50,"2 games",false
"The Opener (Avg Pts Wks 1-3) (Min 2 games)","Averages by Week","Cross Season",12,"Richie",1.40,"15 games",false
"The Opener (Avg Pts Wks 1-3) (Min 2 games)","Averages by Week","Cross Season",13,"Becca",1.33,"3 games",false
"The Opener (Avg Pts Wks 1-3) (Min 2 games)","Averages by Week","Cross Season",13,"Carly",1.33,"12 games",false
"The Opener (Avg Pts Wks 1-3) (Min 2 games)","Averages by Week","Cross Season",13,"Brittany",1.33,"6 games",false
"The Opener (Avg Pts Wks 1-3) (Min 2 games)","Averages by Week","Cross Season",16,"Ian",1.22,"9 games",false
"The Opener (Avg Pts Wks 1-3) (Min 2 games)","Averages by Week","Cross Season",17,"Tyler",1.17,"12 games",false
"The Opener (Avg Pts Wks 1-3) (Min 2 games)","Averages by Week","Cross Season",18,"Ryan",1.13,"15 games",false
"The Opener (Avg Pts Wks 1-3) (Min 2 games)","Averages by Week","Cross Season",19,"Jennie",1.00,"3 games",false
"The Opener (Avg Pts Wks 1-3) (Min 2 games)","Averages by Week","Cross Season",19,"Jack C",1.00,"6 games",false
"The Opener (Avg Pts Wks 1-3) (Min 2 games)","Averages by Week","Cross Season",21,"Dan",0.93,"15 games",false
"The Opener (Avg Pts Wks 1-3) (Min 2 games)","Averages by Week","Cross Season",21,"Josh",0.93,"15 games",false
"The Opener (Avg Pts Wks 1-3) (Min 2 games)","Averages by Week","Cross Season",23,"Steve",0.92,"12 games",false
"The Opener (Avg Pts Wks 1-3) (Min 2 games)","Averages by Week","Cross Season",24,"Allie",0.71,"7 games",false
"The Opener (Avg Pts Wks 1-3) (Min 2 games)","Averages by Week","Cross Season",25,"Emma",0.67,"9 games",false
"The Closer (Avg Pts Wks 4-6) (Min 2 games)","Averages by Week","Cross Season",1,"Richie",2.21,"14 games",false
"The Closer (Avg Pts Wks 4-6) (Min 2 games)","Averages by Week","Cross Season",2,"Nick",2.14,"14 games",false
"The Closer (Avg Pts Wks 4-6) (Min 2 games)","Averages by Week","Cross Season",3,"Cody",2.13,"8 games",false
"The Closer (Avg Pts Wks 4-6) (Min 2 games)","Averages by Week","Cross Season",4,"Ian",1.88,"8 games",false
"The Closer (Avg Pts Wks 4-6) (Min 2 games)","Averages by Week","Cross Season",5,"Michael",1.71,"14 games",false
"The Closer (Avg Pts Wks 4-6) (Min 2 games)","Averages by Week","Cross Season",5,"Dan",1.71,"14 games",false
"The Closer (Avg Pts Wks 4-6) (Min 2 games)","Averages by Week","Cross Season",7,"Rachel F",1.64,"14 games",false
"The Closer (Avg Pts Wks 4-6) (Min 2 games)","Averages by Week","Cross Season",7,"Rachel M",1.64,"11 games",false
"The Closer (Avg Pts Wks 4-6) (Min 2 games)","Averages by Week","Cross Season",9,"Sam",1.63,"8 games",false
"The Closer (Avg Pts Wks 4-6) (Min 2 games)","Averages by Week","Cross Season",10,"Josh",1.57,"14 games",false
"The Closer (Avg Pts Wks 4-6) (Min 2 games)","Averages by Week","Cross Season",11,"Brittany",1.40,"5 games",false
"The Closer (Avg Pts Wks 4-6) (Min 2 games)","Averages by Week","Cross Season",12,"Jack M",1.36,"11 games",false
"The Closer (Avg Pts Wks 4-6) (Min 2 games)","Averages by Week","Cross Season",12,"Austin",1.36,"14 games",false
"The Closer (Avg Pts Wks 4-6) (Min 2 games)","Averages by Week","Cross Season",14,"Jennie",1.33,"3 games",false
"The Closer (Avg Pts Wks 4-6) (Min 2 games)","Averages by Week","Cross Season",15,"Ashley",1.29,"14 games",false
"The Closer (Avg Pts Wks 4-6) (Min 2 games)","Averages by Week","Cross Season",16,"Tyler",1.27,"11 games",false
"The Closer (Avg Pts Wks 4-6) (Min 2 games)","Averages by Week","Cross Season",16,"Carly",1.27,"11 games",false
"The Closer (Avg Pts Wks 4-6) (Min 2 games)","Averages by Week","Cross Season",18,"Jack C",1.20,"5 games",false
"The Closer (Avg Pts Wks 4-6) (Min 2 games)","Averages by Week","Cross Season",19,"Luke",1.17,"6 games",false
"The Closer (Avg Pts Wks 4-6) (Min 2 games)","Averages by Week","Cross Season",20,"Ryan",1.00,"14 games",false
"The Closer (Avg Pts Wks 4-6) (Min 2 games)","Averages by Week","Cross Season",20,"Emma",1.00,"8 games",false
"The Closer (Avg Pts Wks 4-6) (Min 2 games)","Averages by Week","Cross Season",22,"Steve",0.91,"11 games",false
"The Closer (Avg Pts Wks 4-6) (Min 2 games)","Averages by Week","Cross Season",23,"Allie",0.78,"9 games",false
"The Closer (Avg Pts Wks 4-6) (Min 2 games)","Averages by Week","Cross Season",24,"Becca",0.67,"3 games",false
"Biggest Points Jump (Season to Season)","Risers and Fallers","Cross Season",1,"Steve",+7,"2024 to 2025",false
"Biggest Points Jump (Season to Season)","Risers and Fallers","Cross Season",2,"Ryan",+6,"2023 to 2024",false
"Biggest Points Jump (Season to Season)","Risers and Fallers","Cross Season",2,"Ian",+6,"2024 to 2025",false
"Biggest Points Jump (Season to Season)","Risers and Fallers","Cross Season",4,"Dan",+4,"2024 to 2025",false
"Biggest Points Jump (Season to Season)","Risers and Fallers","Cross Season",4,"Austin",+4,"2022 to 2023",false
"Biggest Points Jump (Season to Season)","Risers and Fallers","Cross Season",4,"Richie",+4,"2023 to 2024",false
"Biggest Points Jump (Season to Season)","Risers and Fallers","Cross Season",4,"Rachel F",+4,"2023 to 2024",false
"Biggest Points Jump (Season to Season)","Risers and Fallers","Cross Season",4,"Rachel M",+4,"2024 to 2025",false
"Biggest Points Jump (Season to Season)","Risers and Fallers","Cross Season",4,"Sam",+4,"2024 to 2025",false
"Biggest Points Jump (Season to Season)","Risers and Fallers","Cross Season",10,"Dan",+3,"2023 to 2024",false
"Biggest Points Jump (Season to Season)","Risers and Fallers","Cross Season",10,"Ashley",+3,"2022 to 2023",false
"Biggest Points Jump (Season to Season)","Risers and Fallers","Cross Season",10,"Carly",+3,"2023 to 2024",false
"Biggest Points Jump (Season to Season)","Risers and Fallers","Cross Season",10,"Jack M",+3,"2024 to 2025",false
"Biggest Points Jump (Season to Season)","Risers and Fallers","Cross Season",14,"Josh",+2,"2022 to 2023",false
"Biggest Points Jump (Season to Season)","Risers and Fallers","Cross Season",14,"Josh",+2,"2023 to 2024",false
"Biggest Points Jump (Season to Season)","Risers and Fallers","Cross Season",14,"Nick",+2,"2022 to 2023",false
"Biggest Points Jump (Season to Season)","Risers and Fallers","Cross Season",14,"Rachel F",+2,"2022 to 2023",false
"Biggest Points Jump (Season to Season)","Risers and Fallers","Cross Season",14,"Allie",+2,"2023 to 2024",false
"Biggest Points Jump (Season to Season)","Risers and Fallers","Cross Season",14,"Tyler",+2,"2024 to 2025",false
"Biggest Points Jump (Season to Season)","Risers and Fallers","Cross Season",14,"Jack M",+2,"2023 to 2024",false
"Biggest Points Jump (Season to Season)","Risers and Fallers","Cross Season",21,"Michael",+1,"2022 to 2023",false
"Biggest Points Jump (Season to Season)","Risers and Fallers","Cross Season",21,"Ashley",+1,"2024 to 2025",false
"Biggest Points Drop (Season to Season)","Risers and Fallers","Cross Season",1,"Carly",-7,"2024 to 2025",false
"Biggest Points Drop (Season to Season)","Risers and Fallers","Cross Season",1,"Steve",-7,"2023 to 2024",false
"Biggest Points Drop (Season to Season)","Risers and Fallers","Cross Season",3,"Dan",-6,"2022 to 2023",false
"Biggest Points Drop (Season to Season)","Risers and Fallers","Cross Season",3,"Ryan",-6,"2024 to 2025",false
"Biggest Points Drop (Season to Season)","Risers and Fallers","Cross Season",3,"Nick",-6,"2024 to 2025",false
"Biggest Points Drop (Season to Season)","Risers and Fallers","Cross Season",6,"Ryan",-5,"2022 to 2023",false
"Biggest Points Drop (Season to Season)","Risers and Fallers","Cross Season",6,"Cody",-5,"2024 to 2025",false
"Biggest Points Drop (Season to Season)","Risers and Fallers","Cross Season",8,"Josh",-4,"2024 to 2025",false
"Biggest Points Drop (Season to Season)","Risers and Fallers","Cross Season",8,"Luke",-4,"2022 to 2023",false
"Biggest Points Drop (Season to Season)","Risers and Fallers","Cross Season",10,"Nick",-3,"2023 to 2024",false
"Biggest Points Drop (Season to Season)","Risers and Fallers","Cross Season",11,"Richie",-2,"2024 to 2025",false
"Biggest Points Drop (Season to Season)","Risers and Fallers","Cross Season",11,"Rachel F",-2,"2024 to 2025",false
"Biggest Points Drop (Season to Season)","Risers and Fallers","Cross Season",11,"Rachel M",-2,"2023 to 2024",false
"Biggest Points Drop (Season to Season)","Risers and Fallers","Cross Season",14,"Austin",-1,"2023 to 2024",false
"Biggest Points Drop (Season to Season)","Risers and Fallers","Cross Season",14,"Austin",-1,"2024 to 2025",false
"Biggest Points Drop (Season to Season)","Risers and Fallers","Cross Season",14,"Richie",-1,"2022 to 2023",false
"Biggest Points Drop (Season to Season)","Risers and Fallers","Cross Season",14,"Michael",-1,"2023 to 2024",false
"Biggest Points Drop (Season to Season)","Risers and Fallers","Cross Season",14,"Allie",-1,"2022 to 2023",false
"Biggest Points Drop (Season to Season)","Risers and Fallers","Cross Season",14,"Emma",-1,"2024 to 2025",false
"Most Consistent Finishers (Game Finishes Std Dev)","Risers and Fallers","Cross Season",1,"Jack C",0.69,"6 games",false
"Most Consistent Finishers (Game Finishes Std Dev)","Risers and Fallers","Cross Season",2,"Becca",0.82,"6 games",false
"Most Consistent Finishers (Game Finishes Std Dev)","Risers and Fallers","Cross Season",3,"Allie",0.83,"16 games",false
"Most Consistent Finishers (Game Finishes Std Dev)","Risers and Fallers","Cross Season",3,"Emma",0.83,"12 games",false
"Most Consistent Finishers (Game Finishes Std Dev)","Risers and Fallers","Cross Season",5,"Tyler",0.93,"18 games",false
"Most Consistent Finishers (Game Finishes Std Dev)","Risers and Fallers","Cross Season",6,"Rachel M",0.94,"18 games",false
"Most Consistent Finishers (Game Finishes Std Dev)","Risers and Fallers","Cross Season",6,"Brittany",0.94,"6 games",false
"Most Consistent Finishers (Game Finishes Std Dev)","Risers and Fallers","Cross Season",8,"Jack M",0.96,"18 games",false
"Most Consistent Finishers (Game Finishes Std Dev)","Risers and Fallers","Cross Season",9,"Austin",0.97,"24 games",false
"Most Consistent Finishers (Game Finishes Std Dev)","Risers and Fallers","Cross Season",10,"Cody",1.01,"12 games",false
"Most Consistent Finishers (Game Finishes Std Dev)","Risers and Fallers","Cross Season",10,"Ryan",1.01,"24 games",false
"Most Consistent Finishers (Game Finishes Std Dev)","Risers and Fallers","Cross Season",12,"Steve",1.03,"18 games",false
"Most Consistent Finishers (Game Finishes Std Dev)","Risers and Fallers","Cross Season",13,"Michael",1.06,"24 games",false
"Most Consistent Finishers (Game Finishes Std Dev)","Risers and Fallers","Cross Season",14,"Dan",1.07,"24 games",false
"Most Consistent Finishers (Game Finishes Std Dev)","Risers and Fallers","Cross Season",14,"Jennie",1.07,"6 games",false
"Most Consistent Finishers (Game Finishes Std Dev)","Risers and Fallers","Cross Season",16,"Ashley",1.08,"24 games",false
"Most Consistent Finishers (Game Finishes Std Dev)","Risers and Fallers","Cross Season",17,"Richie",1.10,"24 games",false
"Most Consistent Finishers (Game Finishes Std Dev)","Risers and Fallers","Cross Season",18,"Rachel F",1.11,"24 games",false
"Most Consistent Finishers (Game Finishes Std Dev)","Risers and Fallers","Cross Season",18,"Ian",1.11,"12 games",false
"Most Consistent Finishers (Game Finishes Std Dev)","Risers and Fallers","Cross Season",18,"Nick",1.11,"24 games",false
"Most Consistent Finishers (Game Finishes Std Dev)","Risers and Fallers","Cross Season",21,"Sam",1.14,"12 games",false
"Most Consistent Finishers (Game Finishes Std Dev)","Risers and Fallers","Cross Season",22,"Carly",1.15,"18 games",false
"Most Consistent Finishers (Game Finishes Std Dev)","Risers and Fallers","Cross Season",23,"Josh",1.22,"24 games",false
"Most Consistent Finishers (Game Finishes Std Dev)","Risers and Fallers","Cross Season",24,"Luke",1.26,"12 games",false
"Most Consistent Scorers (Season Pts Std Dev)","Risers and Fallers","Cross Season",1,"Michael",0.43,"4 seasons",false
"Most Consistent Scorers (Season Pts Std Dev)","Risers and Fallers","Cross Season",2,"Allie",0.82,"3 seasons",false
"Most Consistent Scorers (Season Pts Std Dev)","Risers and Fallers","Cross Season",3,"Tyler",0.94,"3 seasons",false
"Most Consistent Scorers (Season Pts Std Dev)","Risers and Fallers","Cross Season",4,"Austin",1.48,"4 seasons",false
"Most Consistent Scorers (Season Pts Std Dev)","Risers and Fallers","Cross Season",4,"Richie",1.48,"4 seasons",false
"Most Consistent Scorers (Season Pts Std Dev)","Risers and Fallers","Cross Season",6,"Ashley",1.50,"4 seasons",false
"Most Consistent Scorers (Season Pts Std Dev)","Risers and Fallers","Cross Season",7,"Rachel M",1.63,"3 seasons",false
"Most Consistent Scorers (Season Pts Std Dev)","Risers and Fallers","Cross Season",8,"Josh",1.66,"4 seasons",false
"Most Consistent Scorers (Season Pts Std Dev)","Risers and Fallers","Cross Season",9,"Jack M",2.05,"3 seasons",false
"Most Consistent Scorers (Season Pts Std Dev)","Risers and Fallers","Cross Season",10,"Rachel F",2.24,"4 seasons",false
"Most Consistent Scorers (Season Pts Std Dev)","Risers and Fallers","Cross Season",11,"Dan",2.74,"4 seasons",false
"Most Consistent Scorers (Season Pts Std Dev)","Risers and Fallers","Cross Season",12,"Ryan",2.77,"4 seasons",false
"Most Consistent Scorers (Season Pts Std Dev)","Risers and Fallers","Cross Season",13,"Carly",2.87,"3 seasons",false
"Most Consistent Scorers (Season Pts Std Dev)","Risers and Fallers","Cross Season",14,"Steve",3.30,"3 seasons",false
"Most Consistent Scorers (Season Pts Std Dev)","Risers and Fallers","Cross Season",15,"Nick",3.35,"4 seasons",false
"Most Common Matchups (Regular Season Only)","Rivalries","Cross Season",1,"Ashley & Rachel F",9,,false
"Most Common Matchups (Regular Season Only)","Rivalries","Cross Season",2,"Josh & Ryan",8,,false
"Most Common Matchups (Regular Season Only)","Rivalries","Cross Season",2,"Ashley & Michael",8,,false
"Most Common Matchups (Regular Season Only)","Rivalries","Cross Season",2,"Austin & Josh",8,,false
"Most Common Matchups (Regular Season Only)","Rivalries","Cross Season",2,"Josh & Rachel F",8,,false
"Most Common Matchups (Regular Season Only)","Rivalries","Cross Season",2,"Dan & Nick",8,,false
"Most Common Matchups (Regular Season Only)","Rivalries","Cross Season",2,"Austin & Dan",8,,false
"Most Common Matchups (Regular Season Only)","Rivalries","Cross Season",2,"Rachel M & Steve",8,,false
"Most Common Matchups (Regular Season Only)","Rivalries","Cross Season",9,"Dan & Ryan",7,,false
"Most Common Matchups (Regular Season Only)","Rivalries","Cross Season",9,"Nick & Rachel F",7,,false
"Most Common Matchups (Regular Season Only)","Rivalries","Cross Season",9,"Rachel F & Ryan",7,,false
"Most Common Matchups (Regular Season Only)","Rivalries","Cross Season",9,"Dan & Richie",7,,false
"Most Common Matchups (Regular Season Only)","Rivalries","Cross Season",9,"Josh & Richie",7,,false
"Most Common Matchups (Regular Season Only)","Rivalries","Cross Season",9,"Jack M & Michael",7,,false
"Most Common Matchups (Regular Season Only)","Rivalries","Cross Season",9,"Austin & Carly",7,,false
"Most Common Matchups (Regular Season Only)","Rivalries","Cross Season",9,"Ashley & Rachel M",7,,false
"Most Common Matchups (Regular Season Only)","Rivalries","Cross Season",17,"Michael & Ryan",6,,false
"Most Common Matchups (Regular Season Only)","Rivalries","Cross Season",17,"Austin & Michael",6,,false
"Most Common Matchups (Regular Season Only)","Rivalries","Cross Season",17,"Michael & Nick",6,,false
"Most Common Matchups (Regular Season Only)","Rivalries","Cross Season",17,"Nick & Ryan",6,,false
"Most Common Matchups (Regular Season Only)","Rivalries","Cross Season",17,"Dan & Tyler",6,,false
"Most Common Matchups (Regular Season Only)","Rivalries","Cross Season",17,"Michael & Rachel M",6,,false
"Most Common Matchups (Regular Season Only)","Rivalries","Cross Season",17,"Ashley & Steve",6,,false
"Most Common Matchups (Regular Season Only)","Rivalries","Cross Season",24,"Dan & Josh",5,,false
"Most Common Matchups (Regular Season Only)","Rivalries","Cross Season",24,"Austin & Nick",5,,false
"Most Common Matchups (Regular Season Only)","Rivalries","Cross Season",24,"Austin & Rachel F",5,,false
"Most Common Matchups (Regular Season Only)","Rivalries","Cross Season",24,"Nick & Richie",5,,false
"Most Common Matchups (Regular Season Only)","Rivalries","Cross Season",24,"Rachel F & Richie",5,,false
"Most Common Matchups (Regular Season Only)","Rivalries","Cross Season",24,"Ashley & Becca",5,,false
"Most Common Matchups (Regular Season Only)","Rivalries","Cross Season",24,"Ashley & Dan",5,,false
"Most Common Matchups (Regular Season Only)","Rivalries","Cross Season",24,"Michael & Richie",5,,false
"Most Common Matchups (Regular Season Only)","Rivalries","Cross Season",24,"Allie & Austin",5,,false
"Most Common Matchups (Regular Season Only)","Rivalries","Cross Season",24,"Josh & Michael",5,,false
"Most Common Matchups (Regular Season Only)","Rivalries","Cross Season",24,"Ashley & Richie",5,,false
"Most Common Matchups (Regular Season Only)","Rivalries","Cross Season",24,"Allie & Carly",5,,false
"Most Common Matchups (Regular Season Only)","Rivalries","Cross Season",24,"Ashley & Carly",5,,false
"Most Common Matchups (Regular Season Only)","Rivalries","Cross Season",24,"Carly & Rachel F",5,,false
"Most Common Matchups (Regular Season Only)","Rivalries","Cross Season",24,"Austin & Tyler",5,,false
"Most Common Matchups (Regular Season Only)","Rivalries","Cross Season",24,"Rachel M & Ryan",5,,false
"Most Common Matchups (Regular Season Only)","Rivalries","Cross Season",24,"Ryan & Steve",5,,false
"Most Common Matchups (Regular Season Only)","Rivalries","Cross Season",24,"Rachel M & Richie",5,,false
"Most Common Matchups (Regular Season Only)","Rivalries","Cross Season",24,"Dan & Steve",5,,false
"Most Common Matchups (Regular Season Only)","Rivalries","Cross Season",24,"Carly & Nick",5,,false
"Most Common Matchups (Regular Season Only)","Rivalries","Cross Season",24,"Josh & Nick",5,,false
"Most Common Matchups (Regular Season Only)","Rivalries","Cross Season",24,"Jack M & Nick",5,,false
"Most Common Matchups (Regular Season Only)","Rivalries","Cross Season",24,"Jack M & Rachel M",5,,false
"Most Common Matchups (Regular Season Only)","Rivalries","Cross Season",24,"Michael & Steve",5,,false
"Most Common Matchups (Regular Season Only)","Rivalries","Cross Season",24,"Jack M & Rachel F",5,,false
"Most Common Matchups (Regular Season Only)","Rivalries","Cross Season",24,"Rachel F & Tyler",5,,false
"Most Common Matchups (Regular Season Only)","Rivalries","Cross Season",24,"Cody & Tyler",5,,false
"Most Common Matchups (Regular Season Only)","Rivalries","Cross Season",24,"Emma & Jack M",5,,false
"Most Common Matchups (Regular Season Only)","Rivalries","Cross Season",24,"Emma & Michael",5,,false
"Most Common Matchups (Regular Season Only)","Rivalries","Cross Season",24,"Austin & Sam",5,,false
"Most Common Matchups (Regular Season Only)","Rivalries","Cross Season",24,"Emma & Richie",5,,false
"Most Common Matchups (Regular Season Only)","Rivalries","Cross Season",24,"Carly & Cody",5,,false
"Most Common Matchups (Regular Season Only)","Rivalries","Cross Season",24,"Carly & Michael",5,,false
"Most Common Matchups (Regular Season Only)","Rivalries","Cross Season",24,"Cody & Sam",5,,false
"Most Common Matchups (Regular Season Only)","Rivalries","Cross Season",58,"Austin & Richie",4,,false
"Most Common Matchups (Regular Season Only)","Rivalries","Cross Season",58,"Josh & Luke",4,,false
"Most Common Matchups (Regular Season Only)","Rivalries","Cross Season",58,"Ashley & Nick",4,,false
"Most Common Matchups (Regular Season Only)","Rivalries","Cross Season",58,"Richie & Ryan",4,,false
"Most Common Matchups (Regular Season Only)","Rivalries","Cross Season",58,"Ashley & Ryan",4,,false
"Most Common Matchups (Regular Season Only)","Rivalries","Cross Season",58,"Dan & Luke",4,,false
"Most Common Matchups (Regular Season Only)","Rivalries","Cross Season",58,"Allie & Nick",4,,false
"Most Common Matchups (Regular Season Only)","Rivalries","Cross Season",58,"Allie & Dan",4,,false
"Most Common Matchups (Regular Season Only)","Rivalries","Cross Season",58,"Allie & Josh",4,,false
"Most Common Matchups (Regular Season Only)","Rivalries","Cross Season",58,"Austin & Jack M",4,,false
"Most Common Matchups (Regular Season Only)","Rivalries","Cross Season",58,"Dan & Jack M",4,,false
"Most Common Matchups (Regular Season Only)","Rivalries","Cross Season",58,"Jack M & Tyler",4,,false
"Most Common Matchups (Regular Season Only)","Rivalries","Cross Season",58,"Austin & Rachel M",4,,false
"Most Common Matchups (Regular Season Only)","Rivalries","Cross Season",58,"Steve & Tyler",4,,false
"Most Common Matchups (Regular Season Only)","Rivalries","Cross Season",58,"Ashley & Jack M",4,,false
"Most Common Matchups (Regular Season Only)","Rivalries","Cross Season",58,"Ashley & Austin",4,,false
"Most Common Matchups (Regular Season Only)","Rivalries","Cross Season",58,"Richie & Tyler",4,,false
"Most Common Matchups (Regular Season Only)","Rivalries","Cross Season",58,"Dan & Rachel F",4,,false
"Most Common Matchups (Regular Season Only)","Rivalries","Cross Season",58,"Michael & Tyler",4,,false
"Most Common Matchups (Regular Season Only)","Rivalries","Cross Season",58,"Allie & Ryan",4,,false
"Most Common Matchups (Regular Season Only)","Rivalries","Cross Season",58,"Emma & Rachel M",4,,false
"Most Common Matchups (Regular Season Only)","Rivalries","Cross Season",58,"Ian & Josh",4,,false
"Most Common Matchups (Regular Season Only)","Rivalries","Cross Season",58,"Ian & Sam",4,,false
"Most Common Matchups (Regular Season Only)","Rivalries","Cross Season",58,"Ian & Steve",4,,false
"Most Common Matchups (Regular Season Only)","Rivalries","Cross Season",58,"Rachel M & Sam",4,,false
"Most Common Matchups (Regular Season Only)","Rivalries","Cross Season",58,"Josh & Sam",4,,false
"Most Common Matchups (Regular Season Only)","Rivalries","Cross Season",58,"Carly & Emma",4,,false
"Most Common Matchups (Regular Season Only)","Rivalries","Cross Season",58,"Richie & Sam",4,,false
"Most Common Matchups (Regular Season Only)","Rivalries","Cross Season",58,"Ian & Ryan",4,,false
"Most Common Matchups (Regular Season Only)","Rivalries","Cross Season",58,"Jack C & Richie",4,,false
"Most Common Matchups (Regular Season Only)","Rivalries","Cross Season",58,"Brittany & Rachel F",4,,false
"Most Common Matchups (Regular Season Only)","Rivalries","Cross Season",89,"Luke & Michael",3,,false
"Most Common Matchups (Regular Season Only)","Rivalries","Cross Season",89,"Luke & Richie",3,,false
"Most Common Matchups (Regular Season Only)","Rivalries","Cross Season",89,"Austin & Ryan",3,,false
"Most Common Matchups (Regular Season Only)","Rivalries","Cross Season",89,"Allie & Luke",3,,false
"Most Common Matchups (Regular Season Only)","Rivalries","Cross Season",89,"Luke & Nick",3,,false
"Most Common Matchups (Regular Season Only)","Rivalries","Cross Season",89,"Allie & Ashley",3,,false
"Most Common Matchups (Regular Season Only)","Rivalries","Cross Season",89,"Ashley & Josh",3,,false
"Most Common Matchups (Regular Season Only)","Rivalries","Cross Season",89,"Luke & Ryan",3,,false
"Most Common Matchups (Regular Season Only)","Rivalries","Cross Season",89,"Josh & Rachel M",3,,false
"Most Common Matchups (Regular Season Only)","Rivalries","Cross Season",89,"Luke & Tyler",3,,false
"Most Common Matchups (Regular Season Only)","Rivalries","Cross Season",89,"Carly & Josh",3,,false
"Most Common Matchups (Regular Season Only)","Rivalries","Cross Season",89,"Carly & Steve",3,,false
"Most Common Matchups (Regular Season Only)","Rivalries","Cross Season",89,"Josh & Tyler",3,,false
"Most Common Matchups (Regular Season Only)","Rivalries","Cross Season",89,"Nick & Rachel M",3,,false
"Most Common Matchups (Regular Season Only)","Rivalries","Cross Season",89,"Rachel F & Steve",3,,false
"Most Common Matchups (Regular Season Only)","Rivalries","Cross Season",89,"Jack M & Steve",3,,false
"Most Common Matchups (Regular Season Only)","Rivalries","Cross Season",89,"Carly & Dan",3,,false
"Most Common Matchups (Regular Season Only)","Rivalries","Cross Season",89,"Cody & Richie",3,,false
"Most Common Matchups (Regular Season Only)","Rivalries","Cross Season",89,"Nick & Steve",3,,false
"Most Common Matchups (Regular Season Only)","Rivalries","Cross Season",89,"Sam & Steve",3,,false
"Most Common Matchups (Regular Season Only)","Rivalries","Cross Season",89,"Cody & Josh",3,,false
"Most Common Matchups (Regular Season Only)","Rivalries","Cross Season",89,"Ian & Jack M",3,,false
"Most Common Matchups (Regular Season Only)","Rivalries","Cross Season",89,"Jack M & Sam",3,,false
"Most Common Matchups (Regular Season Only)","Rivalries","Cross Season",89,"Emma & Steve",3,,false
"Most Common Matchups (Regular Season Only)","Rivalries","Cross Season",89,"Ryan & Tyler",3,,false
"Most Common Matchups (Regular Season Only)","Rivalries","Cross Season",89,"Jack M & Josh",3,,false
"Most Common Matchups (Regular Season Only)","Rivalries","Cross Season",89,"Ian & Rachel M",3,,false
"Most Common Matchups (Regular Season Only)","Rivalries","Cross Season",89,"Ian & Richie",3,,false
"Most Common Matchups (Regular Season Only)","Rivalries","Cross Season",89,"Cody & Rachel F",3,,false
"Most Common Matchups (Regular Season Only)","Rivalries","Cross Season",89,"Emma & Rachel F",3,,false
"Most Common Matchups (Regular Season Only)","Rivalries","Cross Season",89,"Cody & Michael",3,,false
"Most Common Matchups (Regular Season Only)","Rivalries","Cross Season",89,"Emma & Sam",3,,false
"Most Common Matchups (Regular Season Only)","Rivalries","Cross Season",89,"Carly & Jack M",3,,false
"Most Common Matchups (Regular Season Only)","Rivalries","Cross Season",89,"Ian & Tyler",3,,false
"Most Common Matchups (Regular Season Only)","Rivalries","Cross Season",89,"Cody & Nick",3,,false
"Most Common Matchups (Regular Season Only)","Rivalries","Cross Season",89,"Dan & Ian",3,,false
"Most Common Matchups (Regular Season Only)","Rivalries","Cross Season",89,"Jack C & Michael",3,,false
"Most Common Matchups (Regular Season Only)","Rivalries","Cross Season",89,"Jack C & Steve",3,,false
"Most Common Matchups (Regular Season Only)","Rivalries","Cross Season",89,"Ashley & Ian",3,,false
"Most Common Matchups (Regular Season Only)","Rivalries","Cross Season",89,"Ian & Nick",3,,false
"Most Common Matchups (Regular Season Only)","Rivalries","Cross Season",89,"Brittany & Richie",3,,false
"Most Common Matchups (Regular Season Only)","Rivalries","Cross Season",89,"Austin & Emma",3,,false
"Most Common Matchups (Regular Season Only)","Rivalries","Cross Season",89,"Ian & Jack C",3,,false
"Most Common Matchups (Regular Season Only)","Rivalries","Cross Season",89,"Nick & Tyler",3,,false
"Most Common Matchups (Regular Season Only)","Rivalries","Cross Season",89,"Carly & Rachel M",3,,false
"Most Common Matchups (Regular Season Only)","Rivalries","Cross Season",89,"Dan & Jack C",3,,false
"Most Common Matchups (Regular Season Only)","Rivalries","Cross Season",135,"Brian & Ryan",2,,false
"Most Common Matchups (Regular Season Only)","Rivalries","Cross Season",135,"Becca & Luke",2,,false
"Most Common Matchups (Regular Season Only)","Rivalries","Cross Season",135,"Becca & Michael",2,,false
"Most Common Matchups (Regular Season Only)","Rivalries","Cross Season",135,"Austin & Luke",2,,false
"Most Common Matchups (Regular Season Only)","Rivalries","Cross Season",135,"Luke & Rachel F",2,,false
"Most Common Matchups (Regular Season Only)","Rivalries","Cross Season",135,"Becca & Dan",2,,false
"Most Common Matchups (Regular Season Only)","Rivalries","Cross Season",135,"Becca & Rachel F",2,,false
"Most Common Matchups (Regular Season Only)","Rivalries","Cross Season",135,"Allie & Michael",2,,false
"Most Common Matchups (Regular Season Only)","Rivalries","Cross Season",135,"Allie & Rachel F",2,,false
"Most Common Matchups (Regular Season Only)","Rivalries","Cross Season",135,"Josh & Steve",2,,false
"Most Common Matchups (Regular Season Only)","Rivalries","Cross Season",135,"Allie & Richie",2,,false
"Most Common Matchups (Regular Season Only)","Rivalries","Cross Season",135,"Luke & Steve",2,,false
"Most Common Matchups (Regular Season Only)","Rivalries","Cross Season",135,"Jack M & Ryan",2,,false
"Most Common Matchups (Regular Season Only)","Rivalries","Cross Season",135,"Michael & Rachel F",2,,false
"Most Common Matchups (Regular Season Only)","Rivalries","Cross Season",135,"Austin & Steve",2,,false
"Most Common Matchups (Regular Season Only)","Rivalries","Cross Season",135,"Allie & Jack M",2,,false
"Most Common Matchups (Regular Season Only)","Rivalries","Cross Season",135,"Richie & Steve",2,,false
"Most Common Matchups (Regular Season Only)","Rivalries","Cross Season",135,"Carly & Ryan",2,,false
"Most Common Matchups (Regular Season Only)","Rivalries","Cross Season",135,"Dan & Rachel M",2,,false
"Most Common Matchups (Regular Season Only)","Rivalries","Cross Season",135,"Allie & Cody",2,,false
"Most Common Matchups (Regular Season Only)","Rivalries","Cross Season",135,"Allie & Tyler",2,,false
"Most Common Matchups (Regular Season Only)","Rivalries","Cross Season",135,"Jennie & Ryan",2,,false
"Most Common Matchups (Regular Season Only)","Rivalries","Cross Season",135,"Nick & Sam",2,,false
"Most Common Matchups (Regular Season Only)","Rivalries","Cross Season",135,"Jennie & Richie",2,,false
"Most Common Matchups (Regular Season Only)","Rivalries","Cross Season",135,"Ashley & Cody",2,,false
"Most Common Matchups (Regular Season Only)","Rivalries","Cross Season",135,"Cody & Rachel M",2,,false
"Most Common Matchups (Regular Season Only)","Rivalries","Cross Season",135,"Carly & Tyler",2,,false
"Most Common Matchups (Regular Season Only)","Rivalries","Cross Season",135,"Emma & Ryan",2,,false
"Most Common Matchups (Regular Season Only)","Rivalries","Cross Season",135,"Emma & Tyler",2,,false
"Most Common Matchups (Regular Season Only)","Rivalries","Cross Season",135,"Cody & Jennie",2,,false
"Most Common Matchups (Regular Season Only)","Rivalries","Cross Season",135,"Austin & Ian",2,,false
"Most Common Matchups (Regular Season Only)","Rivalries","Cross Season",135,"Jack M & Richie",2,,false
"Most Common Matchups (Regular Season Only)","Rivalries","Cross Season",135,"Jennie & Tyler",2,,false
"Most Common Matchups (Regular Season Only)","Rivalries","Cross Season",135,"Ryan & Sam",2,,false
"Most Common Matchups (Regular Season Only)","Rivalries","Cross Season",135,"Dan & Emma",2,,false
"Most Common Matchups (Regular Season Only)","Rivalries","Cross Season",135,"Ian & Jennie",2,,false
"Most Common Matchups (Regular Season Only)","Rivalries","Cross Season",135,"Ashley & Emma",2,,false
"Most Common Matchups (Regular Season Only)","Rivalries","Cross Season",135,"Cody & Emma",2,,false
"Most Common Matchups (Regular Season Only)","Rivalries","Cross Season",135,"Jack C & Josh",2,,false
"Most Common Matchups (Regular Season Only)","Rivalries","Cross Season",135,"Jack C & Ryan",2,,false
"Most Common Matchups (Regular Season Only)","Rivalries","Cross Season",135,"Ashley & Sam",2,,false
"Most Common Matchups (Regular Season Only)","Rivalries","Cross Season",135,"Brittany & Cody",2,,false
"Most Common Matchups (Regular Season Only)","Rivalries","Cross Season",135,"Brittany & Nick",2,,false
"Most Common Matchups (Regular Season Only)","Rivalries","Cross Season",135,"Jack C & Tyler",2,,false
"Most Common Matchups (Regular Season Only)","Rivalries","Cross Season",135,"Cody & Dan",2,,false
"Most Common Matchups (Regular Season Only)","Rivalries","Cross Season",135,"Cody & Jack M",2,,false
"Most Common Matchups (Regular Season Only)","Rivalries","Cross Season",135,"Austin & Brittany",2,,false
"Most Common Matchups (Regular Season Only)","Rivalries","Cross Season",135,"Brittany & Ryan",2,,false
"Most Common Matchups (Regular Season Only)","Rivalries","Cross Season",135,"Brittany & Steve",2,,false
"Most Common Matchups (Regular Season Only)","Rivalries","Cross Season",135,"Jack C & Sam",2,,false
"Most Common Matchups (Regular Season Only)","Rivalries","Cross Season",135,"Brittany & Jack M",2,,false
"Most Common Matchups (Regular Season Only)","Rivalries","Cross Season",135,"Brittany & Tyler",2,,false
"Most Common Matchups (Regular Season Only)","Rivalries","Cross Season",135,"Rachel M & Tyler",2,,false
"Most Common Matchups (Regular Season Only)","Rivalries","Cross Season",135,"Carly & Jack C",2,,false
"Most Common Matchups (Regular Season Only)","Rivalries","Cross Season",135,"Rachel F & Sam",2,,false
"Most Common Matchups (Regular Season Only)","Rivalries","Cross Season",135,"Ashley & Brittany",2,,false
"Most Common Matchups (Regular Season Only)","Rivalries","Cross Season",135,"Brittany & Emma",2,,false
"Most Common Matchups (Regular Season Only)","Rivalries","Cross Season",135,"Brittany & Ian",2,,false
"Most Common Matchups (Regular Season Only)","Rivalries","Cross Season",135,"Sam & Tyler",2,,false
"Most Common Matchups (Regular Season Only)","Rivalries","Cross Season",135,"Austin & Cody",2,,false
"Most Common Matchups (Regular Season Only)","Rivalries","Cross Season",135,"Brittany & Carly",2,,false
"Most Common Matchups (Regular Season Only)","Rivalries","Cross Season",135,"Emma & Nick",2,,false
"Most Common Matchups (Regular Season Only)","Rivalries","Cross Season",135,"Brittany & Jack C",2,,false
"Most Common Matchups (Regular Season Only)","Rivalries","Cross Season",135,"Jack C & Nick",2,,false
"Most Common Matchups (Regular Season Only)","Rivalries","Cross Season",199,"Brian & Dan",1,,false
"Most Common Matchups (Regular Season Only)","Rivalries","Cross Season",199,"Brian & Josh",1,,false
"Most Common Matchups (Regular Season Only)","Rivalries","Cross Season",199,"Ashley & Luke",1,,false
"Most Common Matchups (Regular Season Only)","Rivalries","Cross Season",199,"Becca & Nick",1,,false
"Most Common Matchups (Regular Season Only)","Rivalries","Cross Season",199,"Brian & Michael",1,,false
"Most Common Matchups (Regular Season Only)","Rivalries","Cross Season",199,"Brian & Richie",1,,false
"Most Common Matchups (Regular Season Only)","Rivalries","Cross Season",199,"Becca & Ryan",1,,false
"Most Common Matchups (Regular Season Only)","Rivalries","Cross Season",199,"Becca & Richie",1,,false
"Most Common Matchups (Regular Season Only)","Rivalries","Cross Season",199,"Austin & Becca",1,,false
"Most Common Matchups (Regular Season Only)","Rivalries","Cross Season",199,"Allie & Becca",1,,false
"Most Common Matchups (Regular Season Only)","Rivalries","Cross Season",199,"Allie & Rachel M",1,,false
"Most Common Matchups (Regular Season Only)","Rivalries","Cross Season",199,"Rachel F & Rachel M",1,,false
"Most Common Matchups (Regular Season Only)","Rivalries","Cross Season",199,"Carly & Luke",1,,false
"Most Common Matchups (Regular Season Only)","Rivalries","Cross Season",199,"Ashley & Tyler",1,,false
"Most Common Matchups (Regular Season Only)","Rivalries","Cross Season",199,"Ashley & Jennie",1,,false
"Most Common Matchups (Regular Season Only)","Rivalries","Cross Season",199,"Dan & Jennie",1,,false
"Most Common Matchups (Regular Season Only)","Rivalries","Cross Season",199,"Carly & Ian",1,,false
"Most Common Matchups (Regular Season Only)","Rivalries","Cross Season",199,"Ian & Rachel F",1,,false
"Most Common Matchups (Regular Season Only)","Rivalries","Cross Season",199,"Emma & Jennie",1,,false
"Most Common Matchups (Regular Season Only)","Rivalries","Cross Season",199,"Jennie & Michael",1,,false
"Most Common Matchups (Regular Season Only)","Rivalries","Cross Season",199,"Allie & Jennie",1,,false
"Most Common Matchups (Regular Season Only)","Rivalries","Cross Season",199,"Carly & Jennie",1,,false
"Most Common Matchups (Regular Season Only)","Rivalries","Cross Season",199,"Jennie & Rachel F",1,,false
"Most Common Matchups (Regular Season Only)","Rivalries","Cross Season",199,"Allie & Sam",1,,false
"Most Common Matchups (Regular Season Only)","Rivalries","Cross Season",199,"Jennie & Josh",1,,false
"Most Common Matchups (Regular Season Only)","Rivalries","Cross Season",199,"Carly & Sam",1,,false
"Most Common Matchups (Regular Season Only)","Rivalries","Cross Season",199,"Michael & Sam",1,,false
"Most Common Matchups (Regular Season Only)","Rivalries","Cross Season",199,"Brittany & Josh",1,,false
"Most Common Matchups (Regular Season Only)","Rivalries","Cross Season",199,"Jack C & Jack M",1,,false
"Most Common Matchups (Regular Season Only)","Rivalries","Cross Season",199,"Brittany & Rachel M",1,,false
"Most Common Matchups (Regular Season Only)","Rivalries","Cross Season",199,"Ashley & Jack C",1,,false
"Most Common Matchups (Regular Season Only)","Rivalries","Cross Season",199,"Carly & Richie",1,,false
"Most Common Matchups (Regular Season Only)","Rivalries","Cross Season",199,"Emma & Ian",1,,false
"Most Common Matchups (Regular Season Only)","Rivalries","Cross Season",199,"Dan & Sam",1,,false
"Most Common Matchups (Regular Season Only)","Rivalries","Cross Season",199,"Cody & Ian",1,,false
"Most Common Matchups (Regular Season Only)","Rivalries","Cross Season",199,"Cody & Ryan",1,,false
"Most Common Matchups (Regular Season Only)","Rivalries","Cross Season",199,"Ian & Michael",1,,false
"Most Common Matchups (Regular Season Only)","Rivalries","Cross Season",199,"Jack C & Rachel F",1,,false
"Most Common Matchups (Regular Season Only)","Rivalries","Cross Season",199,"Cody & Steve",1,,false
"Least Played Matchups (Active Players Only - Max 1 Game)","Rivalries","Cross Season",1,"Dan & Michael",0,"29 chances",false
"Least Played Matchups (Active Players Only - Max 1 Game)","Rivalries","Cross Season",1,"Emma & Josh",0,"17 chances",false
"Least Played Matchups (Active Players Only - Max 1 Game)","Rivalries","Cross Season",1,"Austin & Jack C",0,"11 chances",false
"Least Played Matchups (Active Players Only - Max 1 Game)","Rivalries","Cross Season",1,"Brittany & Dan",0,"11 chances",false
"Least Played Matchups (Active Players Only - Max 1 Game)","Rivalries","Cross Season",1,"Brittany & Michael",0,"11 chances",false
"Least Played Matchups (Active Players Only - Max 1 Game)","Rivalries","Cross Season",1,"Brittany & Sam",0,"11 chances",false
"Least Played Matchups (Active Players Only - Max 1 Game)","Rivalries","Cross Season",1,"Cody & Jack C",0,"11 chances",false
"Least Played Matchups (Active Players Only - Max 1 Game)","Rivalries","Cross Season",1,"Emma & Jack C",0,"11 chances",false
"Least Played Matchups (Active Players Only - Max 1 Game)","Rivalries","Cross Season",1,"Jack C & Rachel M",0,"11 chances",false
"Least Played Matchups (Active Players Only - Max 1 Game)","Rivalries","Cross Season",10,"Ashley & Tyler",1,"23 chances",false
"Least Played Matchups (Active Players Only - Max 1 Game)","Rivalries","Cross Season",10,"Rachel F & Rachel M",1,"23 chances",false
"Least Played Matchups (Active Players Only - Max 1 Game)","Rivalries","Cross Season",10,"Carly & Ian",1,"17 chances",false
"Least Played Matchups (Active Players Only - Max 1 Game)","Rivalries","Cross Season",10,"Carly & Sam",1,"17 chances",false
"Least Played Matchups (Active Players Only - Max 1 Game)","Rivalries","Cross Season",10,"Cody & Ian",1,"17 chances",false
"Least Played Matchups (Active Players Only - Max 1 Game)","Rivalries","Cross Season",10,"Cody & Ryan",1,"17 chances",false
"Least Played Matchups (Active Players Only - Max 1 Game)","Rivalries","Cross Season",10,"Cody & Steve",1,"17 chances",false
"Least Played Matchups (Active Players Only - Max 1 Game)","Rivalries","Cross Season",10,"Emma & Ian",1,"17 chances",false
"Least Played Matchups (Active Players Only - Max 1 Game)","Rivalries","Cross Season",10,"Ian & Rachel F",1,"17 chances",false
"Least Played Matchups (Active Players Only - Max 1 Game)","Rivalries","Cross Season",10,"Michael & Sam",1,"17 chances",false
"Least Played Matchups (Active Players Only - Max 1 Game)","Rivalries","Cross Season",10,"Ashley & Jack C",1,"11 chances",false
"Least Played Matchups (Active Players Only - Max 1 Game)","Rivalries","Cross Season",10,"Brittany & Josh",1,"11 chances",false
"Least Played Matchups (Active Players Only - Max 1 Game)","Rivalries","Cross Season",10,"Brittany & Rachel M",1,"11 chances",false
"Least Played Matchups (Active Players Only - Max 1 Game)","Rivalries","Cross Season",10,"Jack C & Jack M",1,"11 chances",false
"Least Played Matchups (Active Players Only - Max 1 Game)","Rivalries","Cross Season",10,"Jack C & Rachel F",1,"11 chances",false
"Longest Matchup Droughts (> 6 Weeks Since Last Play)","Rivalries","Cross Season",1,"Dan & Michael",29,"Never Met - 29 chances",false
"Longest Matchup Droughts (> 6 Weeks Since Last Play)","Rivalries","Cross Season",2,"Rachel F & Rachel M",27,"Last: 2023 Week 3",false
"Longest Matchup Droughts (> 6 Weeks Since Last Play)","Rivalries","Cross Season",3,"Jack M & Ryan",25,"Last: 2023 Week 5",false
"Longest Matchup Droughts (> 6 Weeks Since Last Play)","Rivalries","Cross Season",4,"Ashley & Tyler",24,"Last: 2023 Week 6",false
"Longest Matchup Droughts (> 6 Weeks Since Last Play)","Rivalries","Cross Season",5,"Austin & Steve",22,"Last: 2024 Week 1",false
"Longest Matchup Droughts (> 6 Weeks Since Last Play)","Rivalries","Cross Season",5,"Carly & Ian",22,"Last: 2024 Week 1",false
"Longest Matchup Droughts (> 6 Weeks Since Last Play)","Rivalries","Cross Season",5,"Carly & Josh",22,"Last: 2024 Week 1",false
"Longest Matchup Droughts (> 6 Weeks Since Last Play)","Rivalries","Cross Season",5,"Ian & Rachel F",22,"Last: 2024 Week 1",false
"Longest Matchup Droughts (> 6 Weeks Since Last Play)","Rivalries","Cross Season",9,"Austin & Nick",19,"Last: 2024 Week 4",false
"Longest Matchup Droughts (> 6 Weeks Since Last Play)","Rivalries","Cross Season",10,"Carly & Sam",18,"Last: 2024 Week 5",false
"Longest Matchup Droughts (> 6 Weeks Since Last Play)","Rivalries","Cross Season",10,"Michael & Sam",18,"Last: 2024 Week 5",false
"Longest Matchup Droughts (> 6 Weeks Since Last Play)","Rivalries","Cross Season",12,"Emma & Josh",17,"Never Met - 17 chances",false
"Longest Matchup Droughts (> 6 Weeks Since Last Play)","Rivalries","Cross Season",13,"Rachel F & Richie",16,"Last: 2024 Playoff 1",false
"Longest Matchup Droughts (> 6 Weeks Since Last Play)","Rivalries","Cross Season",14,"Austin & Ian",13,"Last: 2025 Week 1",false
"Longest Matchup Droughts (> 6 Weeks Since Last Play)","Rivalries","Cross Season",14,"Austin & Tyler",13,"Last: 2025 Week 1",false
"Longest Matchup Droughts (> 6 Weeks Since Last Play)","Rivalries","Cross Season",14,"Sam & Steve",13,"Last: 2025 Week 1",false
"Longest Matchup Droughts (> 6 Weeks Since Last Play)","Rivalries","Cross Season",17,"Ashley & Josh",12,"Last: 2025 Week 2",false
"Longest Matchup Droughts (> 6 Weeks Since Last Play)","Rivalries","Cross Season",17,"Ashley & Nick",12,"Last: 2025 Week 2",false
"Longest Matchup Droughts (> 6 Weeks Since Last Play)","Rivalries","Cross Season",17,"Carly & Dan",12,"Last: 2025 Week 2",false
"Longest Matchup Droughts (> 6 Weeks Since Last Play)","Rivalries","Cross Season",17,"Carly & Jack M",12,"Last: 2025 Week 2",false
"Longest Matchup Droughts (> 6 Weeks Since Last Play)","Rivalries","Cross Season",17,"Steve & Tyler",12,"Last: 2025 Week 2",false
"Longest Matchup Droughts (> 6 Weeks Since Last Play)","Rivalries","Cross Season",22,"Ashley & Ryan",11,"Last: 2025 Week 3",false
"Longest Matchup Droughts (> 6 Weeks Since Last Play)","Rivalries","Cross Season",22,"Austin & Jack C",11,"Never Met - 11 chances",false
"Longest Matchup Droughts (> 6 Weeks Since Last Play)","Rivalries","Cross Season",22,"Brittany & Dan",11,"Never Met - 11 chances",false
"Longest Matchup Droughts (> 6 Weeks Since Last Play)","Rivalries","Cross Season",22,"Brittany & Josh",11,"Last: 2025 Week 3",false
"Longest Matchup Droughts (> 6 Weeks Since Last Play)","Rivalries","Cross Season",22,"Brittany & Michael",11,"Never Met - 11 chances",false
"Longest Matchup Droughts (> 6 Weeks Since Last Play)","Rivalries","Cross Season",22,"Brittany & Sam",11,"Never Met - 11 chances",false
"Longest Matchup Droughts (> 6 Weeks Since Last Play)","Rivalries","Cross Season",22,"Carly & Rachel F",11,"Last: 2025 Week 3",false
"Longest Matchup Droughts (> 6 Weeks Since Last Play)","Rivalries","Cross Season",22,"Carly & Ryan",11,"Last: 2025 Week 3",false
"Longest Matchup Droughts (> 6 Weeks Since Last Play)","Rivalries","Cross Season",22,"Cody & Dan",11,"Last: 2025 Week 3",false
"Longest Matchup Droughts (> 6 Weeks Since Last Play)","Rivalries","Cross Season",22,"Cody & Jack C",11,"Never Met - 11 chances",false
"Longest Matchup Droughts (> 6 Weeks Since Last Play)","Rivalries","Cross Season",22,"Emma & Jack C",11,"Never Met - 11 chances",false
"Longest Matchup Droughts (> 6 Weeks Since Last Play)","Rivalries","Cross Season",22,"Ian & Jack M",11,"Last: 2025 Week 3",false
"Longest Matchup Droughts (> 6 Weeks Since Last Play)","Rivalries","Cross Season",22,"Jack C & Jack M",11,"Last: 2025 Week 3",false
"Longest Matchup Droughts (> 6 Weeks Since Last Play)","Rivalries","Cross Season",22,"Jack C & Rachel M",11,"Never Met - 11 chances",false
"Longest Matchup Droughts (> 6 Weeks Since Last Play)","Rivalries","Cross Season",22,"Josh & Steve",11,"Last: 2025 Week 3",false
"Longest Matchup Droughts (> 6 Weeks Since Last Play)","Rivalries","Cross Season",22,"Richie & Steve",11,"Last: 2025 Week 3",false
"Longest Matchup Droughts (> 6 Weeks Since Last Play)","Rivalries","Cross Season",38,"Ashley & Jack C",10,"Last: 2025 Week 4",false
"Longest Matchup Droughts (> 6 Weeks Since Last Play)","Rivalries","Cross Season",38,"Austin & Richie",10,"Last: 2025 Week 4",false
"Longest Matchup Droughts (> 6 Weeks Since Last Play)","Rivalries","Cross Season",38,"Brittany & Rachel M",10,"Last: 2025 Week 4",false
"Longest Matchup Droughts (> 6 Weeks Since Last Play)","Rivalries","Cross Season",38,"Cody & Rachel F",10,"Last: 2025 Week 4",false
"Longest Matchup Droughts (> 6 Weeks Since Last Play)","Rivalries","Cross Season",38,"Dan & Emma",10,"Last: 2025 Week 4",false
"Longest Matchup Droughts (> 6 Weeks Since Last Play)","Rivalries","Cross Season",38,"Nick & Ryan",10,"Last: 2025 Week 4",false
"Longest Matchup Droughts (> 6 Weeks Since Last Play)","Rivalries","Cross Season",38,"Nick & Steve",10,"Last: 2025 Week 4",false
"Longest Matchup Droughts (> 6 Weeks Since Last Play)","Rivalries","Cross Season",45,"Ashley & Emma",9,"Last: 2025 Week 5",false
"Longest Matchup Droughts (> 6 Weeks Since Last Play)","Rivalries","Cross Season",45,"Austin & Rachel F",9,"Last: 2025 Week 5",false
"Longest Matchup Droughts (> 6 Weeks Since Last Play)","Rivalries","Cross Season",45,"Carly & Richie",9,"Last: 2025 Week 5",false
"Longest Matchup Droughts (> 6 Weeks Since Last Play)","Rivalries","Cross Season",45,"Cody & Jack M",9,"Last: 2025 Week 5",false
"Longest Matchup Droughts (> 6 Weeks Since Last Play)","Rivalries","Cross Season",45,"Emma & Ian",9,"Last: 2025 Week 5",false
"Longest Matchup Droughts (> 6 Weeks Since Last Play)","Rivalries","Cross Season",45,"Jack C & Ryan",9,"Last: 2025 Week 5",false
"Longest Matchup Droughts (> 6 Weeks Since Last Play)","Rivalries","Cross Season",45,"Michael & Tyler",9,"Last: 2025 Week 5",false
"Longest Matchup Droughts (> 6 Weeks Since Last Play)","Rivalries","Cross Season",45,"Nick & Rachel M",9,"Last: 2025 Week 5",false
"Longest Matchup Droughts (> 6 Weeks Since Last Play)","Rivalries","Cross Season",45,"Rachel F & Sam",9,"Last: 2025 Week 5",false
"Longest Matchup Droughts (> 6 Weeks Since Last Play)","Rivalries","Cross Season",45,"Rachel M & Richie",9,"Last: 2025 Week 5",false
"Longest Matchup Droughts (> 6 Weeks Since Last Play)","Rivalries","Cross Season",45,"Ryan & Steve",9,"Last: 2025 Week 5",false
"Longest Matchup Droughts (> 6 Weeks Since Last Play)","Rivalries","Cross Season",56,"Austin & Brittany",8,"Last: 2025 Week 6",false
"Longest Matchup Droughts (> 6 Weeks Since Last Play)","Rivalries","Cross Season",56,"Brittany & Cody",8,"Last: 2025 Week 6",false
"Longest Matchup Droughts (> 6 Weeks Since Last Play)","Rivalries","Cross Season",56,"Dan & Josh",8,"Last: 2025 Week 6",false
"Longest Matchup Droughts (> 6 Weeks Since Last Play)","Rivalries","Cross Season",56,"Ian & Josh",8,"Last: 2025 Week 6",false
"Longest Matchup Droughts (> 6 Weeks Since Last Play)","Rivalries","Cross Season",56,"Jack C & Sam",8,"Last: 2025 Week 6",false
"Longest Matchup Droughts (> 6 Weeks Since Last Play)","Rivalries","Cross Season",56,"Jack C & Tyler",8,"Last: 2025 Week 6",false
"Longest Matchup Droughts (> 6 Weeks Since Last Play)","Rivalries","Cross Season",56,"Jack M & Nick",8,"Last: 2025 Week 6",false
"Longest Matchup Droughts (> 6 Weeks Since Last Play)","Rivalries","Cross Season",56,"Michael & Steve",8,"Last: 2025 Week 6",false
"Longest Matchup Droughts (> 6 Weeks Since Last Play)","Rivalries","Cross Season",56,"Nick & Rachel F",8,"Last: 2025 Week 6",false
"Longest Matchup Droughts (> 6 Weeks Since Last Play)","Rivalries","Cross Season",56,"Richie & Tyler",8,"Last: 2025 Week 6",false
"Longest Matchup Droughts (> 6 Weeks Since Last Play)","Rivalries","Cross Season",66,"Jack M & Rachel M",7,"Last: 2025 Playoff 1",false
"Longest Matchup Droughts (> 6 Weeks Since Last Play)","Rivalries","Cross Season",66,"Michael & Rachel M",7,"Last: 2025 Playoff 1",false
"Best Duo (Combined Avg Pts > 2.0)","Rivalries","Cross Season",1,"Jack M & Nick",4.80,"5 games",false
"Best Duo (Combined Avg Pts > 2.0)","Rivalries","Cross Season",2,"Michael & Rachel M",4.50,"6 games",false
"Best Duo (Combined Avg Pts > 2.0)","Rivalries","Cross Season",3,"Austin & Nick",4.40,"5 games",false
"Best Duo (Combined Avg Pts > 2.0)","Rivalries","Cross Season",4,"Austin & Dan",4.13,"8 games",false
"Best Duo (Combined Avg Pts > 2.0)","Rivalries","Cross Season",5,"Nick & Richie",4.00,"5 games",false
"Best Duo (Combined Avg Pts > 2.0)","Rivalries","Cross Season",6,"Ashley & Rachel F",3.89,"9 games",false
"Best Duo (Combined Avg Pts > 2.0)","Rivalries","Cross Season",7,"Austin & Michael",3.67,"6 games",false
"Best Duo (Combined Avg Pts > 2.0)","Rivalries","Cross Season",7,"Nick & Ryan",3.67,"6 games",false
"Best Duo (Combined Avg Pts > 2.0)","Rivalries","Cross Season",9,"Ashley & Richie",3.60,"5 games",false
"Best Duo (Combined Avg Pts > 2.0)","Rivalries","Cross Season",9,"Carly & Rachel F",3.60,"5 games",false
"Best Duo (Combined Avg Pts > 2.0)","Rivalries","Cross Season",11,"Nick & Rachel F",3.57,"7 games",false
"Best Duo (Combined Avg Pts > 2.0)","Rivalries","Cross Season",11,"Jack M & Michael",3.57,"7 games",false
"Best Duo (Combined Avg Pts > 2.0)","Rivalries","Cross Season",13,"Ashley & Michael",3.50,"8 games",false
"Best Duo (Combined Avg Pts > 2.0)","Rivalries","Cross Season",14,"Austin & Carly",3.43,"7 games",false
"Best Duo (Combined Avg Pts > 2.0)","Rivalries","Cross Season",14,"Ashley & Rachel M",3.43,"7 games",false
"Best Duo (Combined Avg Pts > 2.0)","Rivalries","Cross Season",16,"Rachel M & Ryan",3.40,"5 games",false
"Best Duo (Combined Avg Pts > 2.0)","Rivalries","Cross Season",16,"Rachel M & Richie",3.40,"5 games",false
"Best Duo (Combined Avg Pts > 2.0)","Rivalries","Cross Season",18,"Michael & Ryan",3.33,"6 games",false
"Best Duo (Combined Avg Pts > 2.0)","Rivalries","Cross Season",18,"Michael & Nick",3.33,"6 games",false
"Best Duo (Combined Avg Pts > 2.0)","Rivalries","Cross Season",20,"Josh & Richie",3.29,"7 games",false
"Best Duo (Combined Avg Pts > 2.0)","Rivalries","Cross Season",21,"Austin & Rachel F",3.20,"5 games",false
"Best Duo (Combined Avg Pts > 2.0)","Rivalries","Cross Season",21,"Rachel F & Richie",3.20,"5 games",false
"Best Duo (Combined Avg Pts > 2.0)","Rivalries","Cross Season",21,"Josh & Michael",3.20,"5 games",false
"Best Duo (Combined Avg Pts > 2.0)","Rivalries","Cross Season",21,"Allie & Carly",3.20,"5 games",false
"Best Duo (Combined Avg Pts > 2.0)","Rivalries","Cross Season",21,"Ashley & Carly",3.20,"5 games",false
"Best Duo (Combined Avg Pts > 2.0)","Rivalries","Cross Season",21,"Austin & Sam",3.20,"5 games",false
"Best Duo (Combined Avg Pts > 2.0)","Rivalries","Cross Season",21,"Cody & Sam",3.20,"5 games",false
"Best Duo (Combined Avg Pts > 2.0)","Rivalries","Cross Season",28,"Dan & Nick",3.13,"8 games",false
"Best Duo (Combined Avg Pts > 2.0)","Rivalries","Cross Season",29,"Ashley & Dan",3.00,"5 games",false
"Best Duo (Combined Avg Pts > 2.0)","Rivalries","Cross Season",29,"Michael & Richie",3.00,"5 games",false
"Best Duo (Combined Avg Pts > 2.0)","Rivalries","Cross Season",29,"Ryan & Steve",3.00,"5 games",false
"Best Duo (Combined Avg Pts > 2.0)","Rivalries","Cross Season",29,"Jack M & Rachel M",3.00,"5 games",false
"Best Duo (Combined Avg Pts > 2.0)","Rivalries","Cross Season",29,"Michael & Steve",3.00,"5 games",false
"Best Duo (Combined Avg Pts > 2.0)","Rivalries","Cross Season",29,"Jack M & Rachel F",3.00,"5 games",false
"Best Duo (Combined Avg Pts > 2.0)","Rivalries","Cross Season",29,"Emma & Michael",3.00,"5 games",false
"Best Duo (Combined Avg Pts > 2.0)","Rivalries","Cross Season",29,"Carly & Michael",3.00,"5 games",false
"Best Duo (Combined Avg Pts > 2.0)","Rivalries","Cross Season",37,"Allie & Austin",2.80,"5 games",false
"Best Duo (Combined Avg Pts > 2.0)","Rivalries","Cross Season",37,"Austin & Tyler",2.80,"5 games",false
"Best Duo (Combined Avg Pts > 2.0)","Rivalries","Cross Season",37,"Carly & Nick",2.80,"5 games",false
"Best Duo (Combined Avg Pts > 2.0)","Rivalries","Cross Season",37,"Josh & Nick",2.80,"5 games",false
"Best Duo (Combined Avg Pts > 2.0)","Rivalries","Cross Season",37,"Cody & Tyler",2.80,"5 games",false
"Best Duo (Combined Avg Pts > 2.0)","Rivalries","Cross Season",42,"Dan & Richie",2.71,"7 games",false
"Best Duo (Combined Avg Pts > 2.0)","Rivalries","Cross Season",43,"Josh & Rachel F",2.63,"8 games",false
"Best Duo (Combined Avg Pts > 2.0)","Rivalries","Cross Season",43,"Rachel M & Steve",2.63,"8 games",false
"Best Duo (Combined Avg Pts > 2.0)","Rivalries","Cross Season",45,"Ashley & Becca",2.60,"5 games",false
"Best Duo (Combined Avg Pts > 2.0)","Rivalries","Cross Season",45,"Dan & Steve",2.60,"5 games",false
"Best Duo (Combined Avg Pts > 2.0)","Rivalries","Cross Season",45,"Emma & Jack M",2.60,"5 games",false
"Best Duo (Combined Avg Pts > 2.0)","Rivalries","Cross Season",45,"Carly & Cody",2.60,"5 games",false
"Best Duo (Combined Avg Pts > 2.0)","Rivalries","Cross Season",49,"Rachel F & Ryan",2.43,"7 games",false
"Best Duo (Combined Avg Pts > 2.0)","Rivalries","Cross Season",50,"Austin & Josh",2.38,"8 games",false
"Best Duo (Combined Avg Pts > 2.0)","Rivalries","Cross Season",51,"Ashley & Steve",2.33,"6 games",false
"Best Duo (Combined Avg Pts > 2.0)","Rivalries","Cross Season",52,"Dan & Ryan",2.29,"7 games",false
"Best Duo (Combined Avg Pts > 2.0)","Rivalries","Cross Season",53,"Emma & Richie",2.20,"5 games",false
"Best Duo (Combined Avg Pts > 2.0)","Rivalries","Cross Season",54,"Dan & Tyler",2.17,"6 games",false
"Best Duo (Combined Avg Pts > 2.0)","Rivalries","Cross Season",55,"Dan & Josh",2.00,"5 games",false
"Best Duo (Combined Avg Pts > 2.0)","Rivalries","Cross Season",55,"Rachel F & Tyler",2.00,"5 games",false
"Best Duo (Combined Avg Pts > 2.0)","Rivalries","Cross Season",57,"Josh & Ryan",1.63,"8 games",false
"Worst Enemies (Lowest Avg Score vs Opponent)","Rivalries","Cross Season",1,"Steve' against  Jack M",0.00,"3 games",false
"Worst Enemies (Lowest Avg Score vs Opponent)","Rivalries","Cross Season",1,"Emma' against  Rachel M",0.00,"4 games",false
"Worst Enemies (Lowest Avg Score vs Opponent)","Rivalries","Cross Season",1,"Steve' against  Emma",0.00,"3 games",false
"Worst Enemies (Lowest Avg Score vs Opponent)","Rivalries","Cross Season",4,"Steve' against  Ashley",0.17,"6 games",false
"Worst Enemies (Lowest Avg Score vs Opponent)","Rivalries","Cross Season",5,"Josh' against  Rachel M",0.33,"3 games",false
"Worst Enemies (Lowest Avg Score vs Opponent)","Rivalries","Cross Season",5,"Steve' against  Sam",0.33,"3 games",false
"Worst Enemies (Lowest Avg Score vs Opponent)","Rivalries","Cross Season",5,"Ian' against  Rachel M",0.33,"3 games",false
"Worst Enemies (Lowest Avg Score vs Opponent)","Rivalries","Cross Season",5,"Emma' against  Sam",0.33,"3 games",false
"Worst Enemies (Lowest Avg Score vs Opponent)","Rivalries","Cross Season",5,"Jack C' against  Michael",0.33,"3 games",false
"Worst Enemies (Lowest Avg Score vs Opponent)","Rivalries","Cross Season",5,"Nick' against  Ian",0.33,"3 games",false
"Worst Enemies (Lowest Avg Score vs Opponent)","Rivalries","Cross Season",11,"Emma' against  Michael",0.40,"5 games",false
"Worst Enemies (Lowest Avg Score vs Opponent)","Rivalries","Cross Season",11,"Emma' against  Richie",0.40,"5 games",false
"Worst Enemies (Lowest Avg Score vs Opponent)","Rivalries","Cross Season",13,"Dan' against  Nick",0.50,"8 games",false
"Worst Enemies (Lowest Avg Score vs Opponent)","Rivalries","Cross Season",13,"Ryan' against  Ashley",0.50,"4 games",false
"Worst Enemies (Lowest Avg Score vs Opponent)","Rivalries","Cross Season",13,"Allie' against  Dan",0.50,"4 games",false
"Worst Enemies (Lowest Avg Score vs Opponent)","Rivalries","Cross Season",13,"Allie' against  Josh",0.50,"4 games",false
"Worst Enemies (Lowest Avg Score vs Opponent)","Rivalries","Cross Season",13,"Jack M' against  Ashley",0.50,"4 games",false
"Worst Enemies (Lowest Avg Score vs Opponent)","Rivalries","Cross Season",13,"Ashley' against  Austin",0.50,"4 games",false
"Worst Enemies (Lowest Avg Score vs Opponent)","Rivalries","Cross Season",13,"Dan' against  Rachel F",0.50,"4 games",false
"Worst Enemies (Lowest Avg Score vs Opponent)","Rivalries","Cross Season",20,"Josh' against  Dan",0.60,"5 games",false
"Worst Enemies (Lowest Avg Score vs Opponent)","Rivalries","Cross Season",20,"Steve' against  Michael",0.60,"5 games",false
"Worst Enemies (Lowest Avg Score vs Opponent)","Rivalries","Cross Season",20,"Tyler' against  Rachel F",0.60,"5 games",false
"Worst Enemies (Lowest Avg Score vs Opponent)","Rivalries","Cross Season",20,"Carly' against  Michael",0.60,"5 games",false
"Worst Enemies (Lowest Avg Score vs Opponent)","Rivalries","Cross Season",24,"Steve' against  Rachel M",0.63,"8 games",false
"Worst Enemies (Lowest Avg Score vs Opponent)","Rivalries","Cross Season",25,"Ryan' against  Austin",0.67,"3 games",false
"Worst Enemies (Lowest Avg Score vs Opponent)","Rivalries","Cross Season",25,"Luke' against  Nick",0.67,"3 games",false
"Worst Enemies (Lowest Avg Score vs Opponent)","Rivalries","Cross Season",25,"Allie' against  Ashley",0.67,"3 games",false
"Worst Enemies (Lowest Avg Score vs Opponent)","Rivalries","Cross Season",25,"Steve' against  Carly",0.67,"3 games",false
"Worst Enemies (Lowest Avg Score vs Opponent)","Rivalries","Cross Season",25,"Steve' against  Rachel F",0.67,"3 games",false
"Worst Enemies (Lowest Avg Score vs Opponent)","Rivalries","Cross Season",25,"Carly' against  Dan",0.67,"3 games",false
"Worst Enemies (Lowest Avg Score vs Opponent)","Rivalries","Cross Season",25,"Josh' against  Cody",0.67,"3 games",false
"Worst Enemies (Lowest Avg Score vs Opponent)","Rivalries","Cross Season",25,"Ian' against  Jack M",0.67,"3 games",false
"Worst Enemies (Lowest Avg Score vs Opponent)","Rivalries","Cross Season",25,"Michael' against  Cody",0.67,"3 games",false
"Worst Enemies (Lowest Avg Score vs Opponent)","Rivalries","Cross Season",25,"Tyler' against  Ian",0.67,"3 games",false
"Worst Enemies (Lowest Avg Score vs Opponent)","Rivalries","Cross Season",25,"Emma' against  Austin",0.67,"3 games",false
"Worst Enemies (Lowest Avg Score vs Opponent)","Rivalries","Cross Season",25,"Tyler' against  Nick",0.67,"3 games",false
"Worst Enemies (Lowest Avg Score vs Opponent)","Rivalries","Cross Season",37,"Josh' against  Ryan",0.75,"8 games",false
"Worst Enemies (Lowest Avg Score vs Opponent)","Rivalries","Cross Season",37,"Richie' against  Austin",0.75,"4 games",false
"Worst Enemies (Lowest Avg Score vs Opponent)","Rivalries","Cross Season",37,"Allie' against  Nick",0.75,"4 games",false
"Worst Enemies (Lowest Avg Score vs Opponent)","Rivalries","Cross Season",37,"Ashley' against  Jack M",0.75,"4 games",false
"Worst Enemies (Lowest Avg Score vs Opponent)","Rivalries","Cross Season",37,"Allie' against  Ryan",0.75,"4 games",false
"Worst Enemies (Lowest Avg Score vs Opponent)","Rivalries","Cross Season",37,"Ian' against  Sam",0.75,"4 games",false
"Worst Enemies (Lowest Avg Score vs Opponent)","Rivalries","Cross Season",43,"Allie' against  Austin",0.80,"5 games",false
"Worst Enemies (Lowest Avg Score vs Opponent)","Rivalries","Cross Season",43,"Tyler' against  Austin",0.80,"5 games",false
"Worst Enemies (Lowest Avg Score vs Opponent)","Rivalries","Cross Season",43,"Ryan' against  Rachel M",0.80,"5 games",false
"Worst Enemies (Lowest Avg Score vs Opponent)","Rivalries","Cross Season",43,"Josh' against  Nick",0.80,"5 games",false
"Worst Enemies (Lowest Avg Score vs Opponent)","Rivalries","Cross Season",43,"Carly' against  Cody",0.80,"5 games",false
"Worst Enemies (Lowest Avg Score vs Opponent)","Rivalries","Cross Season",48,"Ryan' against  Josh",0.88,"8 games",false
"Worst Enemies (Lowest Avg Score vs Opponent)","Rivalries","Cross Season",49,"Ryan' against  Dan",1.00,"7 games",false
"Worst Enemies (Lowest Avg Score vs Opponent)","Rivalries","Cross Season",49,"Luke' against  Michael",1.00,"3 games",false
"Worst Enemies (Lowest Avg Score vs Opponent)","Rivalries","Cross Season",49,"Ryan' against  Richie",1.00,"4 games",false
"Worst Enemies (Lowest Avg Score vs Opponent)","Rivalries","Cross Season",49,"Ryan' against  Rachel F",1.00,"7 games",false
"Worst Enemies (Lowest Avg Score vs Opponent)","Rivalries","Cross Season",49,"Luke' against  Richie",1.00,"3 games",false
"Worst Enemies (Lowest Avg Score vs Opponent)","Rivalries","Cross Season",49,"Allie' against  Luke",1.00,"3 games",false
"Worst Enemies (Lowest Avg Score vs Opponent)","Rivalries","Cross Season",49,"Luke' against  Allie",1.00,"3 games",false
"Worst Enemies (Lowest Avg Score vs Opponent)","Rivalries","Cross Season",49,"Ryan' against  Luke",1.00,"3 games",false
"Worst Enemies (Lowest Avg Score vs Opponent)","Rivalries","Cross Season",49,"Tyler' against  Dan",1.00,"6 games",false
"Worst Enemies (Lowest Avg Score vs Opponent)","Rivalries","Cross Season",49,"Tyler' against  Jack M",1.00,"4 games",false
"Worst Enemies (Lowest Avg Score vs Opponent)","Rivalries","Cross Season",49,"Jack M' against  Tyler",1.00,"4 games",false
"Worst Enemies (Lowest Avg Score vs Opponent)","Rivalries","Cross Season",49,"Luke' against  Tyler",1.00,"3 games",false
"Worst Enemies (Lowest Avg Score vs Opponent)","Rivalries","Cross Season",49,"Carly' against  Nick",1.00,"5 games",false
"Worst Enemies (Lowest Avg Score vs Opponent)","Rivalries","Cross Season",49,"Jack M' against  Rachel M",1.00,"5 games",false
"Worst Enemies (Lowest Avg Score vs Opponent)","Rivalries","Cross Season",49,"Tyler' against  Cody",1.00,"5 games",false
"Worst Enemies (Lowest Avg Score vs Opponent)","Rivalries","Cross Season",49,"Emma' against  Jack M",1.00,"5 games",false
"Worst Enemies (Lowest Avg Score vs Opponent)","Rivalries","Cross Season",49,"Nick' against  Steve",1.00,"3 games",false
"Worst Enemies (Lowest Avg Score vs Opponent)","Rivalries","Cross Season",49,"Steve' against  Nick",1.00,"3 games",false
"Worst Enemies (Lowest Avg Score vs Opponent)","Rivalries","Cross Season",49,"Steve' against  Ian",1.00,"4 games",false
"Worst Enemies (Lowest Avg Score vs Opponent)","Rivalries","Cross Season",49,"Rachel M' against  Ian",1.00,"3 games",false
"Worst Enemies (Lowest Avg Score vs Opponent)","Rivalries","Cross Season",49,"Carly' against  Emma",1.00,"4 games",false
"Worst Enemies (Lowest Avg Score vs Opponent)","Rivalries","Cross Season",49,"Emma' against  Carly",1.00,"4 games",false
"Worst Enemies (Lowest Avg Score vs Opponent)","Rivalries","Cross Season",49,"Sam' against  Richie",1.00,"4 games",false
"Worst Enemies (Lowest Avg Score vs Opponent)","Rivalries","Cross Season",49,"Sam' against  Emma",1.00,"3 games",false
"Worst Enemies (Lowest Avg Score vs Opponent)","Rivalries","Cross Season",49,"Carly' against  Jack M",1.00,"3 games",false
"Worst Enemies (Lowest Avg Score vs Opponent)","Rivalries","Cross Season",49,"Ryan' against  Ian",1.00,"4 games",false
"Worst Enemies (Lowest Avg Score vs Opponent)","Rivalries","Cross Season",49,"Dan' against  Ian",1.00,"3 games",false
"Worst Enemies (Lowest Avg Score vs Opponent)","Rivalries","Cross Season",49,"Jack C' against  Steve",1.00,"3 games",false
"Worst Enemies (Lowest Avg Score vs Opponent)","Rivalries","Cross Season",49,"Brittany' against  Richie",1.00,"3 games",false
"Worst Enemies (Lowest Avg Score vs Opponent)","Rivalries","Cross Season",49,"Rachel M' against  Carly",1.00,"3 games",false
"Worst Enemies (Lowest Avg Score vs Opponent)","Rivalries","Cross Season",79,"Austin' against  Josh",1.13,"8 games",false
"Worst Enemies (Lowest Avg Score vs Opponent)","Rivalries","Cross Season",80,"Rachel F' against  Nick",1.14,"7 games",false
"Worst Enemies (Lowest Avg Score vs Opponent)","Rivalries","Cross Season",81,"Dan' against  Tyler",1.17,"6 games",false
"Worst Enemies (Lowest Avg Score vs Opponent)","Rivalries","Cross Season",82,"Richie' against  Rachel F",1.20,"5 games",false
"Worst Enemies (Lowest Avg Score vs Opponent)","Rivalries","Cross Season",82,"Rachel F' against  Austin",1.20,"5 games",false
"Worst Enemies (Lowest Avg Score vs Opponent)","Rivalries","Cross Season",82,"Becca' against  Ashley",1.20,"5 games",false
"Worst Enemies (Lowest Avg Score vs Opponent)","Rivalries","Cross Season",82,"Dan' against  Ashley",1.20,"5 games",false
"Worst Enemies (Lowest Avg Score vs Opponent)","Rivalries","Cross Season",82,"Josh' against  Michael",1.20,"5 games",false
"Worst Enemies (Lowest Avg Score vs Opponent)","Rivalries","Cross Season",82,"Allie' against  Carly",1.20,"5 games",false
"Worst Enemies (Lowest Avg Score vs Opponent)","Rivalries","Cross Season",82,"Steve' against  Ryan",1.20,"5 games",false
"Worst Enemies (Lowest Avg Score vs Opponent)","Rivalries","Cross Season",82,"Dan' against  Steve",1.20,"5 games",false
"Worst Enemies (Lowest Avg Score vs Opponent)","Rivalries","Cross Season",82,"Sam' against  Cody",1.20,"5 games",false
"Worst Enemies (Lowest Avg Score vs Opponent)","Rivalries","Cross Season",91,"Luke' against  Josh",1.25,"4 games",false
"Worst Enemies (Lowest Avg Score vs Opponent)","Rivalries","Cross Season",91,"Josh' against  Luke",1.25,"4 games",false
"Worst Enemies (Lowest Avg Score vs Opponent)","Rivalries","Cross Season",91,"Josh' against  Austin",1.25,"8 games",false
"Worst Enemies (Lowest Avg Score vs Opponent)","Rivalries","Cross Season",91,"Rachel F' against  Josh",1.25,"8 games",false
"Worst Enemies (Lowest Avg Score vs Opponent)","Rivalries","Cross Season",91,"Ashley' against  Nick",1.25,"4 games",false
"Worst Enemies (Lowest Avg Score vs Opponent)","Rivalries","Cross Season",91,"Dan' against  Luke",1.25,"4 games",false
"Worst Enemies (Lowest Avg Score vs Opponent)","Rivalries","Cross Season",91,"Dan' against  Allie",1.25,"4 games",false
"Worst Enemies (Lowest Avg Score vs Opponent)","Rivalries","Cross Season",91,"Austin' against  Jack M",1.25,"4 games",false
"Worst Enemies (Lowest Avg Score vs Opponent)","Rivalries","Cross Season",91,"Jack M' against  Austin",1.25,"4 games",false
"Worst Enemies (Lowest Avg Score vs Opponent)","Rivalries","Cross Season",91,"Steve' against  Tyler",1.25,"4 games",false
"Worst Enemies (Lowest Avg Score vs Opponent)","Rivalries","Cross Season",91,"Ian' against  Steve",1.25,"4 games",false
"Worst Enemies (Lowest Avg Score vs Opponent)","Rivalries","Cross Season",102,"Dan' against  Ryan",1.29,"7 games",false
"Worst Enemies (Lowest Avg Score vs Opponent)","Rivalries","Cross Season",102,"Richie' against  Dan",1.29,"7 games",false
"Worst Enemies (Lowest Avg Score vs Opponent)","Rivalries","Cross Season",102,"Josh' against  Richie",1.29,"7 games",false
"Worst Enemies (Lowest Avg Score vs Opponent)","Rivalries","Cross Season",102,"Carly' against  Austin",1.29,"7 games",false
"Worst Enemies (Lowest Avg Score vs Opponent)","Rivalries","Cross Season",106,"Ryan' against  Michael",1.33,"6 games",false
"Worst Enemies (Lowest Avg Score vs Opponent)","Rivalries","Cross Season",106,"Michael' against  Nick",1.33,"6 games",false
"Worst Enemies (Lowest Avg Score vs Opponent)","Rivalries","Cross Season",106,"Ashley' against  Josh",1.33,"3 games",false
"Worst Enemies (Lowest Avg Score vs Opponent)","Rivalries","Cross Season",106,"Luke' against  Ryan",1.33,"3 games",false
"Worst Enemies (Lowest Avg Score vs Opponent)","Rivalries","Cross Season",106,"Tyler' against  Luke",1.33,"3 games",false
"Worst Enemies (Lowest Avg Score vs Opponent)","Rivalries","Cross Season",106,"Carly' against  Steve",1.33,"3 games",false
"Worst Enemies (Lowest Avg Score vs Opponent)","Rivalries","Cross Season",106,"Emma' against  Rachel F",1.33,"3 games",false
"Worst Enemies (Lowest Avg Score vs Opponent)","Rivalries","Cross Season",106,"Steve' against  Jack C",1.33,"3 games",false
"Worst Enemies (Lowest Avg Score vs Opponent)","Rivalries","Cross Season",106,"Ian' against  Nick",1.33,"3 games",false
"Worst Enemies (Lowest Avg Score vs Opponent)","Rivalries","Cross Season",106,"Ian' against  Ashley",1.33,"3 games",false
"Worst Enemies (Lowest Avg Score vs Opponent)","Rivalries","Cross Season",106,"Jack C' against  Ian",1.33,"3 games",false
"Worst Enemies (Lowest Avg Score vs Opponent)","Rivalries","Cross Season",106,"Carly' against  Rachel M",1.33,"3 games",false
"Worst Enemies (Lowest Avg Score vs Opponent)","Rivalries","Cross Season",106,"Dan' against  Jack C",1.33,"3 games",false
"Worst Enemies (Lowest Avg Score vs Opponent)","Rivalries","Cross Season",119,"Ashley' against  Michael",1.38,"8 games",false
"Worst Enemies (Lowest Avg Score vs Opponent)","Rivalries","Cross Season",119,"Josh' against  Rachel F",1.38,"8 games",false
"Worst Enemies (Lowest Avg Score vs Opponent)","Rivalries","Cross Season",121,"Dan' against  Josh",1.40,"5 games",false
"Worst Enemies (Lowest Avg Score vs Opponent)","Rivalries","Cross Season",121,"Ashley' against  Becca",1.40,"5 games",false
"Worst Enemies (Lowest Avg Score vs Opponent)","Rivalries","Cross Season",121,"Michael' against  Richie",1.40,"5 games",false
"Worst Enemies (Lowest Avg Score vs Opponent)","Rivalries","Cross Season",121,"Richie' against  Ashley",1.40,"5 games",false
"Worst Enemies (Lowest Avg Score vs Opponent)","Rivalries","Cross Season",121,"Rachel M' against  Richie",1.40,"5 games",false
"Worst Enemies (Lowest Avg Score vs Opponent)","Rivalries","Cross Season",121,"Steve' against  Dan",1.40,"5 games",false
"Worst Enemies (Lowest Avg Score vs Opponent)","Rivalries","Cross Season",121,"Jack M' against  Rachel F",1.40,"5 games",false
"Worst Enemies (Lowest Avg Score vs Opponent)","Rivalries","Cross Season",121,"Rachel F' against  Tyler",1.40,"5 games",false
"Worst Enemies (Lowest Avg Score vs Opponent)","Rivalries","Cross Season",121,"Sam' against  Austin",1.40,"5 games",false
"Worst Enemies (Lowest Avg Score vs Opponent)","Rivalries","Cross Season",130,"Rachel F' against  Ryan",1.43,"7 games",false
"Worst Enemies (Lowest Avg Score vs Opponent)","Rivalries","Cross Season",130,"Dan' against  Richie",1.43,"7 games",false
"Worst Enemies (Lowest Avg Score vs Opponent)","Rivalries","Cross Season",132,"Tyler' against  Steve",1.50,"4 games",false
"Worst Enemies (Lowest Avg Score vs Opponent)","Rivalries","Cross Season",132,"Tyler' against  Richie",1.50,"4 games",false
"Worst Enemies (Lowest Avg Score vs Opponent)","Rivalries","Cross Season",132,"Ryan' against  Allie",1.50,"4 games",false
"Worst Enemies (Lowest Avg Score vs Opponent)","Rivalries","Cross Season",132,"Ian' against  Josh",1.50,"4 games",false
"Worst Enemies (Lowest Avg Score vs Opponent)","Rivalries","Cross Season",136,"Ashley' against  Rachel F",1.56,"9 games",false
"Worst Enemies (Lowest Avg Score vs Opponent)","Rivalries","Cross Season",137,"Rachel M' against  Ashley",1.57,"7 games",false
"Worst Enemies (Lowest Avg Score vs Opponent)","Rivalries","Cross Season",138,"Richie' against  Michael",1.60,"5 games",false
"Worst Enemies (Lowest Avg Score vs Opponent)","Rivalries","Cross Season",138,"Ashley' against  Carly",1.60,"5 games",false
"Worst Enemies (Lowest Avg Score vs Opponent)","Rivalries","Cross Season",138,"Carly' against  Ashley",1.60,"5 games",false
"Worst Enemies (Lowest Avg Score vs Opponent)","Rivalries","Cross Season",138,"Carly' against  Rachel F",1.60,"5 games",false
"Worst Enemies (Lowest Avg Score vs Opponent)","Rivalries","Cross Season",138,"Rachel F' against  Jack M",1.60,"5 games",false
"Worst Enemies (Lowest Avg Score vs Opponent)","Rivalries","Cross Season",138,"Jack M' against  Emma",1.60,"5 games",false
"Worst Enemies (Lowest Avg Score vs Opponent)","Rivalries","Cross Season",144,"Austin' against  Michael",1.67,"6 games",false
"Worst Enemies (Lowest Avg Score vs Opponent)","Rivalries","Cross Season",144,"Josh' against  Ashley",1.67,"3 games",false
"Worst Enemies (Lowest Avg Score vs Opponent)","Rivalries","Cross Season",144,"Josh' against  Carly",1.67,"3 games",false
"Worst Enemies (Lowest Avg Score vs Opponent)","Rivalries","Cross Season",144,"Tyler' against  Josh",1.67,"3 games",false
"Worst Enemies (Lowest Avg Score vs Opponent)","Rivalries","Cross Season",144,"Josh' against  Tyler",1.67,"3 games",false
"Worst Enemies (Lowest Avg Score vs Opponent)","Rivalries","Cross Season",144,"Nick' against  Rachel M",1.67,"3 games",false
"Worst Enemies (Lowest Avg Score vs Opponent)","Rivalries","Cross Season",144,"Dan' against  Carly",1.67,"3 games",false
"Worst Enemies (Lowest Avg Score vs Opponent)","Rivalries","Cross Season",144,"Cody' against  Richie",1.67,"3 games",false
"Worst Enemies (Lowest Avg Score vs Opponent)","Rivalries","Cross Season",144,"Sam' against  Steve",1.67,"3 games",false
"Worst Enemies (Lowest Avg Score vs Opponent)","Rivalries","Cross Season",144,"Cody' against  Josh",1.67,"3 games",false
"Worst Enemies (Lowest Avg Score vs Opponent)","Rivalries","Cross Season",144,"Emma' against  Steve",1.67,"3 games",false
"Worst Enemies (Lowest Avg Score vs Opponent)","Rivalries","Cross Season",144,"Rachel F' against  Cody",1.67,"3 games",false
"Worst Enemies (Lowest Avg Score vs Opponent)","Rivalries","Cross Season",144,"Rachel F' against  Emma",1.67,"3 games",false
"Worst Enemies (Lowest Avg Score vs Opponent)","Rivalries","Cross Season",157,"Jack M' against  Michael",1.71,"7 games",false
"Worst Enemies (Lowest Avg Score vs Opponent)","Rivalries","Cross Season",158,"Ashley' against  Ryan",1.75,"4 games",false
"Worst Enemies (Lowest Avg Score vs Opponent)","Rivalries","Cross Season",158,"Jack M' against  Dan",1.75,"4 games",false
"Worst Enemies (Lowest Avg Score vs Opponent)","Rivalries","Cross Season",158,"Tyler' against  Michael",1.75,"4 games",false
"Worst Enemies (Lowest Avg Score vs Opponent)","Rivalries","Cross Season",158,"Josh' against  Sam",1.75,"4 games",false
"Worst Enemies (Lowest Avg Score vs Opponent)","Rivalries","Cross Season",158,"Richie' against  Sam",1.75,"4 games",false
"Worst Enemies (Lowest Avg Score vs Opponent)","Rivalries","Cross Season",158,"Ian' against  Ryan",1.75,"4 games",false
"Worst Enemies (Lowest Avg Score vs Opponent)","Rivalries","Cross Season",158,"Jack C' against  Richie",1.75,"4 games",false
"Worst Enemies (Lowest Avg Score vs Opponent)","Rivalries","Cross Season",158,"Brittany' against  Rachel F",1.75,"4 games",false
"Worst Enemies (Lowest Avg Score vs Opponent)","Rivalries","Cross Season",166,"Richie' against  Nick",1.80,"5 games",false
"Worst Enemies (Lowest Avg Score vs Opponent)","Rivalries","Cross Season",166,"Ashley' against  Dan",1.80,"5 games",false
"Worst Enemies (Lowest Avg Score vs Opponent)","Rivalries","Cross Season",166,"Ryan' against  Steve",1.80,"5 games",false
"Worst Enemies (Lowest Avg Score vs Opponent)","Rivalries","Cross Season",166,"Nick' against  Carly",1.80,"5 games",false
"Worst Enemies (Lowest Avg Score vs Opponent)","Rivalries","Cross Season",166,"Cody' against  Tyler",1.80,"5 games",false
"Worst Enemies (Lowest Avg Score vs Opponent)","Rivalries","Cross Season",166,"Austin' against  Sam",1.80,"5 games",false
"Worst Enemies (Lowest Avg Score vs Opponent)","Rivalries","Cross Season",166,"Richie' against  Emma",1.80,"5 games",false
"Worst Enemies (Lowest Avg Score vs Opponent)","Rivalries","Cross Season",166,"Cody' against  Carly",1.80,"5 games",false
"Worst Enemies (Lowest Avg Score vs Opponent)","Rivalries","Cross Season",174,"Nick' against  Ryan",1.83,"6 games",false
"Worst Enemies (Lowest Avg Score vs Opponent)","Rivalries","Cross Season",174,"Ryan' against  Nick",1.83,"6 games",false
"Worst Enemies (Lowest Avg Score vs Opponent)","Rivalries","Cross Season",176,"Michael' against  Jack M",1.86,"7 games",false
"Worst Enemies (Lowest Avg Score vs Opponent)","Rivalries","Cross Season",176,"Ashley' against  Rachel M",1.86,"7 games",false
"Worst Enemies (Lowest Avg Score vs Opponent)","Rivalries","Cross Season",178,"Nick' against  Austin",2.00,"5 games",false
"Worst Enemies (Lowest Avg Score vs Opponent)","Rivalries","Cross Season",178,"Austin' against  Richie",2.00,"4 games",false
"Worst Enemies (Lowest Avg Score vs Opponent)","Rivalries","Cross Season",178,"Austin' against  Rachel F",2.00,"5 games",false
"Worst Enemies (Lowest Avg Score vs Opponent)","Rivalries","Cross Season",178,"Rachel F' against  Richie",2.00,"5 games",false
"Worst Enemies (Lowest Avg Score vs Opponent)","Rivalries","Cross Season",178,"Michael' against  Luke",2.00,"3 games",false
"Worst Enemies (Lowest Avg Score vs Opponent)","Rivalries","Cross Season",178,"Michael' against  Ryan",2.00,"6 games",false
"Worst Enemies (Lowest Avg Score vs Opponent)","Rivalries","Cross Season",178,"Richie' against  Luke",2.00,"3 games",false
"Worst Enemies (Lowest Avg Score vs Opponent)","Rivalries","Cross Season",178,"Richie' against  Josh",2.00,"7 games",false
"Worst Enemies (Lowest Avg Score vs Opponent)","Rivalries","Cross Season",178,"Luke' against  Dan",2.00,"4 games",false
"Worst Enemies (Lowest Avg Score vs Opponent)","Rivalries","Cross Season",178,"Austin' against  Allie",2.00,"5 games",false
"Worst Enemies (Lowest Avg Score vs Opponent)","Rivalries","Cross Season",178,"Michael' against  Austin",2.00,"6 games",false
"Worst Enemies (Lowest Avg Score vs Opponent)","Rivalries","Cross Season",178,"Nick' against  Michael",2.00,"6 games",false
"Worst Enemies (Lowest Avg Score vs Opponent)","Rivalries","Cross Season",178,"Nick' against  Allie",2.00,"4 games",false
"Worst Enemies (Lowest Avg Score vs Opponent)","Rivalries","Cross Season",178,"Michael' against  Josh",2.00,"5 games",false
"Worst Enemies (Lowest Avg Score vs Opponent)","Rivalries","Cross Season",178,"Austin' against  Ryan",2.00,"3 games",false
"Worst Enemies (Lowest Avg Score vs Opponent)","Rivalries","Cross Season",178,"Austin' against  Dan",2.00,"8 games",false
"Worst Enemies (Lowest Avg Score vs Opponent)","Rivalries","Cross Season",178,"Ashley' against  Allie",2.00,"3 games",false
"Worst Enemies (Lowest Avg Score vs Opponent)","Rivalries","Cross Season",178,"Rachel F' against  Carly",2.00,"5 games",false
"Worst Enemies (Lowest Avg Score vs Opponent)","Rivalries","Cross Season",178,"Carly' against  Allie",2.00,"5 games",false
"Worst Enemies (Lowest Avg Score vs Opponent)","Rivalries","Cross Season",178,"Austin' against  Tyler",2.00,"5 games",false
"Worst Enemies (Lowest Avg Score vs Opponent)","Rivalries","Cross Season",178,"Dan' against  Jack M",2.00,"4 games",false
"Worst Enemies (Lowest Avg Score vs Opponent)","Rivalries","Cross Season",178,"Rachel M' against  Steve",2.00,"8 games",false
"Worst Enemies (Lowest Avg Score vs Opponent)","Rivalries","Cross Season",178,"Rachel M' against  Austin",2.00,"4 games",false
"Worst Enemies (Lowest Avg Score vs Opponent)","Rivalries","Cross Season",178,"Richie' against  Rachel M",2.00,"5 games",false
"Worst Enemies (Lowest Avg Score vs Opponent)","Rivalries","Cross Season",178,"Carly' against  Josh",2.00,"3 games",false
"Worst Enemies (Lowest Avg Score vs Opponent)","Rivalries","Cross Season",178,"Nick' against  Josh",2.00,"5 games",false
"Worst Enemies (Lowest Avg Score vs Opponent)","Rivalries","Cross Season",178,"Jack M' against  Nick",2.00,"5 games",false
"Worst Enemies (Lowest Avg Score vs Opponent)","Rivalries","Cross Season",178,"Rachel M' against  Jack M",2.00,"5 games",false
"Worst Enemies (Lowest Avg Score vs Opponent)","Rivalries","Cross Season",178,"Rachel F' against  Dan",2.00,"4 games",false
"Worst Enemies (Lowest Avg Score vs Opponent)","Rivalries","Cross Season",178,"Michael' against  Tyler",2.00,"4 games",false
"Worst Enemies (Lowest Avg Score vs Opponent)","Rivalries","Cross Season",178,"Jack M' against  Steve",2.00,"3 games",false
"Worst Enemies (Lowest Avg Score vs Opponent)","Rivalries","Cross Season",178,"Richie' against  Cody",2.00,"3 games",false
"Worst Enemies (Lowest Avg Score vs Opponent)","Rivalries","Cross Season",178,"Jack M' against  Ian",2.00,"3 games",false
"Worst Enemies (Lowest Avg Score vs Opponent)","Rivalries","Cross Season",178,"Jack M' against  Sam",2.00,"3 games",false
"Worst Enemies (Lowest Avg Score vs Opponent)","Rivalries","Cross Season",178,"Tyler' against  Ryan",2.00,"3 games",false
"Worst Enemies (Lowest Avg Score vs Opponent)","Rivalries","Cross Season",178,"Ryan' against  Tyler",2.00,"3 games",false
"Worst Enemies (Lowest Avg Score vs Opponent)","Rivalries","Cross Season",178,"Josh' against  Jack M",2.00,"3 games",false
"Worst Enemies (Lowest Avg Score vs Opponent)","Rivalries","Cross Season",178,"Rachel M' against  Sam",2.00,"4 games",false
"Worst Enemies (Lowest Avg Score vs Opponent)","Rivalries","Cross Season",178,"Ian' against  Richie",2.00,"3 games",false
"Worst Enemies (Lowest Avg Score vs Opponent)","Rivalries","Cross Season",178,"Cody' against  Rachel F",2.00,"3 games",false
"Worst Enemies (Lowest Avg Score vs Opponent)","Rivalries","Cross Season",178,"Sam' against  Josh",2.00,"4 games",false
"Worst Enemies (Lowest Avg Score vs Opponent)","Rivalries","Cross Season",178,"Cody' against  Sam",2.00,"5 games",false
"Worst Enemies (Lowest Avg Score vs Opponent)","Rivalries","Cross Season",178,"Jack M' against  Carly",2.00,"3 games",false
"Worst Enemies (Lowest Avg Score vs Opponent)","Rivalries","Cross Season",178,"Ian' against  Tyler",2.00,"3 games",false
"Worst Enemies (Lowest Avg Score vs Opponent)","Rivalries","Cross Season",178,"Richie' against  Jack C",2.00,"4 games",false
"Worst Enemies (Lowest Avg Score vs Opponent)","Rivalries","Cross Season",178,"Cody' against  Nick",2.00,"3 games",false
"Worst Enemies (Lowest Avg Score vs Opponent)","Rivalries","Cross Season",178,"Nick' against  Cody",2.00,"3 games",false
"Worst Enemies (Lowest Avg Score vs Opponent)","Rivalries","Cross Season",178,"Austin' against  Emma",2.00,"3 games",false
"Worst Enemies (Lowest Avg Score vs Opponent)","Rivalries","Cross Season",178,"Ian' against  Jack C",2.00,"3 games",false
"Worst Enemies (Lowest Avg Score vs Opponent)","Rivalries","Cross Season",178,"Jack C' against  Dan",2.00,"3 games",false
"Worst Enemies (Lowest Avg Score vs Opponent)","Rivalries","Cross Season",228,"Michael' against  Ashley",2.13,"8 games",false
"Worst Enemies (Lowest Avg Score vs Opponent)","Rivalries","Cross Season",228,"Dan' against  Austin",2.13,"8 games",false
"Worst Enemies (Lowest Avg Score vs Opponent)","Rivalries","Cross Season",230,"Austin' against  Carly",2.14,"7 games",false
"Worst Enemies (Lowest Avg Score vs Opponent)","Rivalries","Cross Season",231,"Michael' against  Rachel M",2.17,"6 games",false
"Worst Enemies (Lowest Avg Score vs Opponent)","Rivalries","Cross Season",231,"Ashley' against  Steve",2.17,"6 games",false
"Worst Enemies (Lowest Avg Score vs Opponent)","Rivalries","Cross Season",233,"Nick' against  Richie",2.20,"5 games",false
"Worst Enemies (Lowest Avg Score vs Opponent)","Rivalries","Cross Season",233,"Ashley' against  Richie",2.20,"5 games",false
"Worst Enemies (Lowest Avg Score vs Opponent)","Rivalries","Cross Season",235,"Nick' against  Ashley",2.25,"4 games",false
"Worst Enemies (Lowest Avg Score vs Opponent)","Rivalries","Cross Season",235,"Josh' against  Allie",2.25,"4 games",false
"Worst Enemies (Lowest Avg Score vs Opponent)","Rivalries","Cross Season",235,"Austin' against  Ashley",2.25,"4 games",false
"Worst Enemies (Lowest Avg Score vs Opponent)","Rivalries","Cross Season",235,"Rachel M' against  Emma",2.25,"4 games",false
"Worst Enemies (Lowest Avg Score vs Opponent)","Rivalries","Cross Season",235,"Josh' against  Ian",2.25,"4 games",false
"Worst Enemies (Lowest Avg Score vs Opponent)","Rivalries","Cross Season",235,"Sam' against  Rachel M",2.25,"4 games",false
"Worst Enemies (Lowest Avg Score vs Opponent)","Rivalries","Cross Season",235,"Rachel F' against  Brittany",2.25,"4 games",false
"Worst Enemies (Lowest Avg Score vs Opponent)","Rivalries","Cross Season",242,"Rachel F' against  Ashley",2.33,"9 games",false
"Worst Enemies (Lowest Avg Score vs Opponent)","Rivalries","Cross Season",242,"Rachel M' against  Josh",2.33,"3 games",false
"Worst Enemies (Lowest Avg Score vs Opponent)","Rivalries","Cross Season",242,"Rachel M' against  Michael",2.33,"6 games",false
"Worst Enemies (Lowest Avg Score vs Opponent)","Rivalries","Cross Season",242,"Rachel M' against  Nick",2.33,"3 games",false
"Worst Enemies (Lowest Avg Score vs Opponent)","Rivalries","Cross Season",242,"Rachel F' against  Steve",2.33,"3 games",false
"Worst Enemies (Lowest Avg Score vs Opponent)","Rivalries","Cross Season",242,"Sam' against  Jack M",2.33,"3 games",false
"Worst Enemies (Lowest Avg Score vs Opponent)","Rivalries","Cross Season",242,"Jack M' against  Josh",2.33,"3 games",false
"Worst Enemies (Lowest Avg Score vs Opponent)","Rivalries","Cross Season",242,"Ashley' against  Ian",2.33,"3 games",false
"Worst Enemies (Lowest Avg Score vs Opponent)","Rivalries","Cross Season",242,"Richie' against  Brittany",2.33,"3 games",false
"Worst Enemies (Lowest Avg Score vs Opponent)","Rivalries","Cross Season",242,"Nick' against  Tyler",2.33,"3 games",false
"Worst Enemies (Lowest Avg Score vs Opponent)","Rivalries","Cross Season",252,"Austin' against  Nick",2.40,"5 games",false
"Worst Enemies (Lowest Avg Score vs Opponent)","Rivalries","Cross Season",252,"Michael' against  Steve",2.40,"5 games",false
"Worst Enemies (Lowest Avg Score vs Opponent)","Rivalries","Cross Season",252,"Michael' against  Carly",2.40,"5 games",false
"Worst Enemies (Lowest Avg Score vs Opponent)","Rivalries","Cross Season",255,"Nick' against  Rachel F",2.43,"7 games",false
"Worst Enemies (Lowest Avg Score vs Opponent)","Rivalries","Cross Season",256,"Richie' against  Ryan",2.50,"4 games",false
"Worst Enemies (Lowest Avg Score vs Opponent)","Rivalries","Cross Season",256,"Austin' against  Rachel M",2.50,"4 games",false
"Worst Enemies (Lowest Avg Score vs Opponent)","Rivalries","Cross Season",256,"Richie' against  Tyler",2.50,"4 games",false
"Worst Enemies (Lowest Avg Score vs Opponent)","Rivalries","Cross Season",259,"Rachel M' against  Ryan",2.60,"5 games",false
"Worst Enemies (Lowest Avg Score vs Opponent)","Rivalries","Cross Season",259,"Michael' against  Emma",2.60,"5 games",false
"Worst Enemies (Lowest Avg Score vs Opponent)","Rivalries","Cross Season",261,"Nick' against  Dan",2.63,"8 games",false
"Worst Enemies (Lowest Avg Score vs Opponent)","Rivalries","Cross Season",262,"Richie' against  Ian",2.67,"3 games",false
"Worst Enemies (Lowest Avg Score vs Opponent)","Rivalries","Cross Season",262,"Cody' against  Michael",2.67,"3 games",false
"Worst Enemies (Lowest Avg Score vs Opponent)","Rivalries","Cross Season",262,"Michael' against  Jack C",2.67,"3 games",false
"Worst Enemies (Lowest Avg Score vs Opponent)","Rivalries","Cross Season",265,"Nick' against  Jack M",2.80,"5 games",false
"Worst Enemies (Lowest Avg Score vs Opponent)","Rivalries","Cross Season",266,"Nick' against  Luke",3.00,"3 games",false
"Worst Enemies (Lowest Avg Score vs Opponent)","Rivalries","Cross Season",266,"Sam' against  Ian",3.00,"4 games",false
"Worst Enemies (Lowest Avg Score vs Opponent)","Rivalries","Cross Season",266,"Ian' against  Dan",3.00,"3 games",false
"Lowest Points to Qualify for Playoffs","Cutoffs","League Metrics",1,"Ryan",10,"2024",false
"Lowest Points to Qualify for Playoffs","Cutoffs","League Metrics",2,"Richie",11,"2022",false
"Lowest Points to Qualify for Playoffs","Cutoffs","League Metrics",2,"Ashley",11,"2025",false
"Lowest Points to Qualify for Playoffs","Cutoffs","League Metrics",4,"Rachel M",12,"2023",false
"Hardest Strength of Schedule (All-Time Avg Opponent Pts)","Difficulty","League Metrics",1,"Emma",1.607,"51 opps",false
"Hardest Strength of Schedule (All-Time Avg Opponent Pts)","Difficulty","League Metrics",2,"Becca",1.582,"18 opps",false
"Hardest Strength of Schedule (All-Time Avg Opponent Pts)","Difficulty","League Metrics",3,"Josh",1.548,"87 opps",false
"Hardest Strength of Schedule (All-Time Avg Opponent Pts)","Difficulty","League Metrics",4,"Allie",1.547,"48 opps",false
"Hardest Strength of Schedule (All-Time Avg Opponent Pts)","Difficulty","League Metrics",5,"Steve",1.535,"69 opps",false
"Hardest Strength of Schedule (All-Time Avg Opponent Pts)","Difficulty","League Metrics",6,"Sam",1.529,"51 opps",false
"Hardest Strength of Schedule (All-Time Avg Opponent Pts)","Difficulty","League Metrics",7,"Jack M",1.526,"69 opps",false
"Hardest Strength of Schedule (All-Time Avg Opponent Pts)","Difficulty","League Metrics",8,"Carly",1.517,"69 opps",false
"Hardest Strength of Schedule (All-Time Avg Opponent Pts)","Difficulty","League Metrics",9,"Tyler",1.514,"69 opps",false
"Hardest Strength of Schedule (All-Time Avg Opponent Pts)","Difficulty","League Metrics",10,"Ashley",1.493,"87 opps",false
"Hardest Strength of Schedule (All-Time Avg Opponent Pts)","Difficulty","League Metrics",11,"Jack C",1.489,"33 opps",false
"Hardest Strength of Schedule (All-Time Avg Opponent Pts)","Difficulty","League Metrics",12,"Ryan",1.487,"87 opps",false
"Hardest Strength of Schedule (All-Time Avg Opponent Pts)","Difficulty","League Metrics",12,"Brittany",1.487,"33 opps",false
"Hardest Strength of Schedule (All-Time Avg Opponent Pts)","Difficulty","League Metrics",14,"Cody",1.481,"51 opps",false
"Hardest Strength of Schedule (All-Time Avg Opponent Pts)","Difficulty","League Metrics",15,"Rachel M",1.474,"69 opps",false
"Hardest Strength of Schedule (All-Time Avg Opponent Pts)","Difficulty","League Metrics",16,"Richie",1.467,"87 opps",false
"Hardest Strength of Schedule (All-Time Avg Opponent Pts)","Difficulty","League Metrics",17,"Michael",1.462,"87 opps",false
"Hardest Strength of Schedule (All-Time Avg Opponent Pts)","Difficulty","League Metrics",17,"Dan",1.462,"87 opps",false
"Hardest Strength of Schedule (All-Time Avg Opponent Pts)","Difficulty","League Metrics",19,"Austin",1.460,"87 opps",false
"Hardest Strength of Schedule (All-Time Avg Opponent Pts)","Difficulty","League Metrics",20,"Rachel F",1.458,"87 opps",false
"Hardest Strength of Schedule (All-Time Avg Opponent Pts)","Difficulty","League Metrics",21,"Nick",1.456,"87 opps",false
"Hardest Strength of Schedule (All-Time Avg Opponent Pts)","Difficulty","League Metrics",22,"Ian",1.451,"51 opps",false
"Hardest Strength of Schedule (All-Time Avg Opponent Pts)","Difficulty","League Metrics",23,"Jennie",1.436,"18 opps",false
"Hardest Strength of Schedule (All-Time Avg Opponent Pts)","Difficulty","League Metrics",24,"Brian",1.414,"6 opps",false
"Hardest Strength of Schedule (All-Time Avg Opponent Pts)","Difficulty","League Metrics",25,"Luke",1.406,"36 opps",false
"Easiest Strength of Schedule (All-Time Avg Opponent Pts)","Difficulty","League Metrics",1,"Luke",1.406,"36 opps",false
"Easiest Strength of Schedule (All-Time Avg Opponent Pts)","Difficulty","League Metrics",2,"Brian",1.414,"6 opps",false
"Easiest Strength of Schedule (All-Time Avg Opponent Pts)","Difficulty","League Metrics",3,"Jennie",1.436,"18 opps",false
"Easiest Strength of Schedule (All-Time Avg Opponent Pts)","Difficulty","League Metrics",4,"Ian",1.451,"51 opps",false
"Easiest Strength of Schedule (All-Time Avg Opponent Pts)","Difficulty","League Metrics",5,"Nick",1.456,"87 opps",false
"Easiest Strength of Schedule (All-Time Avg Opponent Pts)","Difficulty","League Metrics",6,"Rachel F",1.458,"87 opps",false
"Easiest Strength of Schedule (All-Time Avg Opponent Pts)","Difficulty","League Metrics",7,"Austin",1.460,"87 opps",false
"Easiest Strength of Schedule (All-Time Avg Opponent Pts)","Difficulty","League Metrics",8,"Dan",1.462,"87 opps",false
"Easiest Strength of Schedule (All-Time Avg Opponent Pts)","Difficulty","League Metrics",8,"Michael",1.462,"87 opps",false
"Easiest Strength of Schedule (All-Time Avg Opponent Pts)","Difficulty","League Metrics",10,"Richie",1.467,"87 opps",false
"Easiest Strength of Schedule (All-Time Avg Opponent Pts)","Difficulty","League Metrics",11,"Rachel M",1.474,"69 opps",false
"Easiest Strength of Schedule (All-Time Avg Opponent Pts)","Difficulty","League Metrics",12,"Cody",1.481,"51 opps",false
"Easiest Strength of Schedule (All-Time Avg Opponent Pts)","Difficulty","League Metrics",13,"Brittany",1.487,"33 opps",false
"Easiest Strength of Schedule (All-Time Avg Opponent Pts)","Difficulty","League Metrics",13,"Ryan",1.487,"87 opps",false
"Easiest Strength of Schedule (All-Time Avg Opponent Pts)","Difficulty","League Metrics",15,"Jack C",1.489,"33 opps",false
"Easiest Strength of Schedule (All-Time Avg Opponent Pts)","Difficulty","League Metrics",16,"Ashley",1.493,"87 opps",false
"Easiest Strength of Schedule (All-Time Avg Opponent Pts)","Difficulty","League Metrics",17,"Tyler",1.514,"69 opps",false
"Easiest Strength of Schedule (All-Time Avg Opponent Pts)","Difficulty","League Metrics",18,"Carly",1.517,"69 opps",false
"Easiest Strength of Schedule (All-Time Avg Opponent Pts)","Difficulty","League Metrics",19,"Jack M",1.526,"69 opps",false
"Easiest Strength of Schedule (All-Time Avg Opponent Pts)","Difficulty","League Metrics",20,"Sam",1.529,"51 opps",false
"Easiest Strength of Schedule (All-Time Avg Opponent Pts)","Difficulty","League Metrics",21,"Steve",1.535,"69 opps",false
"Easiest Strength of Schedule (All-Time Avg Opponent Pts)","Difficulty","League Metrics",22,"Allie",1.547,"48 opps",false
"Easiest Strength of Schedule (All-Time Avg Opponent Pts)","Difficulty","League Metrics",23,"Josh",1.548,"87 opps",false
"Easiest Strength of Schedule (All-Time Avg Opponent Pts)","Difficulty","League Metrics",24,"Becca",1.582,"18 opps",false
"Easiest Strength of Schedule (All-Time Avg Opponent Pts)","Difficulty","League Metrics",25,"Emma",1.607,"51 opps",false
"Hardest Path to Playoffs (Single Season SoS)","Difficulty","League Metrics",1,"Rachel M",1.583,"2025",false
"Hardest Path to Playoffs (Single Season SoS)","Difficulty","League Metrics",2,"Michael",1.574,"2024",false
"Hardest Path to Playoffs (Single Season SoS)","Difficulty","League Metrics",3,"Sam",1.556,"2025",false
"Hardest Path to Playoffs (Single Season SoS)","Difficulty","League Metrics",4,"Rachel F",1.537,"2024",false
"Hardest Path to Playoffs (Single Season SoS)","Difficulty","League Metrics",5,"Richie",1.528,"2022",false
"Hardest Path to Playoffs (Single Season SoS)","Difficulty","League Metrics",5,"Cody",1.528,"2024",false
"Hardest Path to Playoffs (Single Season SoS)","Difficulty","League Metrics",7,"Nick",1.509,"2022",false
"Hardest Path to Playoffs (Single Season SoS)","Difficulty","League Metrics",8,"Nick",1.463,"2024",false
"Hardest Path to Playoffs (Single Season SoS)","Difficulty","League Metrics",8,"Michael",1.463,"2022",false
"Hardest Path to Playoffs (Single Season SoS)","Difficulty","League Metrics",10,"Luke",1.454,"2022",false
"Hardest Path to Playoffs (Single Season SoS)","Difficulty","League Metrics",10,"Austin",1.454,"2024",false
"Hardest Path to Playoffs (Single Season SoS)","Difficulty","League Metrics",10,"Carly",1.454,"2024",false
"Hardest Path to Playoffs (Single Season SoS)","Difficulty","League Metrics",13,"Rachel M",1.444,"2023",false
"Hardest Path to Playoffs (Single Season SoS)","Difficulty","League Metrics",14,"Michael",1.435,"2023",false
"Hardest Path to Playoffs (Single Season SoS)","Difficulty","League Metrics",14,"Ashley",1.435,"2025",false
"Hardest Path to Playoffs (Single Season SoS)","Difficulty","League Metrics",16,"Jack M",1.426,"2025",false
"Hardest Path to Playoffs (Single Season SoS)","Difficulty","League Metrics",17,"Michael",1.417,"2025",false
"Hardest Path to Playoffs (Single Season SoS)","Difficulty","League Metrics",18,"Richie",1.398,"2024",false
"Hardest Path to Playoffs (Single Season SoS)","Difficulty","League Metrics",19,"Ian",1.352,"2025",false
"Hardest Path to Playoffs (Single Season SoS)","Difficulty","League Metrics",20,"Richie",1.333,"2025",false
"Hardest Path to Playoffs (Single Season SoS)","Difficulty","League Metrics",21,"Dan",1.324,"2025",false
"Hardest Path to Playoffs (Single Season SoS)","Difficulty","League Metrics",22,"Nick",1.315,"2023",false
"Hardest Path to Playoffs (Single Season SoS)","Difficulty","League Metrics",22,"Austin",1.315,"2023",false
"Hardest Path to Playoffs (Single Season SoS)","Difficulty","League Metrics",24,"Ryan",1.185,"2024",false
"Worst Start (2 Games) to Make Playoffs","Comebacks","League Metrics",1,"Richie",2,"2022 - Final: 11",false
"Worst Start (2 Games) to Make Playoffs","Comebacks","League Metrics",2,"Michael",3,"2023 - Final: 13",false
"Worst Start (2 Games) to Make Playoffs","Comebacks","League Metrics",2,"Ryan",3,"2024 - Final: 10",false
"Worst Start (2 Games) to Make Playoffs","Comebacks","League Metrics",2,"Rachel F",3,"2024 - Final: 13",false
"Worst Start (2 Games) to Make Playoffs","Comebacks","League Metrics",5,"Cody",4,"2024 - Final: 13",false
"Worst Start (2 Games) to Make Playoffs","Comebacks","League Metrics",5,"Carly",4,"2024 - Final: 11",false
"Worst Start (2 Games) to Make Playoffs","Comebacks","League Metrics",5,"Nick",4,"2024 - Final: 13",false
"Worst Start (2 Games) to Make Playoffs","Comebacks","League Metrics",5,"Richie",4,"2025 - Final: 12",false
"Worst Start (2 Games) to Make Playoffs","Comebacks","League Metrics",5,"Rachel M",4,"2025 - Final: 14",false
"Worst Start (2 Games) to Make Playoffs","Comebacks","League Metrics",5,"Sam",4,"2025 - Final: 13",false
"Worst Start (2 Games) to Make Playoffs","Comebacks","League Metrics",5,"Dan",4,"2025 - Final: 11",false
"Worst Start (2 Games) to Make Playoffs","Comebacks","League Metrics",5,"Ian",4,"2025 - Final: 11",false
"Worst Start (2 Games) to Make Playoffs","Comebacks","League Metrics",13,"Luke",5,"2022 - Final: 11",false
"Worst Start (2 Games) to Make Playoffs","Comebacks","League Metrics",13,"Nick",5,"2023 - Final: 16",false
"Worst Start (2 Games) to Make Playoffs","Comebacks","League Metrics",13,"Rachel M",5,"2023 - Final: 12",false
"Worst Start (2 Games) to Make Playoffs","Comebacks","League Metrics",13,"Richie",5,"2024 - Final: 14",false
"Worst Start (2 Games) to Make Playoffs","Comebacks","League Metrics",13,"Jack M",5,"2025 - Final: 12",false
"Worst Start (2 Games) to Make Playoffs","Comebacks","League Metrics",18,"Nick",6,"2022 - Final: 14",false
"Worst Start (2 Games) to Make Playoffs","Comebacks","League Metrics",18,"Michael",6,"2022 - Final: 12",false
"Worst Start (2 Games) to Make Playoffs","Comebacks","League Metrics",18,"Austin",6,"2023 - Final: 13",false
"Worst Start (2 Games) to Make Playoffs","Comebacks","League Metrics",18,"Michael",6,"2024 - Final: 12",false
"Worst Start (2 Games) to Make Playoffs","Comebacks","League Metrics",18,"Austin",6,"2024 - Final: 12",false
"Worst Start (2 Games) to Make Playoffs","Comebacks","League Metrics",18,"Ashley",6,"2025 - Final: 11",false
"Worst Start (2 Games) to Make Playoffs","Comebacks","League Metrics",18,"Michael",6,"2025 - Final: 12",false
"Worst Start (3 Games) to Make Playoffs","Comebacks","League Metrics",1,"Dan",4,"2025 - Final: 11",false
"Worst Start (3 Games) to Make Playoffs","Comebacks","League Metrics",1,"Ian",4,"2025 - Final: 11",false
"Worst Start (3 Games) to Make Playoffs","Comebacks","League Metrics",3,"Richie",5,"2022 - Final: 11",false
"Worst Start (3 Games) to Make Playoffs","Comebacks","League Metrics",3,"Richie",5,"2024 - Final: 14",false
"Worst Start (3 Games) to Make Playoffs","Comebacks","League Metrics",3,"Cody",5,"2024 - Final: 13",false
"Worst Start (3 Games) to Make Playoffs","Comebacks","League Metrics",6,"Nick",6,"2022 - Final: 14",false
"Worst Start (3 Games) to Make Playoffs","Comebacks","League Metrics",6,"Michael",6,"2023 - Final: 13",false
"Worst Start (3 Games) to Make Playoffs","Comebacks","League Metrics",6,"Ryan",6,"2024 - Final: 10",false
"Worst Start (3 Games) to Make Playoffs","Comebacks","League Metrics",6,"Rachel F",6,"2024 - Final: 13",false
"Worst Start (3 Games) to Make Playoffs","Comebacks","League Metrics",6,"Nick",6,"2024 - Final: 13",false
"Worst Start (3 Games) to Make Playoffs","Comebacks","League Metrics",6,"Richie",6,"2025 - Final: 12",false
"Worst Start (3 Games) to Make Playoffs","Comebacks","League Metrics",12,"Luke",7,"2022 - Final: 11",false
"Worst Start (3 Games) to Make Playoffs","Comebacks","League Metrics",12,"Rachel M",7,"2023 - Final: 12",false
"Worst Start (3 Games) to Make Playoffs","Comebacks","League Metrics",12,"Michael",7,"2024 - Final: 12",false
"Worst Start (3 Games) to Make Playoffs","Comebacks","League Metrics",12,"Carly",7,"2024 - Final: 11",false
"Worst Start (3 Games) to Make Playoffs","Comebacks","League Metrics",12,"Rachel M",7,"2025 - Final: 14",false
"Worst Start (3 Games) to Make Playoffs","Comebacks","League Metrics",12,"Sam",7,"2025 - Final: 13",false
"Worst Start (3 Games) to Make Playoffs","Comebacks","League Metrics",12,"Jack M",7,"2025 - Final: 12",false
"Worst Start (3 Games) to Make Playoffs","Comebacks","League Metrics",12,"Michael",7,"2025 - Final: 12",false
"Worst Start (3 Games) to Make Playoffs","Comebacks","League Metrics",20,"Michael",8,"2022 - Final: 12",false
"Worst Start (3 Games) to Make Playoffs","Comebacks","League Metrics",20,"Nick",8,"2023 - Final: 16",false
"Worst Start (3 Games) to Make Playoffs","Comebacks","League Metrics",20,"Austin",8,"2024 - Final: 12",false
"Worst Start (3 Games) to Make Playoffs","Comebacks","League Metrics",20,"Ashley",8,"2025 - Final: 11",false
"Worst Start (3 Games) to Make Playoffs","Comebacks","League Metrics",24,"Austin",9,"2023 - Final: 13",false
"Worst Start (4 Games) to Make Playoffs","Comebacks","League Metrics",1,"Ian",5,"2025 - Final: 11",false
"Worst Start (4 Games) to Make Playoffs","Comebacks","League Metrics",2,"Richie",6,"2022 - Final: 11",false
"Worst Start (4 Games) to Make Playoffs","Comebacks","League Metrics",2,"Richie",6,"2025 - Final: 12",false
"Worst Start (4 Games) to Make Playoffs","Comebacks","League Metrics",4,"Luke",7,"2022 - Final: 11",false
"Worst Start (4 Games) to Make Playoffs","Comebacks","League Metrics",4,"Jack M",7,"2025 - Final: 12",false
"Worst Start (4 Games) to Make Playoffs","Comebacks","League Metrics",4,"Dan",7,"2025 - Final: 11",false
"Worst Start (4 Games) to Make Playoffs","Comebacks","League Metrics",7,"Michael",8,"2023 - Final: 13",false
"Worst Start (4 Games) to Make Playoffs","Comebacks","League Metrics",7,"Richie",8,"2024 - Final: 14",false
"Worst Start (4 Games) to Make Playoffs","Comebacks","League Metrics",7,"Cody",8,"2024 - Final: 13",false
"Worst Start (4 Games) to Make Playoffs","Comebacks","League Metrics",7,"Ryan",8,"2024 - Final: 10",false
"Worst Start (4 Games) to Make Playoffs","Comebacks","League Metrics",7,"Carly",8,"2024 - Final: 11",false
"Worst Start (4 Games) to Make Playoffs","Comebacks","League Metrics",7,"Rachel F",8,"2024 - Final: 13",false
"Worst Start (4 Games) to Make Playoffs","Comebacks","League Metrics",13,"Nick",9,"2022 - Final: 14",false
"Worst Start (4 Games) to Make Playoffs","Comebacks","League Metrics",13,"Austin",9,"2023 - Final: 13",false
"Worst Start (4 Games) to Make Playoffs","Comebacks","League Metrics",13,"Rachel M",9,"2023 - Final: 12",false
"Worst Start (4 Games) to Make Playoffs","Comebacks","League Metrics",13,"Michael",9,"2024 - Final: 12",false
"Worst Start (4 Games) to Make Playoffs","Comebacks","League Metrics",13,"Austin",9,"2024 - Final: 12",false
"Worst Start (4 Games) to Make Playoffs","Comebacks","League Metrics",13,"Nick",9,"2024 - Final: 13",false
"Worst Start (4 Games) to Make Playoffs","Comebacks","League Metrics",13,"Ashley",9,"2025 - Final: 11",false
"Worst Start (4 Games) to Make Playoffs","Comebacks","League Metrics",13,"Michael",9,"2025 - Final: 12",false
"Worst Start (4 Games) to Make Playoffs","Comebacks","League Metrics",21,"Rachel M",10,"2025 - Final: 14",false
"Worst Start (4 Games) to Make Playoffs","Comebacks","League Metrics",21,"Sam",10,"2025 - Final: 13",false
"Worst Start (4 Games) to Make Playoffs","Comebacks","League Metrics",23,"Michael",11,"2022 - Final: 12",false
"Worst Start (4 Games) to Make Playoffs","Comebacks","League Metrics",23,"Nick",11,"2023 - Final: 16",false
"Best Start (2 Games) to Miss Playoffs","Collapses","League Metrics",1,"Ashley",5,"2023 - Final: 10",false
"Best Start (2 Games) to Miss Playoffs","Collapses","League Metrics",2,"Luke",4,"2023 - Final: 7",false
"Best Start (2 Games) to Miss Playoffs","Collapses","League Metrics",2,"Rachel F",4,"2023 - Final: 9",false
"Best Start (2 Games) to Miss Playoffs","Collapses","League Metrics",2,"Steve",4,"2023 - Final: 8",false
"Best Start (2 Games) to Miss Playoffs","Collapses","League Metrics",2,"Rachel M",4,"2024 - Final: 10",false
"Best Start (2 Games) to Miss Playoffs","Collapses","League Metrics",2,"Ashley",4,"2024 - Final: 10",false
"Best Start (2 Games) to Miss Playoffs","Collapses","League Metrics",2,"Cody",4,"2025 - Final: 8",false
"Best Start (2 Games) to Miss Playoffs","Collapses","League Metrics",2,"Rachel F",4,"2025 - Final: 11",false
"Best Start (2 Games) to Miss Playoffs","Collapses","League Metrics",9,"Brian",3,"2022 - Final: 3",false
"Best Start (2 Games) to Miss Playoffs","Collapses","League Metrics",9,"Ryan",3,"2022 - Final: 9",false
"Best Start (2 Games) to Miss Playoffs","Collapses","League Metrics",9,"Austin",3,"2022 - Final: 9",false
"Best Start (2 Games) to Miss Playoffs","Collapses","League Metrics",9,"Carly",3,"2023 - Final: 8",false
"Best Start (2 Games) to Miss Playoffs","Collapses","League Metrics",9,"Jack M",3,"2024 - Final: 9",false
"Best Start (2 Games) to Miss Playoffs","Collapses","League Metrics",9,"Jennie",3,"2024 - Final: 7",false
"Best Start (2 Games) to Miss Playoffs","Collapses","League Metrics",9,"Sam",3,"2024 - Final: 9",false
"Best Start (2 Games) to Miss Playoffs","Collapses","League Metrics",9,"Brittany",3,"2025 - Final: 8",false
"Best Start (2 Games) to Miss Playoffs","Collapses","League Metrics",9,"Austin",3,"2025 - Final: 11",false
"Best Start (2 Games) to Miss Playoffs","Collapses","League Metrics",18,"Dan",2,"2022 - Final: 10",false
"Best Start (2 Games) to Miss Playoffs","Collapses","League Metrics",18,"Josh",2,"2022 - Final: 5",false
"Best Start (2 Games) to Miss Playoffs","Collapses","League Metrics",18,"Becca",2,"2022 - Final: 6",false
"Best Start (2 Games) to Miss Playoffs","Collapses","League Metrics",18,"Ashley",2,"2022 - Final: 7",false
"Best Start (2 Games) to Miss Playoffs","Collapses","League Metrics",18,"Richie",2,"2023 - Final: 10",false
"Best Start (2 Games) to Miss Playoffs","Collapses","League Metrics",18,"Dan",2,"2023 - Final: 4",false
"Best Start (2 Games) to Miss Playoffs","Collapses","League Metrics",18,"Ryan",2,"2023 - Final: 4",false
"Best Start (2 Games) to Miss Playoffs","Collapses","League Metrics",18,"Tyler",2,"2024 - Final: 7",false
"Best Start (2 Games) to Miss Playoffs","Collapses","League Metrics",18,"Josh",2,"2024 - Final: 9",false
"Best Start (2 Games) to Miss Playoffs","Collapses","League Metrics",18,"Josh",2,"2025 - Final: 5",false
"Best Start (2 Games) to Miss Playoffs","Collapses","League Metrics",18,"Jack C",2,"2025 - Final: 5",false
"Best Start (2 Games) to Miss Playoffs","Collapses","League Metrics",18,"Tyler",2,"2025 - Final: 9",false
"Best Start (2 Games) to Miss Playoffs","Collapses","League Metrics",30,"Allie",1,"2023 - Final: 3",false
"Best Start (2 Games) to Miss Playoffs","Collapses","League Metrics",30,"Tyler",1,"2023 - Final: 7",false
"Best Start (2 Games) to Miss Playoffs","Collapses","League Metrics",30,"Jack M",1,"2023 - Final: 7",false
"Best Start (2 Games) to Miss Playoffs","Collapses","League Metrics",30,"Allie",1,"2024 - Final: 5",false
"Best Start (2 Games) to Miss Playoffs","Collapses","League Metrics",30,"Dan",1,"2024 - Final: 7",false
"Best Start (2 Games) to Miss Playoffs","Collapses","League Metrics",30,"Ian",1,"2024 - Final: 5",false
"Best Start (2 Games) to Miss Playoffs","Collapses","League Metrics",30,"Steve",1,"2024 - Final: 1",false
"Best Start (2 Games) to Miss Playoffs","Collapses","League Metrics",30,"Ryan",1,"2025 - Final: 4",false
"Best Start (2 Games) to Miss Playoffs","Collapses","League Metrics",30,"Steve",1,"2025 - Final: 8",false
"Best Start (2 Games) to Miss Playoffs","Collapses","League Metrics",30,"Emma",1,"2025 - Final: 4",false
"Best Start (3 Games) to Miss Playoffs","Collapses","League Metrics",1,"Rachel F",7,"2025 - Final: 11",false
"Best Start (3 Games) to Miss Playoffs","Collapses","League Metrics",2,"Austin",6,"2022 - Final: 9",false
"Best Start (3 Games) to Miss Playoffs","Collapses","League Metrics",2,"Ashley",6,"2023 - Final: 10",false
"Best Start (3 Games) to Miss Playoffs","Collapses","League Metrics",2,"Jack M",6,"2024 - Final: 9",false
"Best Start (3 Games) to Miss Playoffs","Collapses","League Metrics",2,"Ashley",6,"2024 - Final: 10",false
"Best Start (3 Games) to Miss Playoffs","Collapses","League Metrics",2,"Sam",6,"2024 - Final: 9",false
"Best Start (3 Games) to Miss Playoffs","Collapses","League Metrics",7,"Carly",5,"2023 - Final: 8",false
"Best Start (3 Games) to Miss Playoffs","Collapses","League Metrics",7,"Rachel M",5,"2024 - Final: 10",false
"Best Start (3 Games) to Miss Playoffs","Collapses","League Metrics",7,"Cody",5,"2025 - Final: 8",false
"Best Start (3 Games) to Miss Playoffs","Collapses","League Metrics",7,"Austin",5,"2025 - Final: 11",false
"Best Start (3 Games) to Miss Playoffs","Collapses","League Metrics",11,"Ryan",4,"2022 - Final: 9",false
"Best Start (3 Games) to Miss Playoffs","Collapses","League Metrics",11,"Becca",4,"2022 - Final: 6",false
"Best Start (3 Games) to Miss Playoffs","Collapses","League Metrics",11,"Luke",4,"2023 - Final: 7",false
"Best Start (3 Games) to Miss Playoffs","Collapses","League Metrics",11,"Rachel F",4,"2023 - Final: 9",false
"Best Start (3 Games) to Miss Playoffs","Collapses","League Metrics",11,"Steve",4,"2023 - Final: 8",false
"Best Start (3 Games) to Miss Playoffs","Collapses","League Metrics",11,"Tyler",4,"2024 - Final: 7",false
"Best Start (3 Games) to Miss Playoffs","Collapses","League Metrics",11,"Steve",4,"2025 - Final: 8",false
"Best Start (3 Games) to Miss Playoffs","Collapses","League Metrics",11,"Brittany",4,"2025 - Final: 8",false
"Best Start (3 Games) to Miss Playoffs","Collapses","League Metrics",11,"Tyler",4,"2025 - Final: 9",false
"Best Start (3 Games) to Miss Playoffs","Collapses","League Metrics",20,"Brian",3,"2022 - Final: 3",false
"Best Start (3 Games) to Miss Playoffs","Collapses","League Metrics",20,"Dan",3,"2022 - Final: 10",false
"Best Start (3 Games) to Miss Playoffs","Collapses","League Metrics",20,"Rachel F",3,"2022 - Final: 7",false
"Best Start (3 Games) to Miss Playoffs","Collapses","League Metrics",20,"Richie",3,"2023 - Final: 10",false
"Best Start (3 Games) to Miss Playoffs","Collapses","League Metrics",20,"Dan",3,"2023 - Final: 4",false
"Best Start (3 Games) to Miss Playoffs","Collapses","League Metrics",20,"Tyler",3,"2023 - Final: 7",false
"Best Start (3 Games) to Miss Playoffs","Collapses","League Metrics",20,"Jack M",3,"2023 - Final: 7",false
"Best Start (3 Games) to Miss Playoffs","Collapses","League Metrics",20,"Josh",3,"2023 - Final: 7",false
"Best Start (3 Games) to Miss Playoffs","Collapses","League Metrics",20,"Ryan",3,"2023 - Final: 4",false
"Best Start (3 Games) to Miss Playoffs","Collapses","League Metrics",20,"Allie",3,"2024 - Final: 5",false
"Best Start (3 Games) to Miss Playoffs","Collapses","League Metrics",20,"Jennie",3,"2024 - Final: 7",false
"Best Start (3 Games) to Miss Playoffs","Collapses","League Metrics",20,"Jack C",3,"2025 - Final: 5",false
"Best Start (3 Games) to Miss Playoffs","Collapses","League Metrics",20,"Nick",3,"2025 - Final: 7",false
"Best Start (3 Games) to Miss Playoffs","Collapses","League Metrics",33,"Josh",2,"2022 - Final: 5",false
"Best Start (3 Games) to Miss Playoffs","Collapses","League Metrics",33,"Ashley",2,"2022 - Final: 7",false
"Best Start (3 Games) to Miss Playoffs","Collapses","League Metrics",33,"Dan",2,"2024 - Final: 7",false
"Best Start (3 Games) to Miss Playoffs","Collapses","League Metrics",33,"Josh",2,"2024 - Final: 9",false
"Best Start (3 Games) to Miss Playoffs","Collapses","League Metrics",33,"Josh",2,"2025 - Final: 5",false
"Best Start (3 Games) to Miss Playoffs","Collapses","League Metrics",38,"Allie",1,"2022 - Final: 4",false
"Best Start (3 Games) to Miss Playoffs","Collapses","League Metrics",38,"Allie",1,"2023 - Final: 3",false
"Best Start (3 Games) to Miss Playoffs","Collapses","League Metrics",38,"Emma",1,"2024 - Final: 5",false
"Best Start (3 Games) to Miss Playoffs","Collapses","League Metrics",38,"Ian",1,"2024 - Final: 5",false
"Best Start (3 Games) to Miss Playoffs","Collapses","League Metrics",38,"Steve",1,"2024 - Final: 1",false
"Best Start (3 Games) to Miss Playoffs","Collapses","League Metrics",38,"Ryan",1,"2025 - Final: 4",false
"Best Start (3 Games) to Miss Playoffs","Collapses","League Metrics",38,"Emma",1,"2025 - Final: 4",false
"Best Start (3 Games) to Miss Playoffs","Collapses","League Metrics",38,"Carly",1,"2025 - Final: 4",false
"Best Start (4 Games) to Miss Playoffs","Collapses","League Metrics",1,"Rachel F",9,"2025 - Final: 11",false
"Best Start (4 Games) to Miss Playoffs","Collapses","League Metrics",2,"Jack M",8,"2024 - Final: 9",false
"Best Start (4 Games) to Miss Playoffs","Collapses","League Metrics",3,"Austin",7,"2022 - Final: 9",false
"Best Start (4 Games) to Miss Playoffs","Collapses","League Metrics",3,"Luke",7,"2023 - Final: 7",false
"Best Start (4 Games) to Miss Playoffs","Collapses","League Metrics",3,"Rachel F",7,"2023 - Final: 9",false
"Best Start (4 Games) to Miss Playoffs","Collapses","League Metrics",3,"Sam",7,"2024 - Final: 9",false
"Best Start (4 Games) to Miss Playoffs","Collapses","League Metrics",3,"Austin",7,"2025 - Final: 11",false
"Best Start (4 Games) to Miss Playoffs","Collapses","League Metrics",8,"Ryan",6,"2022 - Final: 9",false
"Best Start (4 Games) to Miss Playoffs","Collapses","League Metrics",8,"Rachel F",6,"2022 - Final: 7",false
"Best Start (4 Games) to Miss Playoffs","Collapses","League Metrics",8,"Ashley",6,"2023 - Final: 10",false
"Best Start (4 Games) to Miss Playoffs","Collapses","League Metrics",8,"Tyler",6,"2023 - Final: 7",false
"Best Start (4 Games) to Miss Playoffs","Collapses","League Metrics",8,"Steve",6,"2023 - Final: 8",false
"Best Start (4 Games) to Miss Playoffs","Collapses","League Metrics",8,"Ashley",6,"2024 - Final: 10",false
"Best Start (4 Games) to Miss Playoffs","Collapses","League Metrics",8,"Steve",6,"2025 - Final: 8",false
"Best Start (4 Games) to Miss Playoffs","Collapses","League Metrics",8,"Tyler",6,"2025 - Final: 9",false
"Best Start (4 Games) to Miss Playoffs","Collapses","League Metrics",16,"Dan",5,"2022 - Final: 10",false
"Best Start (4 Games) to Miss Playoffs","Collapses","League Metrics",16,"Carly",5,"2023 - Final: 8",false
"Best Start (4 Games) to Miss Playoffs","Collapses","League Metrics",16,"Rachel M",5,"2024 - Final: 10",false
"Best Start (4 Games) to Miss Playoffs","Collapses","League Metrics",16,"Dan",5,"2024 - Final: 7",false
"Best Start (4 Games) to Miss Playoffs","Collapses","League Metrics",16,"Josh",5,"2024 - Final: 9",false
"Best Start (4 Games) to Miss Playoffs","Collapses","League Metrics",16,"Cody",5,"2025 - Final: 8",false
"Best Start (4 Games) to Miss Playoffs","Collapses","League Metrics",16,"Brittany",5,"2025 - Final: 8",false
"Best Start (4 Games) to Miss Playoffs","Collapses","League Metrics",23,"Becca",4,"2022 - Final: 6",false
"Best Start (4 Games) to Miss Playoffs","Collapses","League Metrics",23,"Ashley",4,"2022 - Final: 7",false
"Best Start (4 Games) to Miss Playoffs","Collapses","League Metrics",23,"Richie",4,"2023 - Final: 10",false
"Best Start (4 Games) to Miss Playoffs","Collapses","League Metrics",23,"Jack M",4,"2023 - Final: 7",false
"Best Start (4 Games) to Miss Playoffs","Collapses","League Metrics",23,"Josh",4,"2023 - Final: 7",false
"Best Start (4 Games) to Miss Playoffs","Collapses","League Metrics",23,"Ryan",4,"2023 - Final: 4",false
"Best Start (4 Games) to Miss Playoffs","Collapses","League Metrics",23,"Tyler",4,"2024 - Final: 7",false
"Best Start (4 Games) to Miss Playoffs","Collapses","League Metrics",23,"Jennie",4,"2024 - Final: 7",false
"Best Start (4 Games) to Miss Playoffs","Collapses","League Metrics",23,"Ryan",4,"2025 - Final: 4",false
"Best Start (4 Games) to Miss Playoffs","Collapses","League Metrics",23,"Carly",4,"2025 - Final: 4",false
"Best Start (4 Games) to Miss Playoffs","Collapses","League Metrics",33,"Brian",3,"2022 - Final: 3",false
"Best Start (4 Games) to Miss Playoffs","Collapses","League Metrics",33,"Allie",3,"2023 - Final: 3",false
"Best Start (4 Games) to Miss Playoffs","Collapses","League Metrics",33,"Dan",3,"2023 - Final: 4",false
"Best Start (4 Games) to Miss Playoffs","Collapses","League Metrics",33,"Allie",3,"2024 - Final: 5",false
"Best Start (4 Games) to Miss Playoffs","Collapses","League Metrics",33,"Emma",3,"2024 - Final: 5",false
"Best Start (4 Games) to Miss Playoffs","Collapses","League Metrics",33,"Josh",3,"2025 - Final: 5",false
"Best Start (4 Games) to Miss Playoffs","Collapses","League Metrics",33,"Jack C",3,"2025 - Final: 5",false
"Best Start (4 Games) to Miss Playoffs","Collapses","League Metrics",33,"Nick",3,"2025 - Final: 7",false
"Best Start (4 Games) to Miss Playoffs","Collapses","League Metrics",41,"Josh",2,"2022 - Final: 5",false
"Best Start (4 Games) to Miss Playoffs","Collapses","League Metrics",41,"Allie",2,"2022 - Final: 4",false
"Best Start (4 Games) to Miss Playoffs","Collapses","League Metrics",41,"Ian",2,"2024 - Final: 5",false
"Best Start (4 Games) to Miss Playoffs","Collapses","League Metrics",41,"Emma",2,"2025 - Final: 4",false
"Best Start (4 Games) to Miss Playoffs","Collapses","League Metrics",45,"Steve",1,"2024 - Final: 1",false
"Average Points per Game","Last 5 Games","Trends (Regular Season)",1,"Cody",2.60,"5 games",false
"Average Points per Game","Last 5 Games","Trends (Regular Season)",2,"Josh",2.00,"5 games",false
"Average Points per Game","Last 5 Games","Trends (Regular Season)",2,"Nick",2.00,"5 games",false
"Average Points per Game","Last 5 Games","Trends (Regular Season)",2,"Austin",2.00,"5 games",false
"Average Points per Game","Last 5 Games","Trends (Regular Season)",2,"Ian",2.00,"5 games",false
"Average Points per Game","Last 5 Games","Trends (Regular Season)",6,"Michael",1.80,"5 games",false
"Average Points per Game","Last 5 Games","Trends (Regular Season)",6,"Ashley",1.80,"5 games",false
"Average Points per Game","Last 5 Games","Trends (Regular Season)",8,"Jack M",1.60,"5 games",false
"Average Points per Game","Last 5 Games","Trends (Regular Season)",8,"Rachel M",1.60,"5 games",false
"Average Points per Game","Last 5 Games","Trends (Regular Season)",10,"Brian",1.50,"2 games",false
"Average Points per Game","Last 5 Games","Trends (Regular Season)",11,"Carly",1.40,"5 games",false
"Average Points per Game","Last 5 Games","Trends (Regular Season)",11,"Sam",1.40,"5 games",false
"Average Points per Game","Last 5 Games","Trends (Regular Season)",11,"Jack C",1.40,"5 games",false
"Average Points per Game","Last 5 Games","Trends (Regular Season)",11,"Brittany",1.40,"5 games",false
"Average Points per Game","Last 5 Games","Trends (Regular Season)",15,"Dan",1.20,"5 games",false
"Average Points per Game","Last 5 Games","Trends (Regular Season)",15,"Rachel F",1.20,"5 games",false
"Average Points per Game","Last 5 Games","Trends (Regular Season)",15,"Luke",1.20,"5 games",false
"Average Points per Game","Last 5 Games","Trends (Regular Season)",18,"Richie",1.00,"5 games",false
"Average Points per Game","Last 5 Games","Trends (Regular Season)",18,"Becca",1.00,"5 games",false
"Average Points per Game","Last 5 Games","Trends (Regular Season)",18,"Allie",1.00,"5 games",false
"Average Points per Game","Last 5 Games","Trends (Regular Season)",18,"Tyler",1.00,"5 games",false
"Average Points per Game","Last 5 Games","Trends (Regular Season)",18,"Emma",1.00,"5 games",false
"Average Points per Game","Last 5 Games","Trends (Regular Season)",18,"Jennie",1.00,"5 games",false
"Average Points per Game","Last 5 Games","Trends (Regular Season)",24,"Ryan",0.80,"5 games",false
"Average Points per Game","Last 5 Games","Trends (Regular Season)",24,"Steve",0.80,"5 games",false
"Win %","Last 5 Games","Trends (Regular Season)",1,"Cody",60.0%,"3/5",false
"Win %","Last 5 Games","Trends (Regular Season)",2,"Brian",50.0%,"1/2",false
"Win %","Last 5 Games","Trends (Regular Season)",3,"Josh",40.0%,"2/5",false
"Win %","Last 5 Games","Trends (Regular Season)",3,"Austin",40.0%,"2/5",false
"Win %","Last 5 Games","Trends (Regular Season)",3,"Michael",40.0%,"2/5",false
"Win %","Last 5 Games","Trends (Regular Season)",3,"Luke",40.0%,"2/5",false
"Win %","Last 5 Games","Trends (Regular Season)",3,"Ashley",40.0%,"2/5",false
"Win %","Last 5 Games","Trends (Regular Season)",3,"Carly",40.0%,"2/5",false
"Win %","Last 5 Games","Trends (Regular Season)",3,"Ian",40.0%,"2/5",false
"Win %","Last 5 Games","Trends (Regular Season)",10,"Dan",20.0%,"1/5",false
"Win %","Last 5 Games","Trends (Regular Season)",10,"Ryan",20.0%,"1/5",false
"Win %","Last 5 Games","Trends (Regular Season)",10,"Nick",20.0%,"1/5",false
"Win %","Last 5 Games","Trends (Regular Season)",10,"Richie",20.0%,"1/5",false
"Win %","Last 5 Games","Trends (Regular Season)",10,"Rachel F",20.0%,"1/5",false
"Win %","Last 5 Games","Trends (Regular Season)",10,"Jack M",20.0%,"1/5",false
"Win %","Last 5 Games","Trends (Regular Season)",10,"Rachel M",20.0%,"1/5",false
"Win %","Last 5 Games","Trends (Regular Season)",10,"Jennie",20.0%,"1/5",false
"Win %","Last 5 Games","Trends (Regular Season)",10,"Sam",20.0%,"1/5",false
"Win %","Last 5 Games","Trends (Regular Season)",10,"Jack C",20.0%,"1/5",false
"Win %","Last 5 Games","Trends (Regular Season)",10,"Brittany",20.0%,"1/5",false
"Win %","Last 5 Games","Trends (Regular Season)",21,"Becca",0.0%,"0/5",false
"Win %","Last 5 Games","Trends (Regular Season)",21,"Allie",0.0%,"0/5",false
"Win %","Last 5 Games","Trends (Regular Season)",21,"Tyler",0.0%,"0/5",false
"Win %","Last 5 Games","Trends (Regular Season)",21,"Steve",0.0%,"0/5",false
"Win %","Last 5 Games","Trends (Regular Season)",21,"Emma",0.0%,"0/5",false
"% of 2nd Place Finishes","Last 5 Games","Trends (Regular Season)",1,"Nick",60.0%,"3/5",false
"% of 2nd Place Finishes","Last 5 Games","Trends (Regular Season)",2,"Austin",40.0%,"2/5",false
"% of 2nd Place Finishes","Last 5 Games","Trends (Regular Season)",2,"Becca",40.0%,"2/5",false
"% of 2nd Place Finishes","Last 5 Games","Trends (Regular Season)",2,"Allie",40.0%,"2/5",false
"% of 2nd Place Finishes","Last 5 Games","Trends (Regular Season)",2,"Tyler",40.0%,"2/5",false
"% of 2nd Place Finishes","Last 5 Games","Trends (Regular Season)",2,"Jack M",40.0%,"2/5",false
"% of 2nd Place Finishes","Last 5 Games","Trends (Regular Season)",2,"Rachel M",40.0%,"2/5",false
"% of 2nd Place Finishes","Last 5 Games","Trends (Regular Season)",2,"Cody",40.0%,"2/5",false
"% of 2nd Place Finishes","Last 5 Games","Trends (Regular Season)",2,"Ian",40.0%,"2/5",false
"% of 2nd Place Finishes","Last 5 Games","Trends (Regular Season)",10,"Josh",20.0%,"1/5",false
"% of 2nd Place Finishes","Last 5 Games","Trends (Regular Season)",10,"Richie",20.0%,"1/5",false
"% of 2nd Place Finishes","Last 5 Games","Trends (Regular Season)",10,"Rachel F",20.0%,"1/5",false
"% of 2nd Place Finishes","Last 5 Games","Trends (Regular Season)",10,"Michael",20.0%,"1/5",false
"% of 2nd Place Finishes","Last 5 Games","Trends (Regular Season)",10,"Ashley",20.0%,"1/5",false
"% of 2nd Place Finishes","Last 5 Games","Trends (Regular Season)",10,"Steve",20.0%,"1/5",false
"% of 2nd Place Finishes","Last 5 Games","Trends (Regular Season)",10,"Emma",20.0%,"1/5",false
"% of 2nd Place Finishes","Last 5 Games","Trends (Regular Season)",10,"Sam",20.0%,"1/5",false
"% of 2nd Place Finishes","Last 5 Games","Trends (Regular Season)",10,"Jack C",20.0%,"1/5",false
"% of 2nd Place Finishes","Last 5 Games","Trends (Regular Season)",10,"Brittany",20.0%,"1/5",false
"% of 2nd Place Finishes","Last 5 Games","Trends (Regular Season)",20,"Brian",0.0%,"0/2",false
"% of 2nd Place Finishes","Last 5 Games","Trends (Regular Season)",20,"Dan",0.0%,"0/5",false
"% of 2nd Place Finishes","Last 5 Games","Trends (Regular Season)",20,"Ryan",0.0%,"0/5",false
"% of 2nd Place Finishes","Last 5 Games","Trends (Regular Season)",20,"Luke",0.0%,"0/5",false
"% of 2nd Place Finishes","Last 5 Games","Trends (Regular Season)",20,"Carly",0.0%,"0/5",false
"% of 2nd Place Finishes","Last 5 Games","Trends (Regular Season)",20,"Jennie",0.0%,"0/5",false
"% of 3rd Place Finishes","Last 5 Games","Trends (Regular Season)",1,"Dan",60.0%,"3/5",false
"% of 3rd Place Finishes","Last 5 Games","Trends (Regular Season)",1,"Emma",60.0%,"3/5",false
"% of 3rd Place Finishes","Last 5 Games","Trends (Regular Season)",3,"Josh",40.0%,"2/5",false
"% of 3rd Place Finishes","Last 5 Games","Trends (Regular Season)",3,"Steve",40.0%,"2/5",false
"% of 3rd Place Finishes","Last 5 Games","Trends (Regular Season)",3,"Jennie",40.0%,"2/5",false
"% of 3rd Place Finishes","Last 5 Games","Trends (Regular Season)",3,"Sam",40.0%,"2/5",false
"% of 3rd Place Finishes","Last 5 Games","Trends (Regular Season)",3,"Jack C",40.0%,"2/5",false
"% of 3rd Place Finishes","Last 5 Games","Trends (Regular Season)",3,"Brittany",40.0%,"2/5",false
"% of 3rd Place Finishes","Last 5 Games","Trends (Regular Season)",9,"Ryan",20.0%,"1/5",false
"% of 3rd Place Finishes","Last 5 Games","Trends (Regular Season)",9,"Nick",20.0%,"1/5",false
"% of 3rd Place Finishes","Last 5 Games","Trends (Regular Season)",9,"Rachel F",20.0%,"1/5",false
"% of 3rd Place Finishes","Last 5 Games","Trends (Regular Season)",9,"Michael",20.0%,"1/5",false
"% of 3rd Place Finishes","Last 5 Games","Trends (Regular Season)",9,"Becca",20.0%,"1/5",false
"% of 3rd Place Finishes","Last 5 Games","Trends (Regular Season)",9,"Ashley",20.0%,"1/5",false
"% of 3rd Place Finishes","Last 5 Games","Trends (Regular Season)",9,"Allie",20.0%,"1/5",false
"% of 3rd Place Finishes","Last 5 Games","Trends (Regular Season)",9,"Carly",20.0%,"1/5",false
"% of 3rd Place Finishes","Last 5 Games","Trends (Regular Season)",9,"Tyler",20.0%,"1/5",false
"% of 3rd Place Finishes","Last 5 Games","Trends (Regular Season)",9,"Jack M",20.0%,"1/5",false
"% of 3rd Place Finishes","Last 5 Games","Trends (Regular Season)",9,"Rachel M",20.0%,"1/5",false
"% of 3rd Place Finishes","Last 5 Games","Trends (Regular Season)",20,"Brian",0.0%,"0/2",false
"% of 3rd Place Finishes","Last 5 Games","Trends (Regular Season)",20,"Austin",0.0%,"0/5",false
"% of 3rd Place Finishes","Last 5 Games","Trends (Regular Season)",20,"Richie",0.0%,"0/5",false
"% of 3rd Place Finishes","Last 5 Games","Trends (Regular Season)",20,"Luke",0.0%,"0/5",false
"% of 3rd Place Finishes","Last 5 Games","Trends (Regular Season)",20,"Cody",0.0%,"0/5",false
"% of 3rd Place Finishes","Last 5 Games","Trends (Regular Season)",20,"Ian",0.0%,"0/5",false
"% of 4th Place Finishes","Last 5 Games","Trends (Regular Season)",1,"Ryan",60.0%,"3/5",false
"% of 4th Place Finishes","Last 5 Games","Trends (Regular Season)",1,"Richie",60.0%,"3/5",false
"% of 4th Place Finishes","Last 5 Games","Trends (Regular Season)",1,"Luke",60.0%,"3/5",false
"% of 4th Place Finishes","Last 5 Games","Trends (Regular Season)",4,"Brian",50.0%,"1/2",false
"% of 4th Place Finishes","Last 5 Games","Trends (Regular Season)",5,"Rachel F",40.0%,"2/5",false
"% of 4th Place Finishes","Last 5 Games","Trends (Regular Season)",5,"Becca",40.0%,"2/5",false
"% of 4th Place Finishes","Last 5 Games","Trends (Regular Season)",5,"Allie",40.0%,"2/5",false
"% of 4th Place Finishes","Last 5 Games","Trends (Regular Season)",5,"Carly",40.0%,"2/5",false
"% of 4th Place Finishes","Last 5 Games","Trends (Regular Season)",5,"Tyler",40.0%,"2/5",false
"% of 4th Place Finishes","Last 5 Games","Trends (Regular Season)",5,"Steve",40.0%,"2/5",false
"% of 4th Place Finishes","Last 5 Games","Trends (Regular Season)",5,"Jennie",40.0%,"2/5",false
"% of 4th Place Finishes","Last 5 Games","Trends (Regular Season)",12,"Dan",20.0%,"1/5",false
"% of 4th Place Finishes","Last 5 Games","Trends (Regular Season)",12,"Austin",20.0%,"1/5",false
"% of 4th Place Finishes","Last 5 Games","Trends (Regular Season)",12,"Michael",20.0%,"1/5",false
"% of 4th Place Finishes","Last 5 Games","Trends (Regular Season)",12,"Ashley",20.0%,"1/5",false
"% of 4th Place Finishes","Last 5 Games","Trends (Regular Season)",12,"Jack M",20.0%,"1/5",false
"% of 4th Place Finishes","Last 5 Games","Trends (Regular Season)",12,"Rachel M",20.0%,"1/5",false
"% of 4th Place Finishes","Last 5 Games","Trends (Regular Season)",12,"Emma",20.0%,"1/5",false
"% of 4th Place Finishes","Last 5 Games","Trends (Regular Season)",12,"Ian",20.0%,"1/5",false
"% of 4th Place Finishes","Last 5 Games","Trends (Regular Season)",12,"Sam",20.0%,"1/5",false
"% of 4th Place Finishes","Last 5 Games","Trends (Regular Season)",12,"Jack C",20.0%,"1/5",false
"% of 4th Place Finishes","Last 5 Games","Trends (Regular Season)",12,"Brittany",20.0%,"1/5",false
"% of 4th Place Finishes","Last 5 Games","Trends (Regular Season)",23,"Josh",0.0%,"0/5",false
"% of 4th Place Finishes","Last 5 Games","Trends (Regular Season)",23,"Nick",0.0%,"0/5",false
"% of 4th Place Finishes","Last 5 Games","Trends (Regular Season)",23,"Cody",0.0%,"0/5",false
"Top Half Finish % (1st/2nd)","Last 5 Games","Trends (Regular Season)",1,"Cody",100.0%,"5/5",false
"Top Half Finish % (1st/2nd)","Last 5 Games","Trends (Regular Season)",2,"Nick",80.0%,"4/5",false
"Top Half Finish % (1st/2nd)","Last 5 Games","Trends (Regular Season)",2,"Austin",80.0%,"4/5",false
"Top Half Finish % (1st/2nd)","Last 5 Games","Trends (Regular Season)",2,"Ian",80.0%,"4/5",false
"Top Half Finish % (1st/2nd)","Last 5 Games","Trends (Regular Season)",5,"Josh",60.0%,"3/5",false
"Top Half Finish % (1st/2nd)","Last 5 Games","Trends (Regular Season)",5,"Michael",60.0%,"3/5",false
"Top Half Finish % (1st/2nd)","Last 5 Games","Trends (Regular Season)",5,"Ashley",60.0%,"3/5",false
"Top Half Finish % (1st/2nd)","Last 5 Games","Trends (Regular Season)",5,"Jack M",60.0%,"3/5",false
"Top Half Finish % (1st/2nd)","Last 5 Games","Trends (Regular Season)",5,"Rachel M",60.0%,"3/5",false
"Top Half Finish % (1st/2nd)","Last 5 Games","Trends (Regular Season)",10,"Brian",50.0%,"1/2",false
"Top Half Finish % (1st/2nd)","Last 5 Games","Trends (Regular Season)",11,"Richie",40.0%,"2/5",false
"Top Half Finish % (1st/2nd)","Last 5 Games","Trends (Regular Season)",11,"Rachel F",40.0%,"2/5",false
"Top Half Finish % (1st/2nd)","Last 5 Games","Trends (Regular Season)",11,"Luke",40.0%,"2/5",false
"Top Half Finish % (1st/2nd)","Last 5 Games","Trends (Regular Season)",11,"Becca",40.0%,"2/5",false
"Top Half Finish % (1st/2nd)","Last 5 Games","Trends (Regular Season)",11,"Allie",40.0%,"2/5",false
"Top Half Finish % (1st/2nd)","Last 5 Games","Trends (Regular Season)",11,"Carly",40.0%,"2/5",false
"Top Half Finish % (1st/2nd)","Last 5 Games","Trends (Regular Season)",11,"Tyler",40.0%,"2/5",false
"Top Half Finish % (1st/2nd)","Last 5 Games","Trends (Regular Season)",11,"Sam",40.0%,"2/5",false
"Top Half Finish % (1st/2nd)","Last 5 Games","Trends (Regular Season)",11,"Jack C",40.0%,"2/5",false
"Top Half Finish % (1st/2nd)","Last 5 Games","Trends (Regular Season)",11,"Brittany",40.0%,"2/5",false
"Top Half Finish % (1st/2nd)","Last 5 Games","Trends (Regular Season)",21,"Dan",20.0%,"1/5",false
"Top Half Finish % (1st/2nd)","Last 5 Games","Trends (Regular Season)",21,"Ryan",20.0%,"1/5",false
"Top Half Finish % (1st/2nd)","Last 5 Games","Trends (Regular Season)",21,"Steve",20.0%,"1/5",false
"Top Half Finish % (1st/2nd)","Last 5 Games","Trends (Regular Season)",21,"Emma",20.0%,"1/5",false
"Top Half Finish % (1st/2nd)","Last 5 Games","Trends (Regular Season)",21,"Jennie",20.0%,"1/5",false
"Bottom Half Finish % (3rd/4th)","Last 5 Games","Trends (Regular Season)",1,"Dan",80.0%,"4/5",false
"Bottom Half Finish % (3rd/4th)","Last 5 Games","Trends (Regular Season)",1,"Ryan",80.0%,"4/5",false
"Bottom Half Finish % (3rd/4th)","Last 5 Games","Trends (Regular Season)",1,"Steve",80.0%,"4/5",false
"Bottom Half Finish % (3rd/4th)","Last 5 Games","Trends (Regular Season)",1,"Emma",80.0%,"4/5",false
"Bottom Half Finish % (3rd/4th)","Last 5 Games","Trends (Regular Season)",1,"Jennie",80.0%,"4/5",false
"Bottom Half Finish % (3rd/4th)","Last 5 Games","Trends (Regular Season)",6,"Richie",60.0%,"3/5",false
"Bottom Half Finish % (3rd/4th)","Last 5 Games","Trends (Regular Season)",6,"Rachel F",60.0%,"3/5",false
"Bottom Half Finish % (3rd/4th)","Last 5 Games","Trends (Regular Season)",6,"Luke",60.0%,"3/5",false
"Bottom Half Finish % (3rd/4th)","Last 5 Games","Trends (Regular Season)",6,"Becca",60.0%,"3/5",false
"Bottom Half Finish % (3rd/4th)","Last 5 Games","Trends (Regular Season)",6,"Allie",60.0%,"3/5",false
"Bottom Half Finish % (3rd/4th)","Last 5 Games","Trends (Regular Season)",6,"Carly",60.0%,"3/5",false
"Bottom Half Finish % (3rd/4th)","Last 5 Games","Trends (Regular Season)",6,"Tyler",60.0%,"3/5",false
"Bottom Half Finish % (3rd/4th)","Last 5 Games","Trends (Regular Season)",6,"Sam",60.0%,"3/5",false
"Bottom Half Finish % (3rd/4th)","Last 5 Games","Trends (Regular Season)",6,"Jack C",60.0%,"3/5",false
"Bottom Half Finish % (3rd/4th)","Last 5 Games","Trends (Regular Season)",6,"Brittany",60.0%,"3/5",false
"Bottom Half Finish % (3rd/4th)","Last 5 Games","Trends (Regular Season)",16,"Brian",50.0%,"1/2",false
"Bottom Half Finish % (3rd/4th)","Last 5 Games","Trends (Regular Season)",17,"Josh",40.0%,"2/5",false
"Bottom Half Finish % (3rd/4th)","Last 5 Games","Trends (Regular Season)",17,"Michael",40.0%,"2/5",false
"Bottom Half Finish % (3rd/4th)","Last 5 Games","Trends (Regular Season)",17,"Ashley",40.0%,"2/5",false
"Bottom Half Finish % (3rd/4th)","Last 5 Games","Trends (Regular Season)",17,"Jack M",40.0%,"2/5",false
"Bottom Half Finish % (3rd/4th)","Last 5 Games","Trends (Regular Season)",17,"Rachel M",40.0%,"2/5",false
"Bottom Half Finish % (3rd/4th)","Last 5 Games","Trends (Regular Season)",22,"Nick",20.0%,"1/5",false
"Bottom Half Finish % (3rd/4th)","Last 5 Games","Trends (Regular Season)",22,"Austin",20.0%,"1/5",false
"Bottom Half Finish % (3rd/4th)","Last 5 Games","Trends (Regular Season)",22,"Ian",20.0%,"1/5",false
"Bottom Half Finish % (3rd/4th)","Last 5 Games","Trends (Regular Season)",25,"Cody",0.0%,"0/5",false
"Average Points per Game","Last 10 Games","Trends (Regular Season)",1,"Rachel M",2.10,"10 games",false
"Average Points per Game","Last 10 Games","Trends (Regular Season)",2,"Austin",2.00,"10 games",false
"Average Points per Game","Last 10 Games","Trends (Regular Season)",3,"Michael",1.80,"10 games",false
"Average Points per Game","Last 10 Games","Trends (Regular Season)",3,"Jack M",1.80,"10 games",false
"Average Points per Game","Last 10 Games","Trends (Regular Season)",3,"Cody",1.80,"10 games",false
"Average Points per Game","Last 10 Games","Trends (Regular Season)",3,"Ian",1.80,"10 games",false
"Average Points per Game","Last 10 Games","Trends (Regular Season)",3,"Sam",1.80,"10 games",false
"Average Points per Game","Last 10 Games","Trends (Regular Season)",8,"Nick",1.70,"10 games",false
"Average Points per Game","Last 10 Games","Trends (Regular Season)",8,"Ashley",1.70,"10 games",false
"Average Points per Game","Last 10 Games","Trends (Regular Season)",10,"Rachel F",1.60,"10 games",false
"Average Points per Game","Last 10 Games","Trends (Regular Season)",11,"Dan",1.50,"10 games",false
"Average Points per Game","Last 10 Games","Trends (Regular Season)",11,"Josh",1.50,"10 games",false
"Average Points per Game","Last 10 Games","Trends (Regular Season)",13,"Richie",1.40,"10 games",false
"Average Points per Game","Last 10 Games","Trends (Regular Season)",13,"Tyler",1.40,"10 games",false
"Average Points per Game","Last 10 Games","Trends (Regular Season)",15,"Luke",1.30,"10 games",false
"Average Points per Game","Last 10 Games","Trends (Regular Season)",15,"Brittany",1.30,"10 games",false
"Average Points per Game","Last 10 Games","Trends (Regular Season)",17,"Steve",1.20,"10 games",false
"Average Points per Game","Last 10 Games","Trends (Regular Season)",18,"Jennie",1.17,"6 games",false
"Average Points per Game","Last 10 Games","Trends (Regular Season)",19,"Carly",1.10,"10 games",false
"Average Points per Game","Last 10 Games","Trends (Regular Season)",20,"Becca",1.00,"6 games",false
"Average Points per Game","Last 10 Games","Trends (Regular Season)",20,"Jack C",1.00,"10 games",false
"Average Points per Game","Last 10 Games","Trends (Regular Season)",22,"Emma",0.80,"10 games",false
"Average Points per Game","Last 10 Games","Trends (Regular Season)",23,"Ryan",0.70,"10 games",false
"Average Points per Game","Last 10 Games","Trends (Regular Season)",23,"Allie",0.70,"10 games",false
"Win %","Last 10 Games","Trends (Regular Season)",1,"Michael",40.0%,"4/10",false
"Win %","Last 10 Games","Trends (Regular Season)",1,"Rachel M",40.0%,"4/10",false
"Win %","Last 10 Games","Trends (Regular Season)",1,"Ian",40.0%,"4/10",false
"Win %","Last 10 Games","Trends (Regular Season)",1,"Sam",40.0%,"4/10",false
"Win %","Last 10 Games","Trends (Regular Season)",5,"Dan",30.0%,"3/10",false
"Win %","Last 10 Games","Trends (Regular Season)",5,"Nick",30.0%,"3/10",false
"Win %","Last 10 Games","Trends (Regular Season)",5,"Richie",30.0%,"3/10",false
"Win %","Last 10 Games","Trends (Regular Season)",5,"Rachel F",30.0%,"3/10",false
"Win %","Last 10 Games","Trends (Regular Season)",5,"Luke",30.0%,"3/10",false
"Win %","Last 10 Games","Trends (Regular Season)",5,"Ashley",30.0%,"3/10",false
"Win %","Last 10 Games","Trends (Regular Season)",5,"Carly",30.0%,"3/10",false
"Win %","Last 10 Games","Trends (Regular Season)",5,"Jack M",30.0%,"3/10",false
"Win %","Last 10 Games","Trends (Regular Season)",5,"Cody",30.0%,"3/10",false
"Win %","Last 10 Games","Trends (Regular Season)",14,"Ryan",20.0%,"2/10",false
"Win %","Last 10 Games","Trends (Regular Season)",14,"Josh",20.0%,"2/10",false
"Win %","Last 10 Games","Trends (Regular Season)",14,"Austin",20.0%,"2/10",false
"Win %","Last 10 Games","Trends (Regular Season)",14,"Brittany",20.0%,"2/10",false
"Win %","Last 10 Games","Trends (Regular Season)",18,"Jennie",16.7%,"1/6",false
"Win %","Last 10 Games","Trends (Regular Season)",19,"Steve",10.0%,"1/10",false
"Win %","Last 10 Games","Trends (Regular Season)",19,"Jack C",10.0%,"1/10",false
"Win %","Last 10 Games","Trends (Regular Season)",21,"Becca",0.0%,"0/6",false
"Win %","Last 10 Games","Trends (Regular Season)",21,"Allie",0.0%,"0/10",false
"Win %","Last 10 Games","Trends (Regular Season)",21,"Tyler",0.0%,"0/10",false
"Win %","Last 10 Games","Trends (Regular Season)",21,"Emma",0.0%,"0/10",false
"% of 2nd Place Finishes","Last 10 Games","Trends (Regular Season)",1,"Austin",70.0%,"7/10",false
"% of 2nd Place Finishes","Last 10 Games","Trends (Regular Season)",2,"Tyler",60.0%,"6/10",false
"% of 2nd Place Finishes","Last 10 Games","Trends (Regular Season)",3,"Jack M",40.0%,"4/10",false
"% of 2nd Place Finishes","Last 10 Games","Trends (Regular Season)",3,"Rachel M",40.0%,"4/10",false
"% of 2nd Place Finishes","Last 10 Games","Trends (Regular Season)",5,"Becca",33.3%,"2/6",false
"% of 2nd Place Finishes","Last 10 Games","Trends (Regular Season)",6,"Josh",30.0%,"3/10",false
"% of 2nd Place Finishes","Last 10 Games","Trends (Regular Season)",6,"Nick",30.0%,"3/10",false
"% of 2nd Place Finishes","Last 10 Games","Trends (Regular Season)",6,"Allie",30.0%,"3/10",false
"% of 2nd Place Finishes","Last 10 Games","Trends (Regular Season)",6,"Steve",30.0%,"3/10",false
"% of 2nd Place Finishes","Last 10 Games","Trends (Regular Season)",6,"Cody",30.0%,"3/10",false
"% of 2nd Place Finishes","Last 10 Games","Trends (Regular Season)",11,"Richie",20.0%,"2/10",false
"% of 2nd Place Finishes","Last 10 Games","Trends (Regular Season)",11,"Rachel F",20.0%,"2/10",false
"% of 2nd Place Finishes","Last 10 Games","Trends (Regular Season)",11,"Michael",20.0%,"2/10",false
"% of 2nd Place Finishes","Last 10 Games","Trends (Regular Season)",11,"Ashley",20.0%,"2/10",false
"% of 2nd Place Finishes","Last 10 Games","Trends (Regular Season)",11,"Emma",20.0%,"2/10",false
"% of 2nd Place Finishes","Last 10 Games","Trends (Regular Season)",11,"Ian",20.0%,"2/10",false
"% of 2nd Place Finishes","Last 10 Games","Trends (Regular Season)",11,"Sam",20.0%,"2/10",false
"% of 2nd Place Finishes","Last 10 Games","Trends (Regular Season)",18,"Jennie",16.7%,"1/6",false
"% of 2nd Place Finishes","Last 10 Games","Trends (Regular Season)",19,"Dan",10.0%,"1/10",false
"% of 2nd Place Finishes","Last 10 Games","Trends (Regular Season)",19,"Luke",10.0%,"1/10",false
"% of 2nd Place Finishes","Last 10 Games","Trends (Regular Season)",19,"Jack C",10.0%,"1/10",false
"% of 2nd Place Finishes","Last 10 Games","Trends (Regular Season)",19,"Brittany",10.0%,"1/10",false
"% of 2nd Place Finishes","Last 10 Games","Trends (Regular Season)",23,"Ryan",0.0%,"0/10",false
"% of 2nd Place Finishes","Last 10 Games","Trends (Regular Season)",23,"Carly",0.0%,"0/10",false
"% of 3rd Place Finishes","Last 10 Games","Trends (Regular Season)",1,"Jack C",50.0%,"5/10",false
"% of 3rd Place Finishes","Last 10 Games","Trends (Regular Season)",1,"Brittany",50.0%,"5/10",false
"% of 3rd Place Finishes","Last 10 Games","Trends (Regular Season)",3,"Dan",40.0%,"4/10",false
"% of 3rd Place Finishes","Last 10 Games","Trends (Regular Season)",3,"Ashley",40.0%,"4/10",false
"% of 3rd Place Finishes","Last 10 Games","Trends (Regular Season)",3,"Emma",40.0%,"4/10",false
"% of 3rd Place Finishes","Last 10 Games","Trends (Regular Season)",6,"Becca",33.3%,"2/6",false
"% of 3rd Place Finishes","Last 10 Games","Trends (Regular Season)",6,"Jennie",33.3%,"2/6",false
"% of 3rd Place Finishes","Last 10 Games","Trends (Regular Season)",8,"Josh",30.0%,"3/10",false
"% of 3rd Place Finishes","Last 10 Games","Trends (Regular Season)",8,"Rachel F",30.0%,"3/10",false
"% of 3rd Place Finishes","Last 10 Games","Trends (Regular Season)",8,"Steve",30.0%,"3/10",false
"% of 3rd Place Finishes","Last 10 Games","Trends (Regular Season)",8,"Cody",30.0%,"3/10",false
"% of 3rd Place Finishes","Last 10 Games","Trends (Regular Season)",12,"Nick",20.0%,"2/10",false
"% of 3rd Place Finishes","Last 10 Games","Trends (Regular Season)",12,"Michael",20.0%,"2/10",false
"% of 3rd Place Finishes","Last 10 Games","Trends (Regular Season)",12,"Luke",20.0%,"2/10",false
"% of 3rd Place Finishes","Last 10 Games","Trends (Regular Season)",12,"Carly",20.0%,"2/10",false
"% of 3rd Place Finishes","Last 10 Games","Trends (Regular Season)",12,"Tyler",20.0%,"2/10",false
"% of 3rd Place Finishes","Last 10 Games","Trends (Regular Season)",12,"Ian",20.0%,"2/10",false
"% of 3rd Place Finishes","Last 10 Games","Trends (Regular Season)",12,"Sam",20.0%,"2/10",false
"% of 3rd Place Finishes","Last 10 Games","Trends (Regular Season)",19,"Ryan",10.0%,"1/10",false
"% of 3rd Place Finishes","Last 10 Games","Trends (Regular Season)",19,"Richie",10.0%,"1/10",false
"% of 3rd Place Finishes","Last 10 Games","Trends (Regular Season)",19,"Allie",10.0%,"1/10",false
"% of 3rd Place Finishes","Last 10 Games","Trends (Regular Season)",19,"Jack M",10.0%,"1/10",false
"% of 3rd Place Finishes","Last 10 Games","Trends (Regular Season)",19,"Rachel M",10.0%,"1/10",false
"% of 3rd Place Finishes","Last 10 Games","Trends (Regular Season)",24,"Austin",0.0%,"0/10",false
"% of 4th Place Finishes","Last 10 Games","Trends (Regular Season)",1,"Ryan",70.0%,"7/10",false
"% of 4th Place Finishes","Last 10 Games","Trends (Regular Season)",2,"Allie",60.0%,"6/10",false
"% of 4th Place Finishes","Last 10 Games","Trends (Regular Season)",3,"Carly",50.0%,"5/10",false
"% of 4th Place Finishes","Last 10 Games","Trends (Regular Season)",4,"Richie",40.0%,"4/10",false
"% of 4th Place Finishes","Last 10 Games","Trends (Regular Season)",4,"Luke",40.0%,"4/10",false
"% of 4th Place Finishes","Last 10 Games","Trends (Regular Season)",4,"Emma",40.0%,"4/10",false
"% of 4th Place Finishes","Last 10 Games","Trends (Regular Season)",7,"Becca",33.3%,"2/6",false
"% of 4th Place Finishes","Last 10 Games","Trends (Regular Season)",7,"Jennie",33.3%,"2/6",false
"% of 4th Place Finishes","Last 10 Games","Trends (Regular Season)",9,"Steve",30.0%,"3/10",false
"% of 4th Place Finishes","Last 10 Games","Trends (Regular Season)",9,"Jack C",30.0%,"3/10",false
"% of 4th Place Finishes","Last 10 Games","Trends (Regular Season)",11,"Dan",20.0%,"2/10",false
"% of 4th Place Finishes","Last 10 Games","Trends (Regular Season)",11,"Josh",20.0%,"2/10",false
"% of 4th Place Finishes","Last 10 Games","Trends (Regular Season)",11,"Nick",20.0%,"2/10",false
"% of 4th Place Finishes","Last 10 Games","Trends (Regular Season)",11,"Rachel F",20.0%,"2/10",false
"% of 4th Place Finishes","Last 10 Games","Trends (Regular Season)",11,"Michael",20.0%,"2/10",false
"% of 4th Place Finishes","Last 10 Games","Trends (Regular Season)",11,"Tyler",20.0%,"2/10",false
"% of 4th Place Finishes","Last 10 Games","Trends (Regular Season)",11,"Jack M",20.0%,"2/10",false
"% of 4th Place Finishes","Last 10 Games","Trends (Regular Season)",11,"Ian",20.0%,"2/10",false
"% of 4th Place Finishes","Last 10 Games","Trends (Regular Season)",11,"Sam",20.0%,"2/10",false
"% of 4th Place Finishes","Last 10 Games","Trends (Regular Season)",11,"Brittany",20.0%,"2/10",false
"% of 4th Place Finishes","Last 10 Games","Trends (Regular Season)",21,"Austin",10.0%,"1/10",false
"% of 4th Place Finishes","Last 10 Games","Trends (Regular Season)",21,"Ashley",10.0%,"1/10",false
"% of 4th Place Finishes","Last 10 Games","Trends (Regular Season)",21,"Rachel M",10.0%,"1/10",false
"% of 4th Place Finishes","Last 10 Games","Trends (Regular Season)",21,"Cody",10.0%,"1/10",false
"Top Half Finish % (1st/2nd)","Last 10 Games","Trends (Regular Season)",1,"Austin",90.0%,"9/10",false
"Top Half Finish % (1st/2nd)","Last 10 Games","Trends (Regular Season)",2,"Rachel M",80.0%,"8/10",false
"Top Half Finish % (1st/2nd)","Last 10 Games","Trends (Regular Season)",3,"Jack M",70.0%,"7/10",false
"Top Half Finish % (1st/2nd)","Last 10 Games","Trends (Regular Season)",4,"Nick",60.0%,"6/10",false
"Top Half Finish % (1st/2nd)","Last 10 Games","Trends (Regular Season)",4,"Michael",60.0%,"6/10",false
"Top Half Finish % (1st/2nd)","Last 10 Games","Trends (Regular Season)",4,"Tyler",60.0%,"6/10",false
"Top Half Finish % (1st/2nd)","Last 10 Games","Trends (Regular Season)",4,"Cody",60.0%,"6/10",false
"Top Half Finish % (1st/2nd)","Last 10 Games","Trends (Regular Season)",4,"Ian",60.0%,"6/10",false
"Top Half Finish % (1st/2nd)","Last 10 Games","Trends (Regular Season)",4,"Sam",60.0%,"6/10",false
"Top Half Finish % (1st/2nd)","Last 10 Games","Trends (Regular Season)",10,"Josh",50.0%,"5/10",false
"Top Half Finish % (1st/2nd)","Last 10 Games","Trends (Regular Season)",10,"Richie",50.0%,"5/10",false
"Top Half Finish % (1st/2nd)","Last 10 Games","Trends (Regular Season)",10,"Rachel F",50.0%,"5/10",false
"Top Half Finish % (1st/2nd)","Last 10 Games","Trends (Regular Season)",10,"Ashley",50.0%,"5/10",false
"Top Half Finish % (1st/2nd)","Last 10 Games","Trends (Regular Season)",14,"Dan",40.0%,"4/10",false
"Top Half Finish % (1st/2nd)","Last 10 Games","Trends (Regular Season)",14,"Luke",40.0%,"4/10",false
"Top Half Finish % (1st/2nd)","Last 10 Games","Trends (Regular Season)",14,"Steve",40.0%,"4/10",false
"Top Half Finish % (1st/2nd)","Last 10 Games","Trends (Regular Season)",17,"Becca",33.3%,"2/6",false
"Top Half Finish % (1st/2nd)","Last 10 Games","Trends (Regular Season)",17,"Jennie",33.3%,"2/6",false
"Top Half Finish % (1st/2nd)","Last 10 Games","Trends (Regular Season)",19,"Allie",30.0%,"3/10",false
"Top Half Finish % (1st/2nd)","Last 10 Games","Trends (Regular Season)",19,"Carly",30.0%,"3/10",false
"Top Half Finish % (1st/2nd)","Last 10 Games","Trends (Regular Season)",19,"Brittany",30.0%,"3/10",false
"Top Half Finish % (1st/2nd)","Last 10 Games","Trends (Regular Season)",22,"Ryan",20.0%,"2/10",false
"Top Half Finish % (1st/2nd)","Last 10 Games","Trends (Regular Season)",22,"Emma",20.0%,"2/10",false
"Top Half Finish % (1st/2nd)","Last 10 Games","Trends (Regular Season)",22,"Jack C",20.0%,"2/10",false
"Bottom Half Finish % (3rd/4th)","Last 10 Games","Trends (Regular Season)",1,"Ryan",80.0%,"8/10",false
"Bottom Half Finish % (3rd/4th)","Last 10 Games","Trends (Regular Season)",1,"Emma",80.0%,"8/10",false
"Bottom Half Finish % (3rd/4th)","Last 10 Games","Trends (Regular Season)",1,"Jack C",80.0%,"8/10",false
"Bottom Half Finish % (3rd/4th)","Last 10 Games","Trends (Regular Season)",4,"Allie",70.0%,"7/10",false
"Bottom Half Finish % (3rd/4th)","Last 10 Games","Trends (Regular Season)",4,"Carly",70.0%,"7/10",false
"Bottom Half Finish % (3rd/4th)","Last 10 Games","Trends (Regular Season)",4,"Brittany",70.0%,"7/10",false
"Bottom Half Finish % (3rd/4th)","Last 10 Games","Trends (Regular Season)",7,"Becca",66.7%,"4/6",false
"Bottom Half Finish % (3rd/4th)","Last 10 Games","Trends (Regular Season)",7,"Jennie",66.7%,"4/6",false
"Bottom Half Finish % (3rd/4th)","Last 10 Games","Trends (Regular Season)",9,"Dan",60.0%,"6/10",false
"Bottom Half Finish % (3rd/4th)","Last 10 Games","Trends (Regular Season)",9,"Luke",60.0%,"6/10",false
"Bottom Half Finish % (3rd/4th)","Last 10 Games","Trends (Regular Season)",9,"Steve",60.0%,"6/10",false
"Bottom Half Finish % (3rd/4th)","Last 10 Games","Trends (Regular Season)",12,"Josh",50.0%,"5/10",false
"Bottom Half Finish % (3rd/4th)","Last 10 Games","Trends (Regular Season)",12,"Richie",50.0%,"5/10",false
"Bottom Half Finish % (3rd/4th)","Last 10 Games","Trends (Regular Season)",12,"Rachel F",50.0%,"5/10",false
"Bottom Half Finish % (3rd/4th)","Last 10 Games","Trends (Regular Season)",12,"Ashley",50.0%,"5/10",false
"Bottom Half Finish % (3rd/4th)","Last 10 Games","Trends (Regular Season)",16,"Nick",40.0%,"4/10",false
"Bottom Half Finish % (3rd/4th)","Last 10 Games","Trends (Regular Season)",16,"Michael",40.0%,"4/10",false
"Bottom Half Finish % (3rd/4th)","Last 10 Games","Trends (Regular Season)",16,"Tyler",40.0%,"4/10",false
"Bottom Half Finish % (3rd/4th)","Last 10 Games","Trends (Regular Season)",16,"Cody",40.0%,"4/10",false
"Bottom Half Finish % (3rd/4th)","Last 10 Games","Trends (Regular Season)",16,"Ian",40.0%,"4/10",false
"Bottom Half Finish % (3rd/4th)","Last 10 Games","Trends (Regular Season)",16,"Sam",40.0%,"4/10",false
"Bottom Half Finish % (3rd/4th)","Last 10 Games","Trends (Regular Season)",22,"Jack M",30.0%,"3/10",false
"Bottom Half Finish % (3rd/4th)","Last 10 Games","Trends (Regular Season)",23,"Rachel M",20.0%,"2/10",false
"Bottom Half Finish % (3rd/4th)","Last 10 Games","Trends (Regular Season)",24,"Austin",10.0%,"1/10",false
"Average Points per Game","Last 2 Seasons","Trends (Regular Season)",1,"Rachel M",2.00,"11 games",false
"Average Points per Game","Last 2 Seasons","Trends (Regular Season)",2,"Michael",1.91,"11 games",false
"Average Points per Game","Last 2 Seasons","Trends (Regular Season)",2,"Cody",1.91,"11 games",false
"Average Points per Game","Last 2 Seasons","Trends (Regular Season)",2,"Austin",1.91,"11 games",false
"Average Points per Game","Last 2 Seasons","Trends (Regular Season)",2,"Ian",1.91,"11 games",false
"Average Points per Game","Last 2 Seasons","Trends (Regular Season)",6,"Sam",1.82,"11 games",false
"Average Points per Game","Last 2 Seasons","Trends (Regular Season)",6,"Ashley",1.82,"11 games",false
"Average Points per Game","Last 2 Seasons","Trends (Regular Season)",6,"Jack M",1.82,"11 games",false
"Average Points per Game","Last 2 Seasons","Trends (Regular Season)",9,"Richie",1.55,"11 games",false
"Average Points per Game","Last 2 Seasons","Trends (Regular Season)",9,"Nick",1.55,"11 games",false
"Average Points per Game","Last 2 Seasons","Trends (Regular Season)",9,"Rachel F",1.55,"11 games",false
"Average Points per Game","Last 2 Seasons","Trends (Regular Season)",9,"Dan",1.55,"11 games",false
"Average Points per Game","Last 2 Seasons","Trends (Regular Season)",13,"Josh",1.36,"11 games",false
"Average Points per Game","Last 2 Seasons","Trends (Regular Season)",13,"Brittany",1.36,"11 games",false
"Average Points per Game","Last 2 Seasons","Trends (Regular Season)",15,"Tyler",1.27,"11 games",false
"Average Points per Game","Last 2 Seasons","Trends (Regular Season)",16,"Jack C",1.09,"11 games",false
"Average Points per Game","Last 2 Seasons","Trends (Regular Season)",16,"Steve",1.09,"11 games",false
"Average Points per Game","Last 2 Seasons","Trends (Regular Season)",18,"Carly",1.00,"11 games",false
"Average Points per Game","Last 2 Seasons","Trends (Regular Season)",19,"Emma",0.82,"11 games",false
"Average Points per Game","Last 2 Seasons","Trends (Regular Season)",20,"Ryan",0.73,"11 games",false
"Win %","Last 2 Seasons","Trends (Regular Season)",1,"Michael",45.5%,"5/11",false
"Win %","Last 2 Seasons","Trends (Regular Season)",1,"Ian",45.5%,"5/11",false
"Win %","Last 2 Seasons","Trends (Regular Season)",3,"Richie",36.4%,"4/11",false
"Win %","Last 2 Seasons","Trends (Regular Season)",3,"Rachel M",36.4%,"4/11",false
"Win %","Last 2 Seasons","Trends (Regular Season)",3,"Sam",36.4%,"4/11",false
"Win %","Last 2 Seasons","Trends (Regular Season)",3,"Ashley",36.4%,"4/11",false
"Win %","Last 2 Seasons","Trends (Regular Season)",3,"Cody",36.4%,"4/11",false
"Win %","Last 2 Seasons","Trends (Regular Season)",8,"Jack M",27.3%,"3/11",false
"Win %","Last 2 Seasons","Trends (Regular Season)",8,"Carly",27.3%,"3/11",false
"Win %","Last 2 Seasons","Trends (Regular Season)",8,"Nick",27.3%,"3/11",false
"Win %","Last 2 Seasons","Trends (Regular Season)",8,"Rachel F",27.3%,"3/11",false
"Win %","Last 2 Seasons","Trends (Regular Season)",8,"Dan",27.3%,"3/11",false
"Win %","Last 2 Seasons","Trends (Regular Season)",13,"Josh",18.2%,"2/11",false
"Win %","Last 2 Seasons","Trends (Regular Season)",13,"Ryan",18.2%,"2/11",false
"Win %","Last 2 Seasons","Trends (Regular Season)",13,"Brittany",18.2%,"2/11",false
"Win %","Last 2 Seasons","Trends (Regular Season)",13,"Austin",18.2%,"2/11",false
"Win %","Last 2 Seasons","Trends (Regular Season)",17,"Jack C",9.1%,"1/11",false
"Win %","Last 2 Seasons","Trends (Regular Season)",17,"Steve",9.1%,"1/11",false
"Win %","Last 2 Seasons","Trends (Regular Season)",19,"Emma",0.0%,"0/11",false
"Win %","Last 2 Seasons","Trends (Regular Season)",19,"Tyler",0.0%,"0/11",false
"% of 2nd Place Finishes","Last 2 Seasons","Trends (Regular Season)",1,"Austin",63.6%,"7/11",false
"% of 2nd Place Finishes","Last 2 Seasons","Trends (Regular Season)",2,"Tyler",54.5%,"6/11",false
"% of 2nd Place Finishes","Last 2 Seasons","Trends (Regular Season)",3,"Jack M",45.5%,"5/11",false
"% of 2nd Place Finishes","Last 2 Seasons","Trends (Regular Season)",4,"Rachel M",36.4%,"4/11",false
"% of 2nd Place Finishes","Last 2 Seasons","Trends (Regular Season)",5,"Josh",27.3%,"3/11",false
"% of 2nd Place Finishes","Last 2 Seasons","Trends (Regular Season)",5,"Sam",27.3%,"3/11",false
"% of 2nd Place Finishes","Last 2 Seasons","Trends (Regular Season)",5,"Steve",27.3%,"3/11",false
"% of 2nd Place Finishes","Last 2 Seasons","Trends (Regular Season)",5,"Cody",27.3%,"3/11",false
"% of 2nd Place Finishes","Last 2 Seasons","Trends (Regular Season)",5,"Nick",27.3%,"3/11",false
"% of 2nd Place Finishes","Last 2 Seasons","Trends (Regular Season)",10,"Richie",18.2%,"2/11",false
"% of 2nd Place Finishes","Last 2 Seasons","Trends (Regular Season)",10,"Jack C",18.2%,"2/11",false
"% of 2nd Place Finishes","Last 2 Seasons","Trends (Regular Season)",10,"Ashley",18.2%,"2/11",false
"% of 2nd Place Finishes","Last 2 Seasons","Trends (Regular Season)",10,"Emma",18.2%,"2/11",false
"% of 2nd Place Finishes","Last 2 Seasons","Trends (Regular Season)",10,"Michael",18.2%,"2/11",false
"% of 2nd Place Finishes","Last 2 Seasons","Trends (Regular Season)",10,"Brittany",18.2%,"2/11",false
"% of 2nd Place Finishes","Last 2 Seasons","Trends (Regular Season)",10,"Rachel F",18.2%,"2/11",false
"% of 2nd Place Finishes","Last 2 Seasons","Trends (Regular Season)",10,"Dan",18.2%,"2/11",false
"% of 2nd Place Finishes","Last 2 Seasons","Trends (Regular Season)",10,"Ian",18.2%,"2/11",false
"% of 2nd Place Finishes","Last 2 Seasons","Trends (Regular Season)",19,"Ryan",0.0%,"0/11",false
"% of 2nd Place Finishes","Last 2 Seasons","Trends (Regular Season)",19,"Carly",0.0%,"0/11",false
"% of 3rd Place Finishes","Last 2 Seasons","Trends (Regular Season)",1,"Jack C",45.5%,"5/11",false
"% of 3rd Place Finishes","Last 2 Seasons","Trends (Regular Season)",1,"Emma",45.5%,"5/11",false
"% of 3rd Place Finishes","Last 2 Seasons","Trends (Regular Season)",1,"Brittany",45.5%,"5/11",false
"% of 3rd Place Finishes","Last 2 Seasons","Trends (Regular Season)",4,"Ashley",36.4%,"4/11",false
"% of 3rd Place Finishes","Last 2 Seasons","Trends (Regular Season)",4,"Rachel F",36.4%,"4/11",false
"% of 3rd Place Finishes","Last 2 Seasons","Trends (Regular Season)",4,"Dan",36.4%,"4/11",false
"% of 3rd Place Finishes","Last 2 Seasons","Trends (Regular Season)",7,"Josh",27.3%,"3/11",false
"% of 3rd Place Finishes","Last 2 Seasons","Trends (Regular Season)",7,"Steve",27.3%,"3/11",false
"% of 3rd Place Finishes","Last 2 Seasons","Trends (Regular Season)",7,"Cody",27.3%,"3/11",false
"% of 3rd Place Finishes","Last 2 Seasons","Trends (Regular Season)",10,"Ryan",18.2%,"2/11",false
"% of 3rd Place Finishes","Last 2 Seasons","Trends (Regular Season)",10,"Rachel M",18.2%,"2/11",false
"% of 3rd Place Finishes","Last 2 Seasons","Trends (Regular Season)",10,"Sam",18.2%,"2/11",false
"% of 3rd Place Finishes","Last 2 Seasons","Trends (Regular Season)",10,"Michael",18.2%,"2/11",false
"% of 3rd Place Finishes","Last 2 Seasons","Trends (Regular Season)",10,"Carly",18.2%,"2/11",false
"% of 3rd Place Finishes","Last 2 Seasons","Trends (Regular Season)",10,"Nick",18.2%,"2/11",false
"% of 3rd Place Finishes","Last 2 Seasons","Trends (Regular Season)",10,"Tyler",18.2%,"2/11",false
"% of 3rd Place Finishes","Last 2 Seasons","Trends (Regular Season)",10,"Ian",18.2%,"2/11",false
"% of 3rd Place Finishes","Last 2 Seasons","Trends (Regular Season)",18,"Richie",9.1%,"1/11",false
"% of 3rd Place Finishes","Last 2 Seasons","Trends (Regular Season)",18,"Jack M",9.1%,"1/11",false
"% of 3rd Place Finishes","Last 2 Seasons","Trends (Regular Season)",18,"Austin",9.1%,"1/11",false
"% of 4th Place Finishes","Last 2 Seasons","Trends (Regular Season)",1,"Ryan",63.6%,"7/11",false
"% of 4th Place Finishes","Last 2 Seasons","Trends (Regular Season)",2,"Carly",54.5%,"6/11",false
"% of 4th Place Finishes","Last 2 Seasons","Trends (Regular Season)",3,"Richie",36.4%,"4/11",false
"% of 4th Place Finishes","Last 2 Seasons","Trends (Regular Season)",3,"Steve",36.4%,"4/11",false
"% of 4th Place Finishes","Last 2 Seasons","Trends (Regular Season)",3,"Emma",36.4%,"4/11",false
"% of 4th Place Finishes","Last 2 Seasons","Trends (Regular Season)",6,"Josh",27.3%,"3/11",false
"% of 4th Place Finishes","Last 2 Seasons","Trends (Regular Season)",6,"Jack C",27.3%,"3/11",false
"% of 4th Place Finishes","Last 2 Seasons","Trends (Regular Season)",6,"Nick",27.3%,"3/11",false
"% of 4th Place Finishes","Last 2 Seasons","Trends (Regular Season)",6,"Tyler",27.3%,"3/11",false
"% of 4th Place Finishes","Last 2 Seasons","Trends (Regular Season)",10,"Sam",18.2%,"2/11",false
"% of 4th Place Finishes","Last 2 Seasons","Trends (Regular Season)",10,"Jack M",18.2%,"2/11",false
"% of 4th Place Finishes","Last 2 Seasons","Trends (Regular Season)",10,"Michael",18.2%,"2/11",false
"% of 4th Place Finishes","Last 2 Seasons","Trends (Regular Season)",10,"Brittany",18.2%,"2/11",false
"% of 4th Place Finishes","Last 2 Seasons","Trends (Regular Season)",10,"Rachel F",18.2%,"2/11",false
"% of 4th Place Finishes","Last 2 Seasons","Trends (Regular Season)",10,"Dan",18.2%,"2/11",false
"% of 4th Place Finishes","Last 2 Seasons","Trends (Regular Season)",10,"Ian",18.2%,"2/11",false
"% of 4th Place Finishes","Last 2 Seasons","Trends (Regular Season)",17,"Rachel M",9.1%,"1/11",false
"% of 4th Place Finishes","Last 2 Seasons","Trends (Regular Season)",17,"Ashley",9.1%,"1/11",false
"% of 4th Place Finishes","Last 2 Seasons","Trends (Regular Season)",17,"Cody",9.1%,"1/11",false
"% of 4th Place Finishes","Last 2 Seasons","Trends (Regular Season)",17,"Austin",9.1%,"1/11",false
"Top Half Finish % (1st/2nd)","Last 2 Seasons","Trends (Regular Season)",1,"Austin",81.8%,"9/11",false
"Top Half Finish % (1st/2nd)","Last 2 Seasons","Trends (Regular Season)",2,"Rachel M",72.7%,"8/11",false
"Top Half Finish % (1st/2nd)","Last 2 Seasons","Trends (Regular Season)",2,"Jack M",72.7%,"8/11",false
"Top Half Finish % (1st/2nd)","Last 2 Seasons","Trends (Regular Season)",4,"Sam",63.6%,"7/11",false
"Top Half Finish % (1st/2nd)","Last 2 Seasons","Trends (Regular Season)",4,"Michael",63.6%,"7/11",false
"Top Half Finish % (1st/2nd)","Last 2 Seasons","Trends (Regular Season)",4,"Cody",63.6%,"7/11",false
"Top Half Finish % (1st/2nd)","Last 2 Seasons","Trends (Regular Season)",4,"Ian",63.6%,"7/11",false
"Top Half Finish % (1st/2nd)","Last 2 Seasons","Trends (Regular Season)",8,"Richie",54.5%,"6/11",false
"Top Half Finish % (1st/2nd)","Last 2 Seasons","Trends (Regular Season)",8,"Ashley",54.5%,"6/11",false
"Top Half Finish % (1st/2nd)","Last 2 Seasons","Trends (Regular Season)",8,"Nick",54.5%,"6/11",false
"Top Half Finish % (1st/2nd)","Last 2 Seasons","Trends (Regular Season)",8,"Tyler",54.5%,"6/11",false
"Top Half Finish % (1st/2nd)","Last 2 Seasons","Trends (Regular Season)",12,"Josh",45.5%,"5/11",false
"Top Half Finish % (1st/2nd)","Last 2 Seasons","Trends (Regular Season)",12,"Rachel F",45.5%,"5/11",false
"Top Half Finish % (1st/2nd)","Last 2 Seasons","Trends (Regular Season)",12,"Dan",45.5%,"5/11",false
"Top Half Finish % (1st/2nd)","Last 2 Seasons","Trends (Regular Season)",15,"Steve",36.4%,"4/11",false
"Top Half Finish % (1st/2nd)","Last 2 Seasons","Trends (Regular Season)",15,"Brittany",36.4%,"4/11",false
"Top Half Finish % (1st/2nd)","Last 2 Seasons","Trends (Regular Season)",17,"Jack C",27.3%,"3/11",false
"Top Half Finish % (1st/2nd)","Last 2 Seasons","Trends (Regular Season)",17,"Carly",27.3%,"3/11",false
"Top Half Finish % (1st/2nd)","Last 2 Seasons","Trends (Regular Season)",19,"Ryan",18.2%,"2/11",false
"Top Half Finish % (1st/2nd)","Last 2 Seasons","Trends (Regular Season)",19,"Emma",18.2%,"2/11",false
"Bottom Half Finish % (3rd/4th)","Last 2 Seasons","Trends (Regular Season)",1,"Ryan",81.8%,"9/11",false
"Bottom Half Finish % (3rd/4th)","Last 2 Seasons","Trends (Regular Season)",1,"Emma",81.8%,"9/11",false
"Bottom Half Finish % (3rd/4th)","Last 2 Seasons","Trends (Regular Season)",3,"Jack C",72.7%,"8/11",false
"Bottom Half Finish % (3rd/4th)","Last 2 Seasons","Trends (Regular Season)",3,"Carly",72.7%,"8/11",false
"Bottom Half Finish % (3rd/4th)","Last 2 Seasons","Trends (Regular Season)",5,"Steve",63.6%,"7/11",false
"Bottom Half Finish % (3rd/4th)","Last 2 Seasons","Trends (Regular Season)",5,"Brittany",63.6%,"7/11",false
"Bottom Half Finish % (3rd/4th)","Last 2 Seasons","Trends (Regular Season)",7,"Josh",54.5%,"6/11",false
"Bottom Half Finish % (3rd/4th)","Last 2 Seasons","Trends (Regular Season)",7,"Rachel F",54.5%,"6/11",false
"Bottom Half Finish % (3rd/4th)","Last 2 Seasons","Trends (Regular Season)",7,"Dan",54.5%,"6/11",false
"Bottom Half Finish % (3rd/4th)","Last 2 Seasons","Trends (Regular Season)",10,"Richie",45.5%,"5/11",false
"Bottom Half Finish % (3rd/4th)","Last 2 Seasons","Trends (Regular Season)",10,"Ashley",45.5%,"5/11",false
"Bottom Half Finish % (3rd/4th)","Last 2 Seasons","Trends (Regular Season)",10,"Nick",45.5%,"5/11",false
"Bottom Half Finish % (3rd/4th)","Last 2 Seasons","Trends (Regular Season)",10,"Tyler",45.5%,"5/11",false
"Bottom Half Finish % (3rd/4th)","Last 2 Seasons","Trends (Regular Season)",14,"Sam",36.4%,"4/11",false
"Bottom Half Finish % (3rd/4th)","Last 2 Seasons","Trends (Regular Season)",14,"Michael",36.4%,"4/11",false
"Bottom Half Finish % (3rd/4th)","Last 2 Seasons","Trends (Regular Season)",14,"Cody",36.4%,"4/11",false
"Bottom Half Finish % (3rd/4th)","Last 2 Seasons","Trends (Regular Season)",14,"Ian",36.4%,"4/11",false
"Bottom Half Finish % (3rd/4th)","Last 2 Seasons","Trends (Regular Season)",18,"Rachel M",27.3%,"3/11",false
"Bottom Half Finish % (3rd/4th)","Last 2 Seasons","Trends (Regular Season)",18,"Jack M",27.3%,"3/11",false
"Bottom Half Finish % (3rd/4th)","Last 2 Seasons","Trends (Regular Season)",20,"Austin",18.2%,"2/11",false
"Average Points per Game","Last 3 Seasons","Trends (Regular Season)",1,"Cody",2.00,"17 games",false
"Average Points per Game","Last 3 Seasons","Trends (Regular Season)",2,"Michael",1.94,"17 games",false
"Average Points per Game","Last 3 Seasons","Trends (Regular Season)",2,"Austin",1.94,"17 games",false
"Average Points per Game","Last 3 Seasons","Trends (Regular Season)",4,"Rachel M",1.88,"17 games",false
"Average Points per Game","Last 3 Seasons","Trends (Regular Season)",5,"Richie",1.82,"17 games",false
"Average Points per Game","Last 3 Seasons","Trends (Regular Season)",6,"Ashley",1.76,"17 games",false
"Average Points per Game","Last 3 Seasons","Trends (Regular Season)",6,"Rachel F",1.76,"17 games",false
"Average Points per Game","Last 3 Seasons","Trends (Regular Season)",6,"Nick",1.76,"17 games",false
"Average Points per Game","Last 3 Seasons","Trends (Regular Season)",9,"Jack M",1.71,"17 games",false
"Average Points per Game","Last 3 Seasons","Trends (Regular Season)",9,"Sam",1.71,"17 games",false
"Average Points per Game","Last 3 Seasons","Trends (Regular Season)",11,"Ian",1.53,"17 games",false
"Average Points per Game","Last 3 Seasons","Trends (Regular Season)",12,"Dan",1.41,"17 games",false
"Average Points per Game","Last 3 Seasons","Trends (Regular Season)",12,"Josh",1.41,"17 games",false
"Average Points per Game","Last 3 Seasons","Trends (Regular Season)",14,"Brittany",1.36,"11 games",false
"Average Points per Game","Last 3 Seasons","Trends (Regular Season)",15,"Carly",1.29,"17 games",false
"Average Points per Game","Last 3 Seasons","Trends (Regular Season)",16,"Tyler",1.24,"17 games",false
"Average Points per Game","Last 3 Seasons","Trends (Regular Season)",17,"Jennie",1.17,"6 games",false
"Average Points per Game","Last 3 Seasons","Trends (Regular Season)",18,"Jack C",1.09,"11 games",false
"Average Points per Game","Last 3 Seasons","Trends (Regular Season)",19,"Ryan",1.06,"17 games",false
"Average Points per Game","Last 3 Seasons","Trends (Regular Season)",20,"Allie",0.83,"6 games",false
"Average Points per Game","Last 3 Seasons","Trends (Regular Season)",21,"Emma",0.82,"17 games",false
"Average Points per Game","Last 3 Seasons","Trends (Regular Season)",22,"Steve",0.76,"17 games",false
"Win %","Last 3 Seasons","Trends (Regular Season)",1,"Richie",47.1%,"8/17",false
"Win %","Last 3 Seasons","Trends (Regular Season)",2,"Cody",41.2%,"7/17",false
"Win %","Last 3 Seasons","Trends (Regular Season)",2,"Michael",41.2%,"7/17",false
"Win %","Last 3 Seasons","Trends (Regular Season)",4,"Ashley",35.3%,"6/17",false
"Win %","Last 3 Seasons","Trends (Regular Season)",4,"Carly",35.3%,"6/17",false
"Win %","Last 3 Seasons","Trends (Regular Season)",4,"Sam",35.3%,"6/17",false
"Win %","Last 3 Seasons","Trends (Regular Season)",7,"Rachel M",29.4%,"5/17",false
"Win %","Last 3 Seasons","Trends (Regular Season)",7,"Rachel F",29.4%,"5/17",false
"Win %","Last 3 Seasons","Trends (Regular Season)",7,"Ian",29.4%,"5/17",false
"Win %","Last 3 Seasons","Trends (Regular Season)",7,"Austin",29.4%,"5/17",false
"Win %","Last 3 Seasons","Trends (Regular Season)",7,"Nick",29.4%,"5/17",false
"Win %","Last 3 Seasons","Trends (Regular Season)",12,"Jack M",23.5%,"4/17",false
"Win %","Last 3 Seasons","Trends (Regular Season)",12,"Ryan",23.5%,"4/17",false
"Win %","Last 3 Seasons","Trends (Regular Season)",12,"Dan",23.5%,"4/17",false
"Win %","Last 3 Seasons","Trends (Regular Season)",12,"Josh",23.5%,"4/17",false
"Win %","Last 3 Seasons","Trends (Regular Season)",16,"Brittany",18.2%,"2/11",false
"Win %","Last 3 Seasons","Trends (Regular Season)",17,"Jennie",16.7%,"1/6",false
"Win %","Last 3 Seasons","Trends (Regular Season)",18,"Jack C",9.1%,"1/11",false
"Win %","Last 3 Seasons","Trends (Regular Season)",19,"Steve",5.9%,"1/17",false
"Win %","Last 3 Seasons","Trends (Regular Season)",20,"Tyler",0.0%,"0/17",false
"Win %","Last 3 Seasons","Trends (Regular Season)",20,"Allie",0.0%,"0/6",false
"Win %","Last 3 Seasons","Trends (Regular Season)",20,"Emma",0.0%,"0/17",false
"% of 2nd Place Finishes","Last 3 Seasons","Trends (Regular Season)",1,"Tyler",52.9%,"9/17",false
"% of 2nd Place Finishes","Last 3 Seasons","Trends (Regular Season)",2,"Austin",47.1%,"8/17",false
"% of 2nd Place Finishes","Last 3 Seasons","Trends (Regular Season)",3,"Jack M",41.2%,"7/17",false
"% of 2nd Place Finishes","Last 3 Seasons","Trends (Regular Season)",3,"Rachel M",41.2%,"7/17",false
"% of 2nd Place Finishes","Last 3 Seasons","Trends (Regular Season)",5,"Nick",35.3%,"6/17",false
"% of 2nd Place Finishes","Last 3 Seasons","Trends (Regular Season)",6,"Allie",33.3%,"2/6",false
"% of 2nd Place Finishes","Last 3 Seasons","Trends (Regular Season)",7,"Rachel F",29.4%,"5/17",false
"% of 2nd Place Finishes","Last 3 Seasons","Trends (Regular Season)",8,"Cody",23.5%,"4/17",false
"% of 2nd Place Finishes","Last 3 Seasons","Trends (Regular Season)",8,"Emma",23.5%,"4/17",false
"% of 2nd Place Finishes","Last 3 Seasons","Trends (Regular Season)",8,"Michael",23.5%,"4/17",false
"% of 2nd Place Finishes","Last 3 Seasons","Trends (Regular Season)",8,"Josh",23.5%,"4/17",false
"% of 2nd Place Finishes","Last 3 Seasons","Trends (Regular Season)",12,"Jack C",18.2%,"2/11",false
"% of 2nd Place Finishes","Last 3 Seasons","Trends (Regular Season)",12,"Brittany",18.2%,"2/11",false
"% of 2nd Place Finishes","Last 3 Seasons","Trends (Regular Season)",14,"Richie",17.6%,"3/17",false
"% of 2nd Place Finishes","Last 3 Seasons","Trends (Regular Season)",14,"Ashley",17.6%,"3/17",false
"% of 2nd Place Finishes","Last 3 Seasons","Trends (Regular Season)",14,"Dan",17.6%,"3/17",false
"% of 2nd Place Finishes","Last 3 Seasons","Trends (Regular Season)",14,"Ian",17.6%,"3/17",false
"% of 2nd Place Finishes","Last 3 Seasons","Trends (Regular Season)",14,"Steve",17.6%,"3/17",false
"% of 2nd Place Finishes","Last 3 Seasons","Trends (Regular Season)",14,"Sam",17.6%,"3/17",false
"% of 2nd Place Finishes","Last 3 Seasons","Trends (Regular Season)",20,"Jennie",16.7%,"1/6",false
"% of 2nd Place Finishes","Last 3 Seasons","Trends (Regular Season)",21,"Ryan",11.8%,"2/17",false
"% of 2nd Place Finishes","Last 3 Seasons","Trends (Regular Season)",22,"Carly",0.0%,"0/17",false
"% of 3rd Place Finishes","Last 3 Seasons","Trends (Regular Season)",1,"Jack C",45.5%,"5/11",false
"% of 3rd Place Finishes","Last 3 Seasons","Trends (Regular Season)",1,"Brittany",45.5%,"5/11",false
"% of 3rd Place Finishes","Last 3 Seasons","Trends (Regular Season)",3,"Emma",35.3%,"6/17",false
"% of 3rd Place Finishes","Last 3 Seasons","Trends (Regular Season)",3,"Ashley",35.3%,"6/17",false
"% of 3rd Place Finishes","Last 3 Seasons","Trends (Regular Season)",3,"Dan",35.3%,"6/17",false
"% of 3rd Place Finishes","Last 3 Seasons","Trends (Regular Season)",6,"Jennie",33.3%,"2/6",false
"% of 3rd Place Finishes","Last 3 Seasons","Trends (Regular Season)",7,"Cody",29.4%,"5/17",false
"% of 3rd Place Finishes","Last 3 Seasons","Trends (Regular Season)",7,"Rachel F",29.4%,"5/17",false
"% of 3rd Place Finishes","Last 3 Seasons","Trends (Regular Season)",7,"Ian",29.4%,"5/17",false
"% of 3rd Place Finishes","Last 3 Seasons","Trends (Regular Season)",7,"Sam",29.4%,"5/17",false
"% of 3rd Place Finishes","Last 3 Seasons","Trends (Regular Season)",11,"Michael",23.5%,"4/17",false
"% of 3rd Place Finishes","Last 3 Seasons","Trends (Regular Season)",11,"Carly",23.5%,"4/17",false
"% of 3rd Place Finishes","Last 3 Seasons","Trends (Regular Season)",11,"Josh",23.5%,"4/17",false
"% of 3rd Place Finishes","Last 3 Seasons","Trends (Regular Season)",11,"Steve",23.5%,"4/17",false
"% of 3rd Place Finishes","Last 3 Seasons","Trends (Regular Season)",15,"Tyler",17.6%,"3/17",false
"% of 3rd Place Finishes","Last 3 Seasons","Trends (Regular Season)",15,"Jack M",17.6%,"3/17",false
"% of 3rd Place Finishes","Last 3 Seasons","Trends (Regular Season)",15,"Rachel M",17.6%,"3/17",false
"% of 3rd Place Finishes","Last 3 Seasons","Trends (Regular Season)",15,"Nick",17.6%,"3/17",false
"% of 3rd Place Finishes","Last 3 Seasons","Trends (Regular Season)",19,"Allie",16.7%,"1/6",false
"% of 3rd Place Finishes","Last 3 Seasons","Trends (Regular Season)",20,"Ryan",11.8%,"2/17",false
"% of 3rd Place Finishes","Last 3 Seasons","Trends (Regular Season)",20,"Austin",11.8%,"2/17",false
"% of 3rd Place Finishes","Last 3 Seasons","Trends (Regular Season)",22,"Richie",5.9%,"1/17",false
"% of 4th Place Finishes","Last 3 Seasons","Trends (Regular Season)",1,"Ryan",52.9%,"9/17",false
"% of 4th Place Finishes","Last 3 Seasons","Trends (Regular Season)",1,"Steve",52.9%,"9/17",false
"% of 4th Place Finishes","Last 3 Seasons","Trends (Regular Season)",3,"Allie",50.0%,"3/6",false
"% of 4th Place Finishes","Last 3 Seasons","Trends (Regular Season)",4,"Emma",41.2%,"7/17",false
"% of 4th Place Finishes","Last 3 Seasons","Trends (Regular Season)",4,"Carly",41.2%,"7/17",false
"% of 4th Place Finishes","Last 3 Seasons","Trends (Regular Season)",6,"Jennie",33.3%,"2/6",false
"% of 4th Place Finishes","Last 3 Seasons","Trends (Regular Season)",7,"Richie",29.4%,"5/17",false
"% of 4th Place Finishes","Last 3 Seasons","Trends (Regular Season)",7,"Tyler",29.4%,"5/17",false
"% of 4th Place Finishes","Last 3 Seasons","Trends (Regular Season)",7,"Josh",29.4%,"5/17",false
"% of 4th Place Finishes","Last 3 Seasons","Trends (Regular Season)",10,"Jack C",27.3%,"3/11",false
"% of 4th Place Finishes","Last 3 Seasons","Trends (Regular Season)",11,"Dan",23.5%,"4/17",false
"% of 4th Place Finishes","Last 3 Seasons","Trends (Regular Season)",11,"Ian",23.5%,"4/17",false
"% of 4th Place Finishes","Last 3 Seasons","Trends (Regular Season)",13,"Brittany",18.2%,"2/11",false
"% of 4th Place Finishes","Last 3 Seasons","Trends (Regular Season)",14,"Jack M",17.6%,"3/17",false
"% of 4th Place Finishes","Last 3 Seasons","Trends (Regular Season)",14,"Nick",17.6%,"3/17",false
"% of 4th Place Finishes","Last 3 Seasons","Trends (Regular Season)",14,"Sam",17.6%,"3/17",false
"% of 4th Place Finishes","Last 3 Seasons","Trends (Regular Season)",17,"Rachel M",11.8%,"2/17",false
"% of 4th Place Finishes","Last 3 Seasons","Trends (Regular Season)",17,"Michael",11.8%,"2/17",false
"% of 4th Place Finishes","Last 3 Seasons","Trends (Regular Season)",17,"Ashley",11.8%,"2/17",false
"% of 4th Place Finishes","Last 3 Seasons","Trends (Regular Season)",17,"Rachel F",11.8%,"2/17",false
"% of 4th Place Finishes","Last 3 Seasons","Trends (Regular Season)",17,"Austin",11.8%,"2/17",false
"% of 4th Place Finishes","Last 3 Seasons","Trends (Regular Season)",22,"Cody",5.9%,"1/17",false
"Top Half Finish % (1st/2nd)","Last 3 Seasons","Trends (Regular Season)",1,"Austin",76.5%,"13/17",false
"Top Half Finish % (1st/2nd)","Last 3 Seasons","Trends (Regular Season)",2,"Rachel M",70.6%,"12/17",false
"Top Half Finish % (1st/2nd)","Last 3 Seasons","Trends (Regular Season)",3,"Richie",64.7%,"11/17",false
"Top Half Finish % (1st/2nd)","Last 3 Seasons","Trends (Regular Season)",3,"Cody",64.7%,"11/17",false
"Top Half Finish % (1st/2nd)","Last 3 Seasons","Trends (Regular Season)",3,"Jack M",64.7%,"11/17",false
"Top Half Finish % (1st/2nd)","Last 3 Seasons","Trends (Regular Season)",3,"Michael",64.7%,"11/17",false
"Top Half Finish % (1st/2nd)","Last 3 Seasons","Trends (Regular Season)",3,"Nick",64.7%,"11/17",false
"Top Half Finish % (1st/2nd)","Last 3 Seasons","Trends (Regular Season)",8,"Rachel F",58.8%,"10/17",false
"Top Half Finish % (1st/2nd)","Last 3 Seasons","Trends (Regular Season)",9,"Tyler",52.9%,"9/17",false
"Top Half Finish % (1st/2nd)","Last 3 Seasons","Trends (Regular Season)",9,"Ashley",52.9%,"9/17",false
"Top Half Finish % (1st/2nd)","Last 3 Seasons","Trends (Regular Season)",9,"Sam",52.9%,"9/17",false
"Top Half Finish % (1st/2nd)","Last 3 Seasons","Trends (Regular Season)",12,"Josh",47.1%,"8/17",false
"Top Half Finish % (1st/2nd)","Last 3 Seasons","Trends (Regular Season)",12,"Ian",47.1%,"8/17",false
"Top Half Finish % (1st/2nd)","Last 3 Seasons","Trends (Regular Season)",14,"Dan",41.2%,"7/17",false
"Top Half Finish % (1st/2nd)","Last 3 Seasons","Trends (Regular Season)",15,"Brittany",36.4%,"4/11",false
"Top Half Finish % (1st/2nd)","Last 3 Seasons","Trends (Regular Season)",16,"Ryan",35.3%,"6/17",false
"Top Half Finish % (1st/2nd)","Last 3 Seasons","Trends (Regular Season)",16,"Carly",35.3%,"6/17",false
"Top Half Finish % (1st/2nd)","Last 3 Seasons","Trends (Regular Season)",18,"Allie",33.3%,"2/6",false
"Top Half Finish % (1st/2nd)","Last 3 Seasons","Trends (Regular Season)",18,"Jennie",33.3%,"2/6",false
"Top Half Finish % (1st/2nd)","Last 3 Seasons","Trends (Regular Season)",20,"Jack C",27.3%,"3/11",false
"Top Half Finish % (1st/2nd)","Last 3 Seasons","Trends (Regular Season)",21,"Emma",23.5%,"4/17",false
"Top Half Finish % (1st/2nd)","Last 3 Seasons","Trends (Regular Season)",21,"Steve",23.5%,"4/17",false
"Bottom Half Finish % (3rd/4th)","Last 3 Seasons","Trends (Regular Season)",1,"Emma",76.5%,"13/17",false
"Bottom Half Finish % (3rd/4th)","Last 3 Seasons","Trends (Regular Season)",1,"Steve",76.5%,"13/17",false
"Bottom Half Finish % (3rd/4th)","Last 3 Seasons","Trends (Regular Season)",3,"Jack C",72.7%,"8/11",false
"Bottom Half Finish % (3rd/4th)","Last 3 Seasons","Trends (Regular Season)",4,"Allie",66.7%,"4/6",false
"Bottom Half Finish % (3rd/4th)","Last 3 Seasons","Trends (Regular Season)",4,"Jennie",66.7%,"4/6",false
"Bottom Half Finish % (3rd/4th)","Last 3 Seasons","Trends (Regular Season)",6,"Ryan",64.7%,"11/17",false
"Bottom Half Finish % (3rd/4th)","Last 3 Seasons","Trends (Regular Season)",6,"Carly",64.7%,"11/17",false
"Bottom Half Finish % (3rd/4th)","Last 3 Seasons","Trends (Regular Season)",8,"Brittany",63.6%,"7/11",false
"Bottom Half Finish % (3rd/4th)","Last 3 Seasons","Trends (Regular Season)",9,"Dan",58.8%,"10/17",false
"Bottom Half Finish % (3rd/4th)","Last 3 Seasons","Trends (Regular Season)",10,"Josh",52.9%,"9/17",false
"Bottom Half Finish % (3rd/4th)","Last 3 Seasons","Trends (Regular Season)",10,"Ian",52.9%,"9/17",false
"Bottom Half Finish % (3rd/4th)","Last 3 Seasons","Trends (Regular Season)",12,"Tyler",47.1%,"8/17",false
"Bottom Half Finish % (3rd/4th)","Last 3 Seasons","Trends (Regular Season)",12,"Ashley",47.1%,"8/17",false
"Bottom Half Finish % (3rd/4th)","Last 3 Seasons","Trends (Regular Season)",12,"Sam",47.1%,"8/17",false
"Bottom Half Finish % (3rd/4th)","Last 3 Seasons","Trends (Regular Season)",15,"Rachel F",41.2%,"7/17",false
"Bottom Half Finish % (3rd/4th)","Last 3 Seasons","Trends (Regular Season)",16,"Richie",35.3%,"6/17",false
"Bottom Half Finish % (3rd/4th)","Last 3 Seasons","Trends (Regular Season)",16,"Cody",35.3%,"6/17",false
"Bottom Half Finish % (3rd/4th)","Last 3 Seasons","Trends (Regular Season)",16,"Jack M",35.3%,"6/17",false
"Bottom Half Finish % (3rd/4th)","Last 3 Seasons","Trends (Regular Season)",16,"Michael",35.3%,"6/17",false
"Bottom Half Finish % (3rd/4th)","Last 3 Seasons","Trends (Regular Season)",16,"Nick",35.3%,"6/17",false
"Bottom Half Finish % (3rd/4th)","Last 3 Seasons","Trends (Regular Season)",21,"Rachel M",29.4%,"5/17",false
"Bottom Half Finish % (3rd/4th)","Last 3 Seasons","Trends (Regular Season)",22,"Austin",23.5%,"4/17",false